製造指示番号,製番,工程順,工程指示番号,工程名,工程コード,品目コード,品目グループコード,作業区コード,指示数,標準時間,段取り標準時間,合計標準時間,開始予定日時,終了予定日時,特記事項,設備コード(実績),担当者社員番号(実績),担当者(実績),段取り時間,出来高数,達成率,不良数,不良率,作業開始日時,作業終了日時,合計稼働時間,実稼働時間,中断時間,保留時間,備考,ステータス,最終更新日時
CASE-PO-000001,CASE-PN-000001,1,CASE-PO-000001_1,部品準備,A010,MB000103,MG001,WC000051,87,45,10,55,2026/05/14 08:30:00,2026/05/14 09:25:00,,EQ-A010,9003,佐藤 次郎,10,86,98.9,0,0.0,2026/05/14 08:30:00,2026/05/14 09:12:39,,,,,,完了,2026/05/14 09:12:39
CASE-PO-000001,CASE-PN-000001,2,CASE-PO-000001_2,一次組立,A020,MB000103,MG001,WC000052,87,180,25,205,2026/05/14 11:58:51,2026/05/14 15:23:51,,EQ-A020,9003,佐藤 次郎,25,85,97.7,1,1.1,2026/05/14 11:58:51,2026/05/14 15:06:56,,,,,,完了,2026/05/14 15:06:56
CASE-PO-000001,CASE-PN-000001,3,CASE-PO-000001_3,二次組立,A030,MB000103,MG001,WC000053,87,150,20,170,2026/05/14 18:13:43,2026/05/15 11:20:00,,EQ-A030,9003,佐藤 次郎,20,86,98.9,1,1.1,2026/05/15 08:30:00,2026/05/15 11:10:33,,,,,,完了,2026/05/15 11:10:33
CASE-PO-000001,CASE-PN-000001,4,CASE-PO-000001_4,完成検査,A040,MB000103,MG001,WC000054,87,60,0,60,2026/05/15 15:11:21,2026/05/15 16:11:21,,EQ-A040,9003,佐藤 次郎,,,,,,2026/05/15 15:11:21,,,,,,,生産中,2026/05/15 16:11:21
CASE-PO-000002,CASE-PN-000002,1,CASE-PO-000002_1,部品準備,A010,MB000102,MG001,WC000051,187,45,10,55,2026/06/24 08:30:00,2026/06/24 09:25:00,,EQ-A010,9003,佐藤 次郎,10,184,98.4,1,0.5,2026/06/24 08:30:00,2026/06/24 09:13:25,,,,,,完了,2026/06/24 09:13:25
CASE-PO-000002,CASE-PN-000002,2,CASE-PO-000002_2,一次組立,A020,MB000102,MG001,WC000052,187,180,25,205,2026/06/24 15:05:12,2026/06/25 09:30:00,,EQ-A020,9003,佐藤 次郎,25,186,99.5,4,2.1,2026/06/24 15:05:12,2026/06/25 08:48:29,,,,,,完了,2026/06/25 08:48:29
CASE-PO-000002,CASE-PN-000002,3,CASE-PO-000002_3,二次組立,A030,MB000102,MG001,WC000053,187,150,20,170,2026/06/25 14:50:08,2026/06/26 08:40:00,,EQ-A030,9003,佐藤 次郎,20,185,98.9,1,0.5,2026/06/25 14:50:08,2026/06/26 08:56:22,,,,,,完了,2026/06/26 08:56:22
CASE-PO-000002,CASE-PN-000002,4,CASE-PO-000002_4,完成検査,A040,MB000102,MG001,WC000054,187,60,0,60,2026/06/26 10:38:39,2026/06/26 11:38:39,,EQ-A040,9003,佐藤 次郎,0,187,100.0,2,1.1,2026/06/26 10:38:39,2026/06/26 11:42:14,,,,,,完了,2026/06/26 11:42:14
CASE-PO-000003,CASE-PN-000003,1,CASE-PO-000003_1,部品準備,A010,MB000101,MG001,WC000051,58,45,10,55,2026/06/25 08:30:00,2026/06/25 09:25:00,,EQ-A010,9004,田中 三郎,10,57,98.3,0,0.0,2026/06/25 08:30:00,2026/06/25 09:10:10,,,,,,完了,2026/06/25 09:10:10
CASE-PO-000003,CASE-PN-000003,2,CASE-PO-000003_2,一次組立,A020,MB000101,MG001,WC000052,58,180,25,205,2026/06/25 14:38:16,2026/06/26 09:03:00,,EQ-A020,9004,田中 三郎,25,57,98.3,1,1.7,2026/06/25 14:38:16,2026/06/26 09:22:06,,,,,,完了,2026/06/26 09:22:06
CASE-PO-000003,CASE-PN-000003,3,CASE-PO-000003_3,二次組立,A030,MB000101,MG001,WC000053,58,150,20,170,2026/06/26 16:42:20,2026/06/29 10:32:00,,EQ-A030,9004,田中 三郎,20,57,98.3,0,0.0,2026/06/26 16:42:20,2026/06/29 10:39:42,,,,,,完了,2026/06/29 10:39:42
CASE-PO-000003,CASE-PN-000003,4,CASE-PO-000003_4,完成検査,A040,MB000101,MG001,WC000054,58,60,0,60,2026/06/29 14:58:08,2026/06/29 15:58:08,,EQ-A040,9004,田中 三郎,0,57,98.3,1,1.7,2026/06/29 14:58:08,2026/06/29 16:01:22,,,,,,完了,2026/06/29 16:01:22
CASE-PO-000004,CASE-PN-000004,1,CASE-PO-000004_1,部品準備,A010,MB000101,MG001,WC000051,47,45,10,55,2026/05/29 08:30:00,2026/05/29 09:25:00,,EQ-A010,9003,佐藤 次郎,10,46,97.9,0,0.0,2026/05/29 08:30:00,2026/05/29 09:16:00,,,,,,完了,2026/05/29 09:16:00
CASE-PO-000004,CASE-PN-000004,2,CASE-PO-000004_2,一次組立,A020,MB000101,MG001,WC000052,47,180,25,205,2026/05/29 14:00:26,2026/05/29 17:25:26,,EQ-A020,9003,佐藤 次郎,25,46,97.9,1,2.1,2026/05/29 14:00:26,2026/06/01 08:35:24,,,,,,完了,2026/06/01 08:35:24
CASE-PO-000004,CASE-PN-000004,3,CASE-PO-000004_3,二次組立,A030,MB000101,MG001,WC000053,47,150,20,170,2026/06/01 15:27:40,2026/06/02 09:17:00,,EQ-A030,9003,佐藤 次郎,20,47,100.0,0,0.0,2026/06/01 15:27:40,2026/06/02 08:47:40,,,,,,完了,2026/06/02 08:47:40
CASE-PO-000004,CASE-PN-000004,4,CASE-PO-000004_4,完成検査,A040,MB000101,MG001,WC000054,47,60,0,60,2026/06/02 13:13:02,2026/06/02 14:13:02,,EQ-A040,9003,佐藤 次郎,0,46,97.9,0,0.0,2026/06/02 13:13:02,2026/06/02 14:14:57,,,,,,完了,2026/06/02 14:14:57
CASE-PO-000005,CASE-PN-000005,1,CASE-PO-000005_1,部品準備,A010,MB000101,MG001,WC000051,85,45,10,55,2026/06/29 08:30:00,2026/06/29 09:25:00,,EQ-A010,9005,高橋 四郎,10,85,100.0,0,0.0,2026/06/29 08:30:00,2026/06/29 09:20:58,,,,,,完了,2026/06/29 09:20:58
CASE-PO-000005,CASE-PN-000005,2,CASE-PO-000005_2,一次組立,A020,MB000101,MG001,WC000052,85,180,25,205,2026/06/29 12:52:48,2026/06/29 16:17:48,,EQ-A020,9005,高橋 四郎,25,84,98.8,1,1.2,2026/06/29 12:52:48,2026/06/29 15:27:31,,,,,,完了,2026/06/29 15:27:31
CASE-PO-000005,CASE-PN-000005,3,CASE-PO-000005_3,二次組立,A030,MB000101,MG001,WC000053,85,150,20,170,2026/06/29 20:15:10,2026/06/30 11:20:00,,EQ-A030,9005,高橋 四郎,20,85,100.0,0,0.0,2026/06/30 08:30:00,2026/06/30 10:44:05,,,,,,完了,2026/06/30 10:44:05
CASE-PO-000005,CASE-PN-000005,4,CASE-PO-000005_4,完成検査,A040,MB000101,MG001,WC000054,85,60,0,60,2026/06/30 18:40:10,2026/07/01 09:30:00,,EQ-A040,9005,高橋 四郎,0,83,97.6,1,1.2,2026/07/01 08:30:00,2026/07/01 09:33:48,,,,,,完了,2026/07/01 09:33:48
CASE-PO-000006,CASE-PN-000006,1,CASE-PO-000006_1,部品準備,A010,MB000102,MG001,WC000051,178,45,10,55,2026/06/22 08:30:00,2026/06/22 09:25:00,,EQ-A010,9004,田中 三郎,10,174,97.8,2,1.1,2026/06/22 08:30:00,2026/06/22 09:21:06,,,,,,完了,2026/06/22 09:21:06
CASE-PO-000006,CASE-PN-000006,2,CASE-PO-000006_2,一次組立,A020,MB000102,MG001,WC000052,178,180,25,205,2026/06/22 16:44:33,2026/06/23 11:09:00,,EQ-A020,9004,田中 三郎,25,173,97.2,3,1.7,2026/06/22 16:44:33,2026/06/23 11:22:33,,,,,,完了,2026/06/23 11:22:33
CASE-PO-000006,CASE-PN-000006,3,CASE-PO-000006_3,二次組立,A030,MB000102,MG001,WC000053,178,150,20,170,2026/06/23 17:46:34,2026/06/24 11:20:00,,EQ-A030,9004,田中 三郎,20,175,98.3,1,0.6,2026/06/24 08:30:00,2026/06/24 11:33:46,,,,,,完了,2026/06/24 11:33:46
CASE-PO-000006,CASE-PN-000006,4,CASE-PO-000006_4,完成検査,A040,MB000102,MG001,WC000054,178,60,0,60,2026/06/24 19:12:59,2026/06/25 09:30:00,,EQ-A040,9004,田中 三郎,0,175,98.3,2,1.1,2026/06/25 08:30:00,2026/06/25 09:24:22,,,,,,完了,2026/06/25 09:24:22
CASE-PO-000007,CASE-PN-000007,1,CASE-PO-000007_1,部品準備,A010,MB000103,MG001,WC000051,66,45,10,55,2026/06/26 08:30:00,2026/06/26 09:25:00,,EQ-A010,9003,佐藤 次郎,10,65,98.5,1,1.5,2026/05/08 15:30:00,2026/05/08 17:00:00,,,,,,完了,2026/05/08 17:00:00
CASE-PO-000007,CASE-PN-000007,2,CASE-PO-000007_2,一次組立,A020,MB000103,MG001,WC000052,66,180,25,205,2026/05/08 19:37:18,2026/05/11 11:55:00,,EQ-A020,9003,佐藤 次郎,25,65,98.5,0,0.0,2026/05/11 08:30:00,2026/05/11 11:30:00,,,,,,完了,2026/05/11 11:30:00
CASE-PO-000007,CASE-PN-000007,3,CASE-PO-000007_3,二次組立,A030,MB000103,MG001,WC000053,66,150,20,170,2026/05/11 19:10:06,2026/05/12 11:20:00,,EQ-A030,9003,佐藤 次郎,20,65,98.5,1,1.5,2026/05/12 08:30:00,2026/05/12 11:14:31,,,,,,完了,2026/05/12 11:14:31
CASE-PO-000007,CASE-PN-000007,4,CASE-PO-000007_4,完成検査,A040,MB000103,MG001,WC000054,66,60,0,60,2026/05/12 14:34:52,2026/05/12 15:34:52,,EQ-A040,9003,佐藤 次郎,0,65,98.5,1,1.5,2026/05/12 14:34:52,2026/05/12 15:41:46,,,,,,完了,2026/05/12 15:41:46
CASE-PO-000008,CASE-PN-000008,1,CASE-PO-000008_1,部品準備,A010,MB000103,MG001,WC000051,77,45,10,55,2026/05/12 08:30:00,2026/05/12 09:25:00,,EQ-A010,9005,高橋 四郎,10,75,97.4,0,0.0,2026/05/12 08:30:00,2026/05/12 09:10:36,,,,,,完了,2026/05/12 09:10:36
CASE-PO-000008,CASE-PN-000008,2,CASE-PO-000008_2,一次組立,A020,MB000103,MG001,WC000052,77,180,25,205,2026/05/12 10:16:32,2026/05/12 13:41:32,,EQ-A020,9005,高橋 四郎,25,76,98.7,0,0.0,2026/05/12 10:16:32,2026/05/12 13:50:28,,,,,,完了,2026/05/12 13:50:28
CASE-PO-000008,CASE-PN-000008,3,CASE-PO-000008_3,二次組立,A030,MB000103,MG001,WC000053,77,150,20,170,2026/05/13 01:00:06,2026/05/13 11:20:00,,EQ-A030,9005,高橋 四郎,20,76,98.7,1,1.3,2026/05/13 08:30:00,2026/05/13 11:22:34,,,,,,完了,2026/05/13 11:22:34
CASE-PO-000008,CASE-PN-000008,4,CASE-PO-000008_4,完成検査,A040,MB000103,MG001,WC000054,77,60,0,60,2026/05/13 19:50:53,2026/05/14 09:30:00,,EQ-A040,9005,高橋 四郎,0,76,98.7,1,1.3,2026/05/14 08:30:00,2026/05/14 09:24:14,,,,,,完了,2026/05/14 09:24:14
CASE-PO-000009,CASE-PN-000009,1,CASE-PO-000009_1,部品準備,A010,MB000102,MG001,WC000051,177,45,10,55,2026/05/18 08:30:00,2026/05/18 09:25:00,,EQ-A010,9005,高橋 四郎,10,175,98.9,1,0.6,2026/05/18 08:30:00,2026/05/18 09:24:15,,,,,,完了,2026/05/18 09:24:15
CASE-PO-000009,CASE-PN-000009,2,CASE-PO-000009_2,一次組立,A020,MB000102,MG001,WC000052,177,180,25,205,2026/05/18 11:09:14,2026/05/18 14:34:14,,EQ-A020,9005,高橋 四郎,25,172,97.2,1,0.6,2026/05/18 11:09:14,2026/05/18 13:56:59,,,,,,完了,2026/05/18 13:56:59
CASE-PO-000009,CASE-PN-000009,3,CASE-PO-000009_3,二次組立,A030,MB000102,MG001,WC000053,177,150,20,170,2026/05/18 22:39:33,2026/05/19 11:20:00,,EQ-A030,9005,高橋 四郎,20,177,100.0,0,0.0,2026/05/19 08:30:00,2026/05/19 11:12:18,,,,,,完了,2026/05/19 11:12:18
CASE-PO-000009,CASE-PN-000009,4,CASE-PO-000009_4,完成検査,A040,MB000102,MG001,WC000054,177,60,0,60,2026/05/19 15:33:01,2026/05/19 16:33:01,,EQ-A040,9005,高橋 四郎,0,174,98.3,2,1.1,2026/05/19 15:33:01,2026/05/19 16:45:06,,,,,,完了,2026/05/19 16:45:06
CASE-PO-000010,CASE-PN-000010,1,CASE-PO-000010_1,部品準備,A010,MB000102,MG001,WC000051,199,45,10,55,2026/06/12 08:30:00,2026/06/12 09:25:00,,EQ-A010,9005,高橋 四郎,10,195,98.0,0,0.0,2026/06/12 08:30:00,2026/06/12 09:17:18,,,,,,完了,2026/06/12 09:17:18
CASE-PO-000010,CASE-PN-000010,2,CASE-PO-000010_2,一次組立,A020,MB000102,MG001,WC000052,199,180,25,205,2026/06/12 11:34:43,2026/06/12 14:59:43,,EQ-A020,9005,高橋 四郎,25,198,99.5,1,0.5,2026/06/12 11:34:43,2026/06/12 14:32:23,,,,,,完了,2026/06/12 14:32:23
CASE-PO-000010,CASE-PN-000010,3,CASE-PO-000010_3,二次組立,A030,MB000102,MG001,WC000053,199,150,20,170,2026/06/12 23:48:50,2026/06/15 11:20:00,,EQ-A030,9005,高橋 四郎,20,197,99.0,0,0.0,2026/06/15 08:30:00,2026/06/15 11:09:33,,,,,,完了,2026/06/15 11:09:33
CASE-PO-000010,CASE-PN-000010,4,CASE-PO-000010_4,完成検査,A040,MB000102,MG001,WC000054,199,60,0,60,2026/06/15 20:10:36,2026/06/16 09:30:00,,EQ-A040,9005,高橋 四郎,0,198,99.5,1,0.5,2026/06/16 08:30:00,2026/06/16 09:28:07,,,,,,完了,2026/06/16 09:28:07
CASE-PO-000011,CASE-PN-000011,1,CASE-PO-000011_1,部品準備,A010,MB000102,MG001,WC000051,129,45,10,55,2026/06/03 08:30:00,2026/06/03 09:25:00,,EQ-A010,9004,田中 三郎,10,128,99.2,1,0.8,2026/06/03 08:30:00,2026/06/03 09:21:21,,,,,,完了,2026/06/03 09:21:21
CASE-PO-000011,CASE-PN-000011,2,CASE-PO-000011_2,一次組立,A020,MB000102,MG001,WC000052,129,180,25,205,2026/06/03 16:48:49,2026/06/04 11:13:00,,EQ-A020,9004,田中 三郎,25,128,99.2,1,0.8,2026/06/03 16:48:49,2026/06/04 10:46:18,,,,,,完了,2026/06/04 10:46:18
CASE-PO-000011,CASE-PN-000011,3,CASE-PO-000011_3,二次組立,A030,MB000102,MG001,WC000053,129,150,20,170,2026/06/04 14:57:03,2026/06/05 08:47:00,,EQ-A030,9004,田中 三郎,,,,,,2026/06/04 14:57:03,,,,,,,生産中,2026/06/05 08:47:00
CASE-PO-000011,CASE-PN-000011,4,CASE-PO-000011_4,完成検査,A040,MB000102,MG001,WC000054,129,60,0,60,2026/06/05 17:53:33,2026/06/08 09:30:00,,EQ-A040,9004,田中 三郎,,,,,,,,,,,,,開始待ち,2026/06/08 09:30:00
CASE-PO-000012,CASE-PN-000012,1,CASE-PO-000012_1,部品準備,A010,MB000101,MG001,WC000051,58,45,10,55,2026/07/01 08:30:00,2026/07/01 09:25:00,,EQ-A010,9004,田中 三郎,10,57,98.3,1,1.7,2026/07/01 08:30:00,2026/07/01 09:10:19,,,,,,完了,2026/07/01 09:10:19
CASE-PO-000012,CASE-PN-000012,2,CASE-PO-000012_2,一次組立,A020,MB000101,MG001,WC000052,58,180,25,205,2026/07/01 15:11:55,2026/07/02 09:36:00,,EQ-A020,9004,田中 三郎,25,58,100.0,0,0.0,2026/07/01 15:11:55,2026/07/02 08:45:50,,,,,,完了,2026/07/02 08:45:50
CASE-PO-000012,CASE-PN-000012,3,CASE-PO-000012_3,二次組立,A030,MB000101,MG001,WC000053,58,150,20,170,2026/07/02 13:58:05,2026/07/02 16:48:05,,EQ-A030,9004,田中 三郎,20,56,96.6,0,0.0,2026/07/02 13:58:05,2026/07/02 16:46:51,,,,,,完了,2026/07/02 16:46:51
CASE-PO-000012,CASE-PN-000012,4,CASE-PO-000012_4,完成検査,A040,MB000101,MG001,WC000054,58,60,0,60,2026/07/02 19:41:34,2026/07/03 09:30:00,,EQ-A040,9004,田中 三郎,0,58,100.0,0,0.0,2026/07/03 08:30:00,2026/07/03 09:23:30,,,,,,完了,2026/07/03 09:23:30
CASE-PO-000013,CASE-PN-000013,1,CASE-PO-000013_1,部品準備,A010,MB000103,MG001,WC000051,76,45,10,55,2026/06/23 08:30:00,2026/06/23 09:25:00,,EQ-A010,9005,高橋 四郎,10,74,97.4,0,0.0,2026/06/23 08:30:00,2026/06/23 09:24:58,,,,,,完了,2026/06/23 09:24:58
CASE-PO-000013,CASE-PN-000013,2,CASE-PO-000013_2,一次組立,A020,MB000103,MG001,WC000052,76,180,25,205,2026/06/23 12:47:07,2026/06/23 16:12:07,,EQ-A020,9005,高橋 四郎,25,74,97.4,1,1.3,2026/06/23 12:47:07,2026/06/23 15:58:20,,,,,,完了,2026/06/23 15:58:20
CASE-PO-000013,CASE-PN-000013,3,CASE-PO-000013_3,二次組立,A030,MB000103,MG001,WC000053,76,150,20,170,2026/06/23 18:43:58,2026/06/24 11:20:00,,EQ-A030,9005,高橋 四郎,20,75,98.7,0,0.0,2026/06/24 08:30:00,2026/06/24 10:54:34,,,,,,完了,2026/06/24 10:54:34
CASE-PO-000013,CASE-PN-000013,4,CASE-PO-000013_4,完成検査,A040,MB000103,MG001,WC000054,76,60,0,60,2026/06/24 16:44:10,2026/06/25 08:44:00,,EQ-A040,9005,高橋 四郎,0,75,98.7,0,0.0,2026/06/24 16:44:10,2026/06/25 08:49:21,,,,,,完了,2026/06/25 08:49:21
CASE-PO-000014,CASE-PN-000014,1,CASE-PO-000014_1,部品準備,A010,MB000101,MG001,WC000051,71,45,10,55,2026/06/03 08:30:00,2026/06/03 09:25:00,,EQ-A010,9001,山田 太郎,10,69,97.2,0,0.0,2026/06/03 08:30:00,2026/06/03 09:13:46,,,,,,完了,2026/06/03 09:13:46
CASE-PO-000014,CASE-PN-000014,2,CASE-PO-000014_2,一次組立,A020,MB000101,MG001,WC000052,71,180,25,205,2026/06/03 16:17:01,2026/06/04 10:42:00,,EQ-A020,9001,山田 太郎,25,70,98.6,1,1.4,2026/06/03 16:17:01,2026/06/04 10:37:25,,,,,,完了,2026/06/04 10:37:25
CASE-PO-000014,CASE-PN-000014,3,CASE-PO-000014_3,二次組立,A030,MB000101,MG001,WC000053,71,150,20,170,2026/06/04 22:25:20,2026/06/05 11:20:00,,EQ-A030,9001,山田 太郎,20,71,100.0,1,1.4,2026/06/05 08:30:00,2026/06/05 11:27:49,,,,,,完了,2026/06/05 11:27:49
CASE-PO-000014,CASE-PN-000014,4,CASE-PO-000014_4,完成検査,A040,MB000101,MG001,WC000054,71,60,0,60,2026/06/05 17:41:30,2026/06/08 09:30:00,,EQ-A040,9001,山田 太郎,0,69,97.2,0,0.0,2026/06/08 08:30:00,2026/06/08 09:26:12,,,,,,完了,2026/06/08 09:26:12
CASE-PO-000015,CASE-PN-000015,1,CASE-PO-000015_1,部品準備,A010,MB000101,MG001,WC000051,108,45,10,55,2026/07/02 08:30:00,2026/07/02 09:25:00,,EQ-A010,9003,佐藤 次郎,10,108,100.0,2,1.9,2026/07/02 08:30:00,2026/07/02 09:23:45,,,,,,完了,2026/07/02 09:23:45
CASE-PO-000015,CASE-PN-000015,2,CASE-PO-000015_2,一次組立,A020,MB000101,MG001,WC000052,108,180,25,205,2026/07/02 15:25:31,2026/07/03 09:50:00,,EQ-A020,9003,佐藤 次郎,25,105,97.2,1,0.9,2026/07/02 15:25:31,2026/07/03 09:42:38,,,,,,完了,2026/07/03 09:42:38
CASE-PO-000015,CASE-PN-000015,3,CASE-PO-000015_3,二次組立,A030,MB000101,MG001,WC000053,108,150,20,170,2026/07/03 14:11:16,2026/07/03 17:01:16,,EQ-A030,9003,佐藤 次郎,20,106,98.1,0,0.0,2026/07/03 14:11:16,2026/07/03 16:55:40,,,,,,完了,2026/07/03 16:55:40
CASE-PO-000015,CASE-PN-000015,4,CASE-PO-000015_4,完成検査,A040,MB000101,MG001,WC000054,108,60,0,60,2026/07/04 00:06:21,2026/07/06 09:30:00,,EQ-A040,9003,佐藤 次郎,0,107,99.1,1,0.9,2026/07/06 08:30:00,2026/07/06 09:21:59,,,,,,完了,2026/07/06 09:21:59
CASE-PO-000016,CASE-PN-000016,1,CASE-PO-000016_1,部品準備,A010,MB000101,MG001,WC000051,109,45,10,55,2026/05/21 08:30:00,2026/05/21 09:25:00,,EQ-A010,9005,高橋 四郎,10,107,98.2,0,0.0,2026/05/21 08:30:00,2026/05/21 09:14:03,,,,,,完了,2026/05/21 09:14:03
CASE-PO-000016,CASE-PN-000016,2,CASE-PO-000016_2,一次組立,A020,MB000101,MG001,WC000052,109,180,25,205,2026/05/21 11:50:41,2026/05/21 15:15:41,,EQ-A020,9005,高橋 四郎,25,108,99.1,2,1.8,2026/05/21 11:50:41,2026/05/21 15:00:04,,,,,,完了,2026/05/21 15:00:04
CASE-PO-000016,CASE-PN-000016,3,CASE-PO-000016_3,二次組立,A030,MB000101,MG001,WC000053,109,150,20,170,2026/05/22 00:24:39,2026/05/22 11:20:00,,EQ-A030,9005,高橋 四郎,20,107,98.2,0,0.0,2026/05/22 08:30:00,2026/05/22 11:26:49,,,,,,完了,2026/05/22 11:26:49
CASE-PO-000016,CASE-PN-000016,4,CASE-PO-000016_4,完成検査,A040,MB000101,MG001,WC000054,109,60,0,60,2026/05/22 13:43:32,2026/05/22 14:43:32,,EQ-A040,9005,高橋 四郎,0,109,100.0,2,1.8,2026/05/22 13:43:32,2026/05/22 14:44:20,,,,,,完了,2026/05/22 14:44:20
CASE-PO-000017,CASE-PN-000017,1,CASE-PO-000017_1,部品準備,A010,MB000101,MG001,WC000051,68,45,10,55,2026/05/18 08:30:00,2026/05/18 09:25:00,,EQ-A010,9001,山田 太郎,10,68,100.0,1,1.5,2026/05/18 08:30:00,2026/05/18 09:23:24,,,,,,完了,2026/05/18 09:23:24
CASE-PO-000017,CASE-PN-000017,2,CASE-PO-000017_2,一次組立,A020,MB000101,MG001,WC000052,68,180,25,205,2026/05/18 12:16:07,2026/05/18 15:41:07,,EQ-A020,9001,山田 太郎,25,67,98.5,1,1.5,2026/05/18 12:16:07,2026/05/18 15:04:52,,,,,,完了,2026/05/18 15:04:52
CASE-PO-000017,CASE-PN-000017,3,CASE-PO-000017_3,二次組立,A030,MB000101,MG001,WC000053,68,150,20,170,2026/05/18 18:14:02,2026/05/19 11:20:00,,EQ-A030,9001,山田 太郎,20,67,98.5,0,0.0,2026/05/19 08:30:00,2026/05/19 11:23:19,,,,,,完了,2026/05/19 11:23:19
CASE-PO-000017,CASE-PN-000017,4,CASE-PO-000017_4,完成検査,A040,MB000101,MG001,WC000054,68,60,0,60,2026/05/19 16:49:59,2026/05/20 08:49:00,,EQ-A040,9001,山田 太郎,0,66,97.1,0,0.0,2026/05/19 16:49:59,2026/05/20 08:40:56,,,,,,完了,2026/05/20 08:40:56
CASE-PO-000018,CASE-PN-000018,1,CASE-PO-000018_1,部品準備,A010,MB000103,MG001,WC000051,45,45,10,55,2026/05/06 08:30:00,2026/05/06 09:25:00,,EQ-A010,9001,山田 太郎,10,44,97.8,1,2.2,2026/05/06 08:30:00,2026/05/06 09:25:42,,,,,,完了,2026/05/06 09:25:42
CASE-PO-000018,CASE-PN-000018,2,CASE-PO-000018_2,一次組立,A020,MB000103,MG001,WC000052,45,180,25,205,2026/05/06 13:13:11,2026/05/06 16:38:11,,EQ-A020,9001,山田 太郎,25,44,97.8,0,0.0,2026/05/06 13:13:11,2026/05/06 16:09:19,,,,,,完了,2026/05/06 16:09:19
CASE-PO-000018,CASE-PN-000018,3,CASE-PO-000018_3,二次組立,A030,MB000103,MG001,WC000053,45,150,20,170,2026/05/07 03:59:49,2026/05/07 11:20:00,,EQ-A030,9001,山田 太郎,20,44,97.8,0,0.0,2026/05/07 08:30:00,2026/05/07 11:16:14,,,,,,完了,2026/05/07 11:16:14
CASE-PO-000018,CASE-PN-000018,4,CASE-PO-000018_4,完成検査,A040,MB000103,MG001,WC000054,45,60,0,60,2026/05/07 16:04:36,2026/05/07 17:04:36,,EQ-A040,9001,山田 太郎,0,45,100.0,0,0.0,2026/05/07 16:04:36,2026/05/07 16:58:11,,,,,,完了,2026/05/07 16:58:11
CASE-PO-000019,CASE-PN-000019,1,CASE-PO-000019_1,部品準備,A010,MB000103,MG001,WC000051,65,45,10,55,2026/05/20 08:30:00,2026/05/20 09:25:00,,EQ-A010,9003,佐藤 次郎,10,63,96.9,1,1.5,2026/05/20 08:30:00,2026/05/20 09:21:27,,,,,,完了,2026/05/20 09:21:27
CASE-PO-000019,CASE-PN-000019,2,CASE-PO-000019_2,一次組立,A020,MB000103,MG001,WC000052,65,180,25,205,2026/05/20 16:14:13,2026/05/21 10:39:00,,EQ-A020,9003,佐藤 次郎,25,64,98.5,0,0.0,2026/05/20 16:14:13,2026/05/21 10:41:58,,,,,,完了,2026/05/21 10:41:58
CASE-PO-000019,CASE-PN-000019,3,CASE-PO-000019_3,二次組立,A030,MB000103,MG001,WC000053,65,150,20,170,2026/05/21 20:16:54,2026/05/22 11:20:00,,EQ-A030,9003,佐藤 次郎,20,63,96.9,1,1.5,2026/05/22 08:30:00,2026/05/22 11:20:48,,,,,,完了,2026/05/22 11:20:48
CASE-PO-000019,CASE-PN-000019,4,CASE-PO-000019_4,完成検査,A040,MB000103,MG001,WC000054,65,60,0,60,2026/05/22 20:00:32,2026/05/25 09:30:00,,EQ-A040,9003,佐藤 次郎,0,63,96.9,0,0.0,2026/05/25 08:30:00,2026/05/25 09:41:03,,,,,,完了,2026/05/25 09:41:03
CASE-PO-000020,CASE-PN-000020,1,CASE-PO-000020_1,部品準備,A010,MB000103,MG001,WC000051,59,45,10,55,2026/06/01 08:30:00,2026/06/01 09:25:00,,EQ-A010,9002,鈴木 花子,10,58,98.3,1,1.7,2026/06/01 08:30:00,2026/06/01 09:09:27,,,,,,完了,2026/06/01 09:09:27
CASE-PO-000020,CASE-PN-000020,2,CASE-PO-000020_2,一次組立,A020,MB000103,MG001,WC000052,59,180,25,205,2026/06/01 12:20:09,2026/06/01 15:45:09,,EQ-A020,9002,鈴木 花子,25,57,96.6,0,0.0,2026/06/01 12:20:09,2026/06/01 15:48:02,,,,,,完了,2026/06/01 15:48:02
CASE-PO-000020,CASE-PN-000020,3,CASE-PO-000020_3,二次組立,A030,MB000103,MG001,WC000053,59,150,20,170,2026/06/01 21:12:34,2026/06/02 11:20:00,,EQ-A030,9002,鈴木 花子,20,58,98.3,1,1.7,2026/06/02 08:30:00,2026/06/02 11:33:28,,,,,,完了,2026/06/02 11:33:28
CASE-PO-000020,CASE-PN-000020,4,CASE-PO-000020_4,完成検査,A040,MB000103,MG001,WC000054,59,60,0,60,2026/06/02 14:31:57,2026/06/02 15:31:57,,EQ-A040,9002,鈴木 花子,0,58,98.3,0,0.0,2026/06/02 14:31:57,2026/06/02 15:30:50,,,,,,完了,2026/06/02 15:30:50
CASE-PO-000021,CASE-PN-000021,1,CASE-PO-000021_1,部品準備,A010,MB000102,MG001,WC000051,185,45,10,55,2026/05/11 08:30:00,2026/05/11 09:25:00,,EQ-A010,9001,山田 太郎,10,183,98.9,2,1.1,2026/05/11 08:30:00,2026/05/11 09:13:32,,,,,,完了,2026/05/11 09:13:32
CASE-PO-000021,CASE-PN-000021,2,CASE-PO-000021_2,一次組立,A020,MB000102,MG001,WC000052,185,180,25,205,2026/05/11 12:39:06,2026/05/11 16:04:06,,EQ-A020,9001,山田 太郎,25,181,97.8,4,2.2,2026/05/11 12:39:06,2026/05/11 16:11:15,,,,,,完了,2026/05/11 16:11:15
CASE-PO-000021,CASE-PN-000021,3,CASE-PO-000021_3,二次組立,A030,MB000102,MG001,WC000053,185,150,20,170,2026/05/11 19:35:07,2026/05/12 11:20:00,,EQ-A030,9001,山田 太郎,20,181,97.8,0,0.0,2026/05/12 08:30:00,2026/05/12 11:29:17,,,,,,完了,2026/05/12 11:29:17
CASE-PO-000021,CASE-PN-000021,4,CASE-PO-000021_4,完成検査,A040,MB000102,MG001,WC000054,185,60,0,60,2026/05/12 18:32:28,2026/05/13 09:30:00,,EQ-A040,9001,山田 太郎,0,182,98.4,2,1.1,2026/05/13 08:30:00,2026/05/13 09:42:30,,,,,,完了,2026/05/13 09:42:30
CASE-PO-000022,CASE-PN-000022,1,CASE-PO-000022_1,部品準備,A010,MB000103,MG001,WC000051,72,45,10,55,2026/06/05 08:30:00,2026/06/05 09:25:00,,EQ-A010,9001,山田 太郎,10,71,98.6,1,1.4,2026/06/05 08:30:00,2026/06/05 09:24:24,,,,,,完了,2026/06/05 09:24:24
CASE-PO-000022,CASE-PN-000022,2,CASE-PO-000022_2,一次組立,A020,MB000103,MG001,WC000052,72,180,25,205,2026/06/05 12:16:34,2026/06/05 15:41:34,,EQ-A020,9001,山田 太郎,25,72,100.0,1,1.4,2026/06/05 12:16:34,2026/06/05 15:15:50,,,,,,完了,2026/06/05 15:15:50
CASE-PO-000022,CASE-PN-000022,3,CASE-PO-000022_3,二次組立,A030,MB000103,MG001,WC000053,72,150,20,170,2026/06/05 18:48:11,2026/06/08 11:20:00,,EQ-A030,9001,山田 太郎,20,70,97.2,1,1.4,2026/06/08 08:30:00,2026/06/08 11:33:06,,,,,,完了,2026/06/08 11:33:06
CASE-PO-000022,CASE-PN-000022,4,CASE-PO-000022_4,完成検査,A040,MB000103,MG001,WC000054,72,60,0,60,2026/06/08 13:30:42,2026/06/08 14:30:42,,EQ-A040,9001,山田 太郎,0,70,97.2,1,1.4,2026/06/08 13:30:42,2026/06/08 14:33:57,,,,,,完了,2026/06/08 14:33:57
CASE-PO-000023,CASE-PN-000023,1,CASE-PO-000023_1,部品準備,A010,MB000102,MG001,WC000051,110,45,10,55,2026/06/08 08:30:00,2026/06/08 09:25:00,,EQ-A010,9005,高橋 四郎,10,109,99.1,2,1.8,2026/06/08 08:30:00,2026/06/08 09:23:12,,,,,,完了,2026/06/08 09:23:12
CASE-PO-000023,CASE-PN-000023,2,CASE-PO-000023_2,一次組立,A020,MB000102,MG001,WC000052,110,180,25,205,2026/06/08 12:58:00,2026/06/08 16:23:00,,EQ-A020,9005,高橋 四郎,25,110,100.0,1,0.9,2026/06/08 12:58:00,2026/06/08 15:56:03,,,,,,完了,2026/06/08 15:56:03
CASE-PO-000023,CASE-PN-000023,3,CASE-PO-000023_3,二次組立,A030,MB000102,MG001,WC000053,110,150,20,170,2026/06/08 20:19:50,2026/06/09 11:20:00,,EQ-A030,9005,高橋 四郎,20,107,97.3,0,0.0,2026/06/09 08:30:00,2026/06/09 11:23:54,,,,,,完了,2026/06/09 11:23:54
CASE-PO-000023,CASE-PN-000023,4,CASE-PO-000023_4,完成検査,A040,MB000102,MG001,WC000054,110,60,0,60,2026/06/09 19:11:29,2026/06/10 09:30:00,,EQ-A040,9005,高橋 四郎,0,108,98.2,0,0.0,2026/06/10 08:30:00,2026/06/10 09:42:44,,,,,,完了,2026/06/10 09:42:44
CASE-PO-000024,CASE-PN-000024,1,CASE-PO-000024_1,部品準備,A010,MB000102,MG001,WC000051,91,45,10,55,2026/05/19 08:30:00,2026/05/19 09:25:00,,EQ-A010,9004,田中 三郎,10,88,96.7,0,0.0,2026/05/19 08:30:00,2026/05/19 09:24:43,,,,,,完了,2026/05/19 09:24:43
CASE-PO-000024,CASE-PN-000024,2,CASE-PO-000024_2,一次組立,A020,MB000102,MG001,WC000052,91,180,25,205,2026/05/19 13:00:36,2026/05/19 16:25:36,,EQ-A020,9004,田中 三郎,25,89,97.8,2,2.2,2026/05/19 13:00:36,2026/05/19 16:26:57,,,,,,完了,2026/05/19 16:26:57
CASE-PO-000024,CASE-PN-000024,3,CASE-PO-000024_3,二次組立,A030,MB000102,MG001,WC000053,91,150,20,170,2026/05/19 22:23:12,2026/05/20 11:20:00,,EQ-A030,9004,田中 三郎,20,89,97.8,0,0.0,2026/05/20 08:30:00,2026/05/20 11:26:52,,,,,,完了,2026/05/20 11:26:52
CASE-PO-000024,CASE-PN-000024,4,CASE-PO-000024_4,完成検査,A040,MB000102,MG001,WC000054,91,60,0,60,2026/05/20 14:22:38,2026/05/20 15:22:38,,EQ-A040,9004,田中 三郎,0,90,98.9,1,1.1,2026/05/20 14:22:38,2026/05/20 15:25:46,,,,,,完了,2026/05/20 15:25:46
CASE-PO-000025,CASE-PN-000025,1,CASE-PO-000025_1,部品準備,A010,MB000101,MG001,WC000051,51,45,10,55,2026/06/22 08:30:00,2026/06/22 09:25:00,,EQ-A010,9003,佐藤 次郎,10,50,98.0,1,2.0,2026/06/22 08:30:00,2026/06/22 09:22:27,,,,,,完了,2026/06/22 09:22:27
CASE-PO-000025,CASE-PN-000025,2,CASE-PO-000025_2,一次組立,A020,MB000101,MG001,WC000052,51,180,25,205,2026/06/22 15:17:25,2026/06/23 09:42:00,,EQ-A020,9003,佐藤 次郎,25,50,98.0,1,2.0,2026/06/22 15:17:25,2026/06/23 09:17:02,,,,,,完了,2026/06/23 09:17:02
CASE-PO-000025,CASE-PN-000025,3,CASE-PO-000025_3,二次組立,A030,MB000101,MG001,WC000053,51,150,20,170,2026/06/23 13:32:46,2026/06/23 16:22:46,,EQ-A030,9003,佐藤 次郎,20,51,100.0,0,0.0,2026/06/23 13:32:46,2026/06/23 16:19:03,,,,,,完了,2026/06/23 16:19:03
CASE-PO-000025,CASE-PN-000025,4,CASE-PO-000025_4,完成検査,A040,MB000101,MG001,WC000054,51,60,0,60,2026/06/23 21:59:21,2026/06/24 09:30:00,,EQ-A040,9003,佐藤 次郎,0,50,98.0,1,2.0,2026/06/24 08:30:00,2026/06/24 09:43:07,,,,,,完了,2026/06/24 09:43:07
CASE-PO-000026,CASE-PN-000026,1,CASE-PO-000026_1,部品準備,A010,MB000103,MG001,WC000051,76,45,10,55,2026/06/08 08:30:00,2026/06/08 09:25:00,,EQ-A010,9002,鈴木 花子,10,76,100.0,1,1.3,2026/06/08 08:30:00,2026/06/08 09:22:07,,,,,,完了,2026/06/08 09:22:07
CASE-PO-000026,CASE-PN-000026,2,CASE-PO-000026_2,一次組立,A020,MB000103,MG001,WC000052,76,180,25,205,2026/06/08 11:22:58,2026/06/08 14:47:58,,EQ-A020,9002,鈴木 花子,25,74,97.4,1,1.3,2026/06/08 11:22:58,2026/06/08 14:12:18,,,,,,完了,2026/06/08 14:12:18
CASE-PO-000026,CASE-PN-000026,3,CASE-PO-000026_3,二次組立,A030,MB000103,MG001,WC000053,76,150,20,170,2026/06/08 21:33:53,2026/06/09 11:20:00,,EQ-A030,9002,鈴木 花子,20,74,97.4,1,1.3,2026/06/09 08:30:00,2026/06/09 10:51:08,,,,,,完了,2026/06/09 10:51:08
CASE-PO-000026,CASE-PN-000026,4,CASE-PO-000026_4,完成検査,A040,MB000103,MG001,WC000054,76,60,0,60,2026/06/09 14:47:52,2026/06/09 15:47:52,,EQ-A040,9002,鈴木 花子,0,76,100.0,1,1.3,2026/06/09 14:47:52,2026/06/09 15:58:32,,,,,,完了,2026/06/09 15:58:32
CASE-PO-000027,CASE-PN-000027,1,CASE-PO-000027_1,部品準備,A010,MB000102,MG001,WC000051,74,45,10,55,2026/06/17 08:30:00,2026/06/17 09:25:00,,EQ-A010,9003,佐藤 次郎,10,73,98.6,0,0.0,2026/06/17 08:30:00,2026/06/17 09:09:27,,,,,,完了,2026/06/17 09:09:27
CASE-PO-000027,CASE-PN-000027,2,CASE-PO-000027_2,一次組立,A020,MB000102,MG001,WC000052,74,180,25,205,2026/06/17 15:39:11,2026/06/18 10:04:00,,EQ-A020,9003,佐藤 次郎,25,74,100.0,1,1.4,2026/06/17 15:39:11,2026/06/18 09:24:01,,,,,,完了,2026/06/18 09:24:01
CASE-PO-000027,CASE-PN-000027,3,CASE-PO-000027_3,二次組立,A030,MB000102,MG001,WC000053,74,150,20,170,2026/06/18 12:31:16,2026/06/18 15:21:16,,EQ-A030,9003,佐藤 次郎,20,73,98.6,1,1.4,2026/06/18 12:31:16,2026/06/18 14:53:48,,,,,,完了,2026/06/18 14:53:48
CASE-PO-000027,CASE-PN-000027,4,CASE-PO-000027_4,完成検査,A040,MB000102,MG001,WC000054,74,60,0,60,2026/06/18 20:54:11,2026/06/19 09:30:00,,EQ-A040,9003,佐藤 次郎,0,73,98.6,1,1.4,2026/06/19 08:30:00,2026/06/19 09:22:35,,,,,,完了,2026/06/19 09:22:35
CASE-PO-000028,CASE-PN-000028,1,CASE-PO-000028_1,部品準備,A010,MB000103,MG001,WC000051,88,45,10,55,2026/06/08 08:30:00,2026/06/08 09:25:00,,EQ-A010,9003,佐藤 次郎,10,88,100.0,0,0.0,2026/06/08 08:30:00,2026/06/08 09:11:48,,,,,,完了,2026/06/08 09:11:48
CASE-PO-000028,CASE-PN-000028,2,CASE-PO-000028_2,一次組立,A020,MB000103,MG001,WC000052,88,180,25,205,2026/06/08 15:44:09,2026/06/09 10:09:00,,EQ-A020,9003,佐藤 次郎,25,87,98.9,1,1.1,2026/06/08 15:44:09,2026/06/09 09:20:51,,,,,,完了,2026/06/09 09:20:51
CASE-PO-000028,CASE-PN-000028,3,CASE-PO-000028_3,二次組立,A030,MB000103,MG001,WC000053,88,150,20,170,2026/06/09 14:39:53,2026/06/09 17:29:53,,EQ-A030,9003,佐藤 次郎,20,88,100.0,0,0.0,2026/06/09 14:39:53,2026/06/10 08:44:48,,,,,,完了,2026/06/10 08:44:48
CASE-PO-000028,CASE-PN-000028,4,CASE-PO-000028_4,完成検査,A040,MB000103,MG001,WC000054,88,60,0,60,2026/06/10 10:24:53,2026/06/10 11:24:53,,EQ-A040,9003,佐藤 次郎,0,88,100.0,1,1.1,2026/06/10 10:24:53,2026/06/10 11:16:55,,,,,,完了,2026/06/10 11:16:55
CASE-PO-000029,CASE-PN-000029,1,CASE-PO-000029_1,部品準備,A010,MB000102,MG001,WC000051,132,45,10,55,2026/06/22 08:30:00,2026/06/22 09:25:00,,EQ-A010,9003,佐藤 次郎,10,131,99.2,1,0.8,2026/06/22 08:30:00,2026/06/22 09:16:14,,,,,,完了,2026/06/22 09:16:14
CASE-PO-000029,CASE-PN-000029,2,CASE-PO-000029_2,一次組立,A020,MB000102,MG001,WC000052,132,180,25,205,2026/06/22 15:40:04,2026/06/23 10:05:00,,EQ-A020,9003,佐藤 次郎,25,130,98.5,1,0.8,2026/06/22 15:40:04,2026/06/23 09:33:33,,,,,,完了,2026/06/23 09:33:33
CASE-PO-000029,CASE-PN-000029,3,CASE-PO-000029_3,二次組立,A030,MB000102,MG001,WC000053,132,150,20,170,2026/06/23 17:31:56,2026/06/24 11:20:00,,EQ-A030,9003,佐藤 次郎,20,132,100.0,0,0.0,,2026/06/24 10:38:11,,,,,,完了,2026/06/24 10:38:11
CASE-PO-000029,CASE-PN-000029,4,CASE-PO-000029_4,完成検査,A040,MB000102,MG001,WC000054,132,60,0,60,2026/06/24 17:14:38,2026/06/25 09:14:00,,EQ-A040,9003,佐藤 次郎,0,129,97.7,2,1.5,2026/06/24 17:14:38,2026/06/25 09:09:10,,,,,,完了,2026/06/25 09:09:10
CASE-PO-000030,CASE-PN-000030,1,CASE-PO-000030_1,部品準備,A010,MB000103,MG001,WC000051,38,45,10,55,2026/05/19 08:30:00,2026/05/19 09:25:00,,EQ-A010,9002,鈴木 花子,10,37,97.4,0,0.0,2026/05/19 08:30:00,2026/05/19 09:25:52,,,,,,完了,2026/05/19 09:25:52
CASE-PO-000030,CASE-PN-000030,2,CASE-PO-000030_2,一次組立,A020,MB000103,MG001,WC000052,38,180,25,205,2026/05/19 17:14:13,2026/05/20 11:39:00,,EQ-A020,9002,鈴木 花子,25,38,100.0,1,2.6,2026/05/19 17:14:13,2026/05/20 10:53:40,,,,,,完了,2026/05/20 10:53:40
CASE-PO-000030,CASE-PN-000030,3,CASE-PO-000030_3,二次組立,A030,MB000103,MG001,WC000053,38,150,20,170,2026/05/20 18:26:05,2026/05/21 11:20:00,,EQ-A030,9002,鈴木 花子,20,38,100.0,1,2.6,2026/05/21 08:30:00,2026/05/21 11:37:17,,,,,,完了,2026/05/21 11:37:17
CASE-PO-000030,CASE-PN-000030,4,CASE-PO-000030_4,完成検査,A040,MB000103,MG001,WC000054,38,60,0,60,2026/05/21 18:47:35,2026/05/22 09:30:00,,EQ-A040,9002,鈴木 花子,0,38,100.0,1,2.6,2026/05/22 08:30:00,2026/05/22 09:40:13,,,,,,完了,2026/05/22 09:40:13
CASE-PO-000031,CASE-PN-000031,1,CASE-PO-000031_1,部品準備,A010,MB000103,MG001,WC000051,88,45,10,55,2026/06/02 08:30:00,2026/06/02 09:25:00,,EQ-A010,9003,佐藤 次郎,10,86,97.7,0,0.0,2026/06/02 08:30:00,2026/06/02 09:24:26,,,,,,完了,2026/06/02 09:24:26
CASE-PO-000031,CASE-PN-000031,2,CASE-PO-000031_2,一次組立,A020,MB000103,MG001,WC000052,88,180,25,205,2026/06/02 16:32:09,2026/06/03 10:57:00,,EQ-A020,9003,佐藤 次郎,25,88,100.0,1,1.1,2026/06/02 16:32:09,2026/06/03 10:20:13,,,,,,完了,2026/06/03 10:20:13
CASE-PO-000031,CASE-PN-000031,3,CASE-PO-000031_3,二次組立,A030,MB000103,MG001,WC000053,88,150,20,170,2026/06/03 17:15:59,2026/06/04 11:05:00,,EQ-A030,9003,佐藤 次郎,20,87,98.9,2,2.3,2026/06/03 17:15:59,2026/06/04 10:40:48,,,,,,完了,2026/06/04 10:40:48
CASE-PO-000031,CASE-PN-000031,4,CASE-PO-000031_4,完成検査,A040,MB000103,MG001,WC000054,88,60,0,60,2026/06/04 13:58:26,2026/06/04 14:58:26,,EQ-A040,9003,佐藤 次郎,0,88,100.0,1,1.1,2026/06/04 13:58:26,2026/06/04 14:55:02,,,,,,完了,2026/06/04 14:55:02
CASE-PO-000032,CASE-PN-000032,1,CASE-PO-000032_1,部品準備,A010,MB000103,MG001,WC000051,88,45,10,55,2026/05/07 08:30:00,2026/05/07 09:25:00,,EQ-A010,9003,佐藤 次郎,10,88,100.0,1,1.1,2026/05/07 08:30:00,2026/05/07 09:24:49,,,,,,完了,2026/05/07 09:24:49
CASE-PO-000032,CASE-PN-000032,2,CASE-PO-000032_2,一次組立,A020,MB000103,MG001,WC000052,88,180,25,205,2026/05/07 11:31:41,2026/05/07 14:56:41,,EQ-A020,9003,佐藤 次郎,25,87,98.9,0,0.0,2026/05/07 11:31:41,2026/05/07 14:19:40,,,,,,完了,2026/05/07 14:19:40
CASE-PO-000032,CASE-PN-000032,3,CASE-PO-000032_3,二次組立,A030,MB000103,MG001,WC000053,88,150,20,170,2026/05/07 19:10:21,2026/05/08 11:20:00,,EQ-A030,9003,佐藤 次郎,20,88,100.0,1,1.1,2026/05/08 08:30:00,2026/05/08 10:55:18,,,,,,完了,2026/05/08 10:55:18
CASE-PO-000032,CASE-PN-000032,4,CASE-PO-000032_4,完成検査,A040,MB000103,MG001,WC000054,88,60,0,60,2026/05/08 13:30:51,2026/05/08 14:30:51,,EQ-A040,9003,佐藤 次郎,0,88,100.0,1,1.1,2026/05/08 13:30:51,2026/05/08 14:39:27,,,,,,完了,2026/05/08 14:39:27
CASE-PO-000033,CASE-PN-000033,1,CASE-PO-000033_1,部品準備,A010,MB000102,MG001,WC000051,71,45,10,55,2026/06/05 08:30:00,2026/06/05 09:25:00,,EQ-A010,9005,高橋 四郎,10,69,97.2,0,0.0,2026/06/05 08:30:00,2026/06/05 09:17:34,,,,,,完了,2026/06/05 09:17:34
CASE-PO-000033,CASE-PN-000033,2,CASE-PO-000033_2,一次組立,A020,MB000102,MG001,WC000052,71,180,25,205,2026/06/05 11:10:17,2026/06/05 14:35:17,,EQ-A020,9005,高橋 四郎,25,71,100.0,1,1.4,2026/06/05 11:10:17,2026/06/05 14:36:17,,,,,,完了,2026/06/05 14:36:17
CASE-PO-000033,CASE-PN-000033,3,CASE-PO-000033_3,二次組立,A030,MB000102,MG001,WC000053,71,150,20,170,2026/06/06 02:00:25,2026/06/08 11:20:00,,EQ-A030,9005,高橋 四郎,20,70,98.6,0,0.0,2026/06/08 08:30:00,2026/06/08 10:53:50,,,,,,完了,2026/06/08 10:53:50
CASE-PO-000033,CASE-PN-000033,4,CASE-PO-000033_4,完成検査,A040,MB000102,MG001,WC000054,71,60,0,60,2026/06/08 13:11:04,2026/06/08 14:11:04,,EQ-A040,9005,高橋 四郎,0,71,100.0,0,0.0,2026/06/08 13:11:04,2026/06/08 14:14:49,,,,,,完了,2026/06/08 14:14:49
CASE-PO-000034,CASE-PN-000034,1,CASE-PO-000034_1,部品準備,A010,MB000101,MG001,WC000051,69,45,10,55,2026/05/25 08:30:00,2026/05/25 09:25:00,,EQ-A010,9004,田中 三郎,10,68,98.6,1,1.4,2026/05/25 08:30:00,2026/05/25 09:25:39,,,,,,完了,2026/05/25 09:25:39
CASE-PO-000034,CASE-PN-000034,2,CASE-PO-000034_2,一次組立,A020,MB000101,MG001,WC000052,69,180,25,205,2026/05/25 12:28:44,2026/05/25 15:53:44,,EQ-A020,9004,田中 三郎,25,67,97.1,0,0.0,2026/05/25 12:28:44,2026/05/25 15:03:54,,,,,,完了,2026/05/25 15:03:54
CASE-PO-000034,CASE-PN-000034,3,CASE-PO-000034_3,二次組立,A030,MB000101,MG001,WC000053,69,150,20,170,2026/05/26 01:24:28,2026/05/26 11:20:00,,EQ-A030,9004,田中 三郎,20,68,98.6,0,0.0,2026/05/26 08:30:00,2026/05/26 11:14:22,,,,,,完了,2026/05/26 11:14:22
CASE-PO-000034,CASE-PN-000034,4,CASE-PO-000034_4,完成検査,A040,MB000101,MG001,WC000054,69,60,0,60,2026/05/26 15:56:50,2026/05/26 16:56:50,,EQ-A040,9004,田中 三郎,0,69,100.0,1,1.4,2026/05/26 15:56:50,2026/05/26 17:01:46,,,,,,完了,2026/05/26 17:01:46
CASE-PO-000035,CASE-PN-000035,1,CASE-PO-000035_1,部品準備,A010,MB000102,MG001,WC000051,86,45,10,55,2026/06/26 08:30:00,2026/06/26 09:25:00,,EQ-A010,9005,高橋 四郎,10,85,98.8,1,1.2,2026/06/26 08:30:00,2026/06/26 09:14:37,,,,,,完了,2026/06/26 09:14:37
CASE-PO-000035,CASE-PN-000035,2,CASE-PO-000035_2,一次組立,A020,MB000102,MG001,WC000052,86,180,25,205,2026/06/26 10:39:06,2026/06/26 14:04:06,,EQ-A020,9005,高橋 四郎,25,84,97.7,1,1.2,2026/06/26 10:39:06,2026/06/26 13:18:10,,,,,,完了,2026/06/26 13:18:10
CASE-PO-000035,CASE-PN-000035,3,CASE-PO-000035_3,二次組立,A030,MB000102,MG001,WC000053,86,150,20,170,2026/06/26 18:08:07,2026/06/29 11:20:00,,EQ-A030,9005,高橋 四郎,20,85,98.8,1,1.2,2026/06/29 08:30:00,2026/06/29 10:49:29,,,,,,完了,2026/06/29 10:49:29
CASE-PO-000035,CASE-PN-000035,4,CASE-PO-000035_4,完成検査,A040,MB000102,MG001,WC000054,86,60,0,60,2026/06/29 14:03:42,2026/06/29 15:03:42,,EQ-A040,9005,高橋 四郎,,,,,,2026/06/29 14:03:42,,,,,,,生産中,2026/06/29 15:03:42
CASE-PO-000036,CASE-PN-000036,1,CASE-PO-000036_1,部品準備,A010,MB000102,MG001,WC000051,100,45,10,55,2026/05/27 08:30:00,2026/05/27 09:25:00,,EQ-A010,9001,山田 太郎,10,99,99.0,2,2.0,2026/05/27 08:30:00,2026/05/27 09:22:55,,,,,,完了,2026/05/27 09:22:55
CASE-PO-000036,CASE-PN-000036,2,CASE-PO-000036_2,一次組立,A020,MB000102,MG001,WC000052,100,180,25,205,2026/05/27 11:17:00,2026/05/27 14:42:00,,EQ-A020,9001,山田 太郎,25,99,99.0,2,2.0,2026/05/27 11:17:00,2026/05/27 14:54:59,,,,,,完了,2026/05/27 14:54:59
CASE-PO-000036,CASE-PN-000036,3,CASE-PO-000036_3,二次組立,A030,MB000102,MG001,WC000053,100,150,20,170,2026/05/28 02:54:08,2026/05/28 11:20:00,,EQ-A030,9001,山田 太郎,20,100,100.0,1,1.0,,2026/05/28 10:38:58,,,,,,完了,2026/05/28 10:38:58
CASE-PO-000036,CASE-PN-000036,4,CASE-PO-000036_4,完成検査,A040,MB000102,MG001,WC000054,100,60,0,60,2026/05/28 16:59:07,2026/05/29 08:59:00,,EQ-A040,9001,山田 太郎,0,98,98.0,2,2.0,2026/05/28 16:59:07,2026/05/29 09:02:17,,,,,,完了,2026/05/29 09:02:17
CASE-PO-000037,CASE-PN-000037,1,CASE-PO-000037_1,部品準備,A010,MB000103,MG001,WC000051,79,45,10,55,2026/05/19 08:30:00,2026/05/19 09:25:00,,EQ-A010,9004,田中 三郎,10,79,100.0,1,1.3,2026/05/19 08:30:00,2026/05/19 09:23:20,,,,,,完了,2026/05/19 09:23:20
CASE-PO-000037,CASE-PN-000037,2,CASE-PO-000037_2,一次組立,A020,MB000103,MG001,WC000052,79,180,25,205,2026/05/19 16:34:25,2026/05/20 10:59:00,,EQ-A020,9004,田中 三郎,25,77,97.5,1,1.3,2026/05/19 16:34:25,2026/05/20 10:08:25,,,,,,完了,2026/05/20 10:08:25
CASE-PO-000037,CASE-PN-000037,3,CASE-PO-000037_3,二次組立,A030,MB000103,MG001,WC000053,79,150,20,170,2026/05/20 19:41:19,2026/05/21 11:20:00,,EQ-A030,9004,田中 三郎,20,77,97.5,0,0.0,2026/05/21 08:30:00,2026/05/21 11:29:52,,,,,,完了,2026/05/21 11:29:52
CASE-PO-000037,CASE-PN-000037,4,CASE-PO-000037_4,完成検査,A040,MB000103,MG001,WC000054,79,60,0,60,2026/05/21 19:17:03,2026/05/22 09:30:00,,EQ-A040,9004,田中 三郎,0,78,98.7,2,2.5,2026/05/22 08:30:00,2026/05/22 09:26:23,,,,,,完了,2026/05/22 09:26:23
CASE-PO-000038,CASE-PN-000038,1,CASE-PO-000038_1,部品準備,A010,MB000101,MG001,WC000051,105,45,10,55,2026/05/26 08:30:00,2026/05/26 09:25:00,,EQ-A010,9002,鈴木 花子,10,104,99.0,1,1.0,2026/05/26 08:30:00,2026/05/26 09:22:57,,,,,,完了,2026/05/26 09:22:57
CASE-PO-000038,CASE-PN-000038,2,CASE-PO-000038_2,一次組立,A020,MB000101,MG001,WC000052,105,180,25,205,2026/05/26 10:32:31,2026/05/26 13:57:31,,EQ-A020,9002,鈴木 花子,25,105,100.0,1,1.0,2026/05/26 10:32:31,2026/05/26 13:28:25,,,,,,完了,2026/05/26 13:28:25
CASE-PO-000038,CASE-PN-000038,3,CASE-PO-000038_3,二次組立,A030,MB000101,MG001,WC000053,105,150,20,170,2026/05/26 17:24:21,2026/05/27 11:14:00,,EQ-A030,9002,鈴木 花子,20,103,98.1,1,1.0,2026/05/26 17:24:21,2026/05/27 10:58:18,,,,,,完了,2026/05/27 10:58:18
CASE-PO-000038,CASE-PN-000038,4,CASE-PO-000038_4,完成検査,A040,MB000101,MG001,WC000054,105,60,0,60,2026/05/27 18:11:50,2026/05/28 09:30:00,,EQ-A040,9002,鈴木 花子,0,103,98.1,0,0.0,2026/05/28 08:30:00,2026/05/28 09:29:51,,,,,,完了,2026/05/28 09:29:51
CASE-PO-000039,CASE-PN-000039,1,CASE-PO-000039_1,部品準備,A010,MB000102,MG001,WC000051,160,45,10,55,2026/06/10 08:30:00,2026/06/10 09:25:00,,EQ-A010,9001,山田 太郎,10,158,98.8,3,1.9,2026/06/10 08:30:00,2026/06/10 09:12:25,,,,,,完了,2026/06/10 09:12:25
CASE-PO-000039,CASE-PN-000039,2,CASE-PO-000039_2,一次組立,A020,MB000102,MG001,WC000052,160,180,25,205,2026/06/10 14:36:25,2026/06/11 09:01:00,,EQ-A020,9001,山田 太郎,25,159,99.4,3,1.9,2026/06/10 14:36:25,2026/06/11 09:07:09,,,,,,完了,2026/06/11 09:07:09
CASE-PO-000039,CASE-PN-000039,3,CASE-PO-000039_3,二次組立,A030,MB000102,MG001,WC000053,160,150,20,170,2026/06/11 20:02:03,2026/06/12 11:20:00,,EQ-A030,9001,山田 太郎,20,156,97.5,1,0.6,2026/06/12 08:30:00,2026/06/12 11:20:12,,,,,,完了,2026/06/12 11:20:12
CASE-PO-000039,CASE-PN-000039,4,CASE-PO-000039_4,完成検査,A040,MB000102,MG001,WC000054,160,60,0,60,2026/06/12 16:49:11,2026/06/15 08:49:00,,EQ-A040,9001,山田 太郎,0,159,99.4,2,1.3,2026/06/12 16:49:11,2026/06/15 08:53:31,,,,,,完了,2026/06/15 08:53:31
CASE-PO-000040,CASE-PN-000040,1,CASE-PO-000040_1,部品準備,A010,MB000101,MG001,WC000051,112,45,10,55,2026/07/03 08:30:00,2026/07/03 09:25:00,,EQ-A010,9003,佐藤 次郎,10,112,100.0,1,0.9,2026/07/03 08:30:00,2026/07/03 09:17:15,,,,,,完了,2026/07/03 09:17:15
CASE-PO-000040,CASE-PN-000040,2,CASE-PO-000040_2,一次組立,A020,MB000101,MG001,WC000052,112,180,25,205,2026/07/03 13:27:03,2026/07/03 16:52:03,,EQ-A020,9003,佐藤 次郎,25,111,99.1,2,1.8,2026/07/03 13:27:03,2026/07/03 16:41:44,,,,,,完了,2026/07/03 16:41:44
CASE-PO-000040,CASE-PN-000040,3,CASE-PO-000040_3,二次組立,A030,MB000101,MG001,WC000053,112,150,20,170,2026/07/03 21:32:57,2026/07/06 11:20:00,,EQ-A030,9003,佐藤 次郎,20,111,99.1,1,0.9,2026/07/06 08:30:00,2026/07/06 10:57:18,,,,,,完了,2026/07/06 10:57:18
CASE-PO-000040,CASE-PN-000040,4,CASE-PO-000040_4,完成検査,A040,MB000101,MG001,WC000054,112,60,0,60,2026/07/06 17:47:20,2026/07/07 09:30:00,,EQ-A040,9003,佐藤 次郎,0,111,99.1,0,0.0,2026/07/07 08:30:00,2026/07/07 09:33:07,,,,,,完了,2026/07/07 09:33:07
CASE-PO-000041,CASE-PN-000041,1,CASE-PO-000041_1,部品準備,A010,MB000102,MG001,WC000051,150,45,10,55,2026/06/03 08:30:00,2026/06/03 09:25:00,,EQ-A010,9002,鈴木 花子,10,149,99.3,1,0.7,2026/06/03 08:30:00,2026/06/03 09:20:25,,,,,,完了,2026/06/03 09:20:25
CASE-PO-000041,CASE-PN-000041,2,CASE-PO-000041_2,一次組立,A020,MB000102,MG001,WC000052,150,180,25,205,2026/06/03 10:57:31,2026/06/03 14:22:31,,EQ-A020,9002,鈴木 花子,25,149,99.3,2,1.3,2026/06/03 10:57:31,2026/06/03 13:50:59,,,,,,完了,2026/06/03 13:50:59
CASE-PO-000041,CASE-PN-000041,3,CASE-PO-000041_3,二次組立,A030,MB000102,MG001,WC000053,150,150,20,170,2026/06/04 00:57:04,2026/06/04 11:20:00,,EQ-A030,9002,鈴木 花子,20,149,99.3,2,1.3,2026/06/04 08:30:00,2026/06/04 10:59:42,,,,,,完了,2026/06/04 10:59:42
CASE-PO-000041,CASE-PN-000041,4,CASE-PO-000041_4,完成検査,A040,MB000102,MG001,WC000054,150,60,0,60,2026/06/04 13:04:44,2026/06/04 14:04:44,,EQ-A040,9002,鈴木 花子,0,149,99.3,0,0.0,2026/06/04 13:04:44,2026/06/04 13:57:12,,,,,,完了,2026/06/04 13:57:12
CASE-PO-000042,CASE-PN-000042,1,CASE-PO-000042_1,部品準備,A010,MB000101,MG001,WC000051,58,45,10,55,2026/06/15 08:30:00,2026/06/15 09:25:00,,EQ-A010,9004,田中 三郎,10,56,96.6,0,0.0,2026/06/15 08:30:00,2026/06/15 09:21:48,,,,,,完了,2026/06/15 09:21:48
CASE-PO-000042,CASE-PN-000042,2,CASE-PO-000042_2,一次組立,A020,MB000101,MG001,WC000052,58,180,25,205,2026/06/15 11:37:51,2026/06/15 15:02:51,,EQ-A020,9004,田中 三郎,25,58,100.0,0,0.0,2026/06/15 11:37:51,2026/06/15 14:26:10,,,,,,完了,2026/06/15 14:26:10
CASE-PO-000042,CASE-PN-000042,3,CASE-PO-000042_3,二次組立,A030,MB000101,MG001,WC000053,58,150,20,170,2026/06/15 22:40:16,2026/06/16 11:20:00,,EQ-A030,9004,田中 三郎,20,57,98.3,1,1.7,,2026/06/16 11:18:51,,,,,,完了,2026/06/16 11:18:51
CASE-PO-000042,CASE-PN-000042,4,CASE-PO-000042_4,完成検査,A040,MB000101,MG001,WC000054,58,60,0,60,2026/06/16 18:15:42,2026/06/17 09:30:00,,EQ-A040,9004,田中 三郎,0,57,98.3,0,0.0,2026/06/17 08:30:00,2026/06/17 09:37:54,,,,,,完了,2026/06/17 09:37:54
CASE-PO-000043,CASE-PN-000043,1,CASE-PO-000043_1,部品準備,A010,MB000102,MG001,WC000051,72,45,10,55,2026/05/06 08:30:00,2026/05/06 09:25:00,,EQ-A010,9005,高橋 四郎,10,71,98.6,1,1.4,2026/05/06 08:30:00,2026/05/06 09:12:02,,,,,,完了,2026/05/06 09:12:02
CASE-PO-000043,CASE-PN-000043,2,CASE-PO-000043_2,一次組立,A020,MB000102,MG001,WC000052,72,180,25,205,2026/05/06 13:18:46,2026/05/06 16:43:46,,EQ-A020,9005,高橋 四郎,25,70,97.2,1,1.4,2026/05/06 13:18:46,2026/05/06 16:41:10,,,,,,完了,2026/05/06 16:41:10
CASE-PO-000043,CASE-PN-000043,3,CASE-PO-000043_3,二次組立,A030,MB000102,MG001,WC000053,72,150,20,170,2026/05/06 22:36:16,2026/05/07 11:20:00,,EQ-A030,9005,高橋 四郎,20,71,98.6,0,0.0,2026/05/07 08:30:00,2026/05/07 10:43:53,,,,,,完了,2026/05/07 10:43:53
CASE-PO-000043,CASE-PN-000043,4,CASE-PO-000043_4,完成検査,A040,MB000102,MG001,WC000054,72,60,0,60,2026/05/07 16:42:38,2026/05/08 08:42:00,,EQ-A040,9005,高橋 四郎,0,72,100.0,0,0.0,2026/05/07 16:42:38,2026/05/08 08:44:37,,,,,,完了,2026/05/08 08:44:37
CASE-PO-000044,CASE-PN-000044,1,CASE-PO-000044_1,部品準備,A010,MB000103,MG001,WC000051,30,45,10,55,2026/06/29 08:30:00,2026/06/29 09:25:00,,EQ-A010,9003,佐藤 次郎,10,30,100.0,0,0.0,2026/06/29 08:30:00,2026/06/29 09:10:57,,,,,,完了,2026/06/29 09:10:57
CASE-PO-000044,CASE-PN-000044,2,CASE-PO-000044_2,一次組立,A020,MB000103,MG001,WC000052,30,180,25,205,2026/06/29 13:44:44,2026/06/29 17:09:44,,EQ-A020,9003,佐藤 次郎,25,30,100.0,0,0.0,2026/06/29 13:44:44,2026/06/29 17:28:09,,,,,,完了,2026/06/29 17:28:09
CASE-PO-000044,CASE-PN-000044,3,CASE-PO-000044_3,二次組立,A030,MB000103,MG001,WC000053,30,150,20,170,2026/06/29 20:40:22,2026/06/30 11:20:00,,EQ-A030,9003,佐藤 次郎,20,30,100.0,0,0.0,2026/06/30 08:30:00,2026/06/30 11:12:46,,,,,,完了,2026/06/30 11:12:46
CASE-PO-000044,CASE-PN-000044,4,CASE-PO-000044_4,完成検査,A040,MB000103,MG001,WC000054,30,60,0,60,2026/06/30 18:31:18,2026/07/01 09:30:00,,EQ-A040,9003,佐藤 次郎,0,29,96.7,1,3.3,2026/07/01 08:30:00,2026/07/01 09:36:19,,,,,,完了,2026/07/01 09:36:19
CASE-PO-000045,CASE-PN-000045,1,CASE-PO-000045_1,部品準備,A010,MB000102,MG001,WC000051,122,45,10,55,2026/06/01 08:30:00,2026/06/01 09:25:00,,EQ-A010,9002,鈴木 花子,10,119,97.5,0,0.0,2026/06/01 08:30:00,2026/06/01 09:26:13,,,,,,完了,2026/06/01 09:26:13
CASE-PO-000045,CASE-PN-000045,2,CASE-PO-000045_2,一次組立,A020,MB000102,MG001,WC000052,122,180,25,205,2026/06/01 13:02:30,2026/06/01 16:27:30,,EQ-A020,9002,鈴木 花子,25,121,99.2,1,0.8,2026/06/01 13:02:30,2026/06/01 16:47:12,,,,,,完了,2026/06/01 16:47:12
CASE-PO-000045,CASE-PN-000045,3,CASE-PO-000045_3,二次組立,A030,MB000102,MG001,WC000053,122,150,20,170,2026/06/02 03:54:07,2026/06/02 11:20:00,,EQ-A030,9002,鈴木 花子,20,120,98.4,2,1.6,2026/06/02 08:30:00,2026/06/02 11:19:59,,,,,,完了,2026/06/02 11:19:59
CASE-PO-000045,CASE-PN-000045,4,CASE-PO-000045_4,完成検査,A040,MB000102,MG001,WC000054,122,60,0,60,2026/06/02 18:26:10,2026/06/03 09:30:00,,EQ-A040,9002,鈴木 花子,0,120,98.4,1,0.8,2026/06/03 08:30:00,2026/06/03 09:32:10,,,,,,完了,2026/06/03 09:32:10
CASE-PO-000046,CASE-PN-000046,1,CASE-PO-000046_1,部品準備,A010,MB000101,MG001,WC000051,86,45,10,55,2026/05/06 08:30:00,2026/05/06 09:25:00,,EQ-A010,9005,高橋 四郎,10,84,97.7,0,0.0,2026/05/06 08:30:00,2026/05/06 09:11:13,,,,,,完了,2026/05/06 09:11:13
CASE-PO-000046,CASE-PN-000046,2,CASE-PO-000046_2,一次組立,A020,MB000101,MG001,WC000052,86,180,25,205,2026/05/06 15:02:58,2026/05/07 09:27:00,,EQ-A020,9005,高橋 四郎,25,85,98.8,0,0.0,2026/05/06 15:02:58,2026/05/07 09:15:57,,,,,,完了,2026/05/07 09:15:57
CASE-PO-000046,CASE-PN-000046,3,CASE-PO-000046_3,二次組立,A030,MB000101,MG001,WC000053,86,150,20,170,2026/05/07 18:09:34,2026/05/08 11:20:00,,EQ-A030,9005,高橋 四郎,20,86,100.0,0,0.0,2026/05/08 08:30:00,2026/05/08 11:36:39,,,,,,完了,2026/05/08 11:36:39
CASE-PO-000046,CASE-PN-000046,4,CASE-PO-000046_4,完成検査,A040,MB000101,MG001,WC000054,86,60,0,60,2026/05/08 18:03:07,2026/05/11 09:30:00,,EQ-A040,9005,高橋 四郎,0,85,98.8,1,1.2,2026/05/11 08:30:00,2026/05/11 09:24:16,,,,,,完了,2026/05/11 09:24:16
CASE-PO-000047,CASE-PN-000047,1,CASE-PO-000047_1,部品準備,A010,MB000102,MG001,WC000051,154,45,10,55,2026/05/08 08:30:00,2026/05/08 09:25:00,,EQ-A010,9003,佐藤 次郎,10,153,99.4,3,1.9,2026/05/08 08:30:00,2026/05/08 09:16:46,,,,,,完了,2026/05/08 09:16:46
CASE-PO-000047,CASE-PN-000047,2,CASE-PO-000047_2,一次組立,A020,MB000102,MG001,WC000052,154,180,25,205,2026/05/08 12:35:10,2026/05/08 16:00:10,,EQ-A020,9003,佐藤 次郎,25,153,99.4,2,1.3,2026/05/08 12:35:10,2026/05/08 15:20:29,,,,,,完了,2026/05/08 15:20:29
CASE-PO-000047,CASE-PN-000047,3,CASE-PO-000047_3,二次組立,A030,MB000102,MG001,WC000053,154,150,20,170,2026/05/08 23:31:45,2026/05/11 11:20:00,,EQ-A030,9003,佐藤 次郎,20,150,97.4,0,0.0,2026/05/11 08:30:00,2026/05/11 11:11:03,,,,,,完了,2026/05/11 11:11:03
CASE-PO-000047,CASE-PN-000047,4,CASE-PO-000047_4,完成検査,A040,MB000102,MG001,WC000054,154,60,0,60,2026/05/11 16:54:50,2026/05/12 08:54:00,,EQ-A040,9003,佐藤 次郎,0,154,100.0,1,0.6,2026/05/11 16:54:50,2026/05/12 08:51:29,,,,,,完了,2026/05/12 08:51:29
CASE-PO-000048,CASE-PN-000048,1,CASE-PO-000048_1,部品準備,A010,MB000101,MG001,WC000051,116,45,10,55,2026/05/26 08:30:00,2026/05/26 09:25:00,,EQ-A010,9003,佐藤 次郎,10,115,99.1,2,1.7,2026/05/26 08:30:00,2026/05/26 09:12:09,,,,,,完了,2026/05/26 09:12:09
CASE-PO-000048,CASE-PN-000048,2,CASE-PO-000048_2,一次組立,A020,MB000101,MG001,WC000052,116,180,25,205,2026/05/26 11:46:43,2026/05/26 15:11:43,,EQ-A020,9003,佐藤 次郎,25,114,98.3,0,0.0,2026/05/26 11:46:43,2026/05/26 15:23:21,,,,,,完了,2026/05/26 15:23:21
CASE-PO-000048,CASE-PN-000048,3,CASE-PO-000048_3,二次組立,A030,MB000101,MG001,WC000053,116,150,20,170,2026/05/27 03:17:39,2026/05/27 11:20:00,,EQ-A030,9003,佐藤 次郎,20,114,98.3,1,0.9,,2026/05/27 11:18:53,,,,,,完了,2026/05/27 11:18:53
CASE-PO-000048,CASE-PN-000048,4,CASE-PO-000048_4,完成検査,A040,MB000101,MG001,WC000054,116,60,0,60,2026/05/27 18:37:05,2026/05/28 09:30:00,,EQ-A040,9003,佐藤 次郎,0,114,98.3,2,1.7,2026/05/28 08:30:00,2026/05/28 09:35:30,,,,,,完了,2026/05/28 09:35:30
CASE-PO-000049,CASE-PN-000049,1,CASE-PO-000049_1,部品準備,A010,MB000101,MG001,WC000051,49,45,10,55,2026/05/27 08:30:00,2026/05/27 09:25:00,,EQ-A010,9005,高橋 四郎,10,49,100.0,0,0.0,2026/05/27 08:30:00,2026/05/27 09:15:49,,,,,,完了,2026/05/27 09:15:49
CASE-PO-000049,CASE-PN-000049,2,CASE-PO-000049_2,一次組立,A020,MB000101,MG001,WC000052,49,180,25,205,2026/05/27 13:50:04,2026/05/27 17:15:04,,EQ-A020,9005,高橋 四郎,25,49,100.0,0,0.0,2026/05/27 13:50:04,2026/05/27 17:00:15,,,,,,完了,2026/05/27 17:00:15
CASE-PO-000049,CASE-PN-000049,3,CASE-PO-000049_3,二次組立,A030,MB000101,MG001,WC000053,49,150,20,170,2026/05/27 21:17:57,2026/05/28 11:20:00,,EQ-A030,9005,高橋 四郎,20,48,98.0,0,0.0,2026/05/28 08:30:00,2026/05/28 11:00:22,,,,,,完了,2026/05/28 11:00:22
CASE-PO-000049,CASE-PN-000049,4,CASE-PO-000049_4,完成検査,A040,MB000101,MG001,WC000054,49,60,0,60,2026/05/28 17:46:50,2026/05/29 09:30:00,,EQ-A040,9005,高橋 四郎,0,49,100.0,0,0.0,2026/05/29 08:30:00,2026/05/29 09:22:21,,,,,,完了,2026/05/29 09:22:21
CASE-PO-000050,CASE-PN-000050,1,CASE-PO-000050_1,部品準備,A010,MB000102,MG001,WC000051,106,45,10,55,2026/05/27 08:30:00,2026/05/27 09:25:00,,EQ-A010,9001,山田 太郎,10,104,98.1,2,1.9,2026/05/27 08:30:00,2026/05/27 09:14:14,,,,,,完了,2026/05/27 09:14:14
CASE-PO-000050,CASE-PN-000050,2,CASE-PO-000050_2,一次組立,A020,MB000102,MG001,WC000052,106,180,25,205,2026/05/27 13:40:53,2026/05/27 17:05:53,,EQ-A020,9001,山田 太郎,25,106,100.0,0,0.0,2026/05/27 13:40:53,2026/05/27 16:33:03,,,,,,完了,2026/05/27 16:33:03
CASE-PO-000050,CASE-PN-000050,3,CASE-PO-000050_3,二次組立,A030,MB000102,MG001,WC000053,106,150,20,170,2026/05/27 21:41:19,2026/05/28 11:20:00,,EQ-A030,9001,山田 太郎,20,104,98.1,2,1.9,2026/05/28 08:30:00,2026/05/28 11:31:38,,,,,,完了,2026/05/28 11:31:38
CASE-PO-000050,CASE-PN-000050,4,CASE-PO-000050_4,完成検査,A040,MB000102,MG001,WC000054,106,60,0,60,2026/05/28 13:05:28,2026/05/28 14:05:28,,EQ-A040,9001,山田 太郎,0,104,98.1,2,1.9,2026/05/28 13:05:28,2026/05/28 14:16:25,,,,,,完了,2026/05/28 14:16:25
CASE-PO-000051,CASE-PN-000051,1,CASE-PO-000051_1,部品準備,A010,MB000103,MG001,WC000051,42,45,10,55,2026/06/23 08:30:00,2026/06/23 09:25:00,,EQ-A010,9001,山田 太郎,10,41,97.6,0,0.0,2026/06/23 08:30:00,2026/06/23 09:18:10,,,,,,完了,2026/06/23 09:18:10
CASE-PO-000051,CASE-PN-000051,2,CASE-PO-000051_2,一次組立,A020,MB000103,MG001,WC000052,42,180,25,205,2026/06/23 16:08:38,2026/06/24 10:33:00,,EQ-A020,9001,山田 太郎,,,,,,2026/06/23 16:08:38,,,,,,,生産中,2026/06/24 10:33:00
CASE-PO-000051,CASE-PN-000051,3,CASE-PO-000051_3,二次組立,A030,MB000103,MG001,WC000053,42,150,20,170,2026/06/24 19:51:52,2026/06/25 11:20:00,,EQ-A030,9001,山田 太郎,,,,,,,,,,,,,開始待ち,2026/06/25 11:20:00
CASE-PO-000051,CASE-PN-000051,4,CASE-PO-000051_4,完成検査,A040,MB000103,MG001,WC000054,42,60,0,60,2026/06/25 16:48:49,2026/06/26 08:48:00,,EQ-A040,9001,山田 太郎,,,,,,,,,,,,,開始待ち,2026/06/26 08:48:00
CASE-PO-000052,CASE-PN-000052,1,CASE-PO-000052_1,部品準備,A010,MB000103,MG001,WC000051,45,45,10,55,2026/07/02 08:30:00,2026/07/02 09:25:00,,EQ-A010,9005,高橋 四郎,10,44,97.8,1,2.2,2026/07/02 08:30:00,2026/07/02 09:25:52,,,,,,完了,2026/07/02 09:25:52
CASE-PO-000052,CASE-PN-000052,2,CASE-PO-000052_2,一次組立,A020,MB000103,MG001,WC000052,45,180,25,205,2026/07/02 16:07:23,2026/07/03 10:32:00,,EQ-A020,9005,高橋 四郎,25,45,100.0,1,2.2,2026/07/02 16:07:23,2026/07/03 09:58:37,,,,,,完了,2026/07/03 09:58:37
CASE-PO-000052,CASE-PN-000052,3,CASE-PO-000052_3,二次組立,A030,MB000103,MG001,WC000053,45,150,20,170,2026/07/03 12:30:20,2026/07/03 15:20:20,,EQ-A030,9005,高橋 四郎,20,44,97.8,1,2.2,2026/07/03 12:30:20,2026/07/03 15:15:22,,,,,,完了,2026/07/03 15:15:22
CASE-PO-000052,CASE-PN-000052,4,CASE-PO-000052_4,完成検査,A040,MB000103,MG001,WC000054,45,60,0,60,2026/07/04 00:05:03,2026/07/06 09:30:00,,EQ-A040,9005,高橋 四郎,0,44,97.8,1,2.2,2026/07/06 08:30:00,2026/07/06 09:42:15,,,,,,完了,2026/07/06 09:42:15
CASE-PO-000053,CASE-PN-000053,1,CASE-PO-000053_1,部品準備,A010,MB000101,MG001,WC000051,48,45,10,55,2026/06/26 08:30:00,2026/06/26 09:25:00,,EQ-A010,9001,山田 太郎,10,48,100.0,1,2.1,2026/06/26 08:30:00,2026/06/26 09:15:00,,,,,,完了,2026/06/26 09:15:00
CASE-PO-000053,CASE-PN-000053,2,CASE-PO-000053_2,一次組立,A020,MB000101,MG001,WC000052,48,180,25,205,2026/06/26 10:36:41,2026/06/26 14:01:41,,EQ-A020,9001,山田 太郎,25,47,97.9,0,0.0,2026/06/26 10:36:41,2026/06/26 14:13:15,,,,,,完了,2026/06/26 14:13:15
CASE-PO-000053,CASE-PN-000053,3,CASE-PO-000053_3,二次組立,A030,MB000101,MG001,WC000053,48,150,20,170,2026/06/27 01:29:11,2026/06/29 11:20:00,,EQ-A030,9001,山田 太郎,20,47,97.9,1,2.1,2026/06/29 08:30:00,2026/06/29 11:22:05,,,,,,完了,2026/06/29 11:22:05
CASE-PO-000053,CASE-PN-000053,4,CASE-PO-000053_4,完成検査,A040,MB000101,MG001,WC000054,48,60,0,60,2026/06/29 16:52:13,2026/06/30 08:52:00,,EQ-A040,9001,山田 太郎,0,47,97.9,0,0.0,2026/06/29 16:52:13,2026/06/30 09:00:52,,,,,,完了,2026/06/30 09:00:52
CASE-PO-000054,CASE-PN-000054,1,CASE-PO-000054_1,部品準備,A010,MB000101,MG001,WC000051,87,45,10,55,2026/06/19 08:30:00,2026/06/19 09:25:00,,EQ-A010,9003,佐藤 次郎,10,86,98.9,0,0.0,2026/06/19 08:30:00,2026/06/19 09:19:11,,,,,,完了,2026/06/19 09:19:11
CASE-PO-000054,CASE-PN-000054,2,CASE-PO-000054_2,一次組立,A020,MB000101,MG001,WC000052,87,180,25,205,2026/06/19 10:27:09,2026/06/19 13:52:09,,EQ-A020,9003,佐藤 次郎,25,86,98.9,1,1.1,2026/06/19 10:27:09,2026/06/19 13:48:11,,,,,,完了,2026/06/19 13:48:11
CASE-PO-000054,CASE-PN-000054,3,CASE-PO-000054_3,二次組立,A030,MB000101,MG001,WC000053,87,150,20,170,2026/06/20 00:35:28,2026/06/22 11:20:00,,EQ-A030,9003,佐藤 次郎,20,85,97.7,0,0.0,2026/06/22 08:30:00,2026/06/22 10:40:04,,,,,,完了,2026/06/22 10:40:04
CASE-PO-000054,CASE-PN-000054,4,CASE-PO-000054_4,完成検査,A040,MB000101,MG001,WC000054,87,60,0,60,2026/06/22 20:09:55,2026/06/23 09:30:00,,EQ-A040,9003,佐藤 次郎,0,86,98.9,0,0.0,2026/06/23 08:30:00,2026/06/23 09:40:55,,,,,,完了,2026/06/23 09:40:55
CASE-PO-000055,CASE-PN-000055,1,CASE-PO-000055_1,部品準備,A010,MB000101,MG001,WC000051,98,45,10,55,2026/05/11 08:30:00,2026/05/11 09:25:00,,EQ-A010,9002,鈴木 花子,10,98,100.0,1,1.0,2026/05/11 08:30:00,2026/05/11 09:19:00,,,,,,完了,2026/05/11 09:19:00
CASE-PO-000055,CASE-PN-000055,2,CASE-PO-000055_2,一次組立,A020,MB000101,MG001,WC000052,98,180,25,205,2026/05/11 12:45:00,2026/05/11 16:10:00,,EQ-A020,9002,鈴木 花子,25,96,98.0,0,0.0,2026/05/11 12:45:00,2026/05/11 15:31:56,,,,,,完了,2026/05/11 15:31:56
CASE-PO-000055,CASE-PN-000055,3,CASE-PO-000055_3,二次組立,A030,MB000101,MG001,WC000053,98,150,20,170,2026/05/11 18:02:07,2026/05/12 11:20:00,,EQ-A030,9002,鈴木 花子,20,97,99.0,1,1.0,2026/05/12 08:30:00,2026/05/12 11:08:08,,,,,,完了,2026/05/12 11:08:08
CASE-PO-000055,CASE-PN-000055,4,CASE-PO-000055_4,完成検査,A040,MB000101,MG001,WC000054,98,60,0,60,2026/05/12 12:42:27,2026/05/12 13:42:27,,EQ-A040,9002,鈴木 花子,0,98,100.0,0,0.0,2026/05/12 12:42:27,2026/05/12 13:52:06,,,,,,完了,2026/05/12 13:52:06
CASE-PO-000056,CASE-PN-000056,1,CASE-PO-000056_1,部品準備,A010,MB000103,MG001,WC000051,61,45,10,55,2026/06/05 08:30:00,2026/06/05 09:25:00,,EQ-A010,9002,鈴木 花子,10,61,100.0,0,0.0,2026/06/05 08:30:00,2026/06/05 09:23:27,,,,,,完了,2026/06/05 09:23:27
CASE-PO-000056,CASE-PN-000056,2,CASE-PO-000056_2,一次組立,A020,MB000103,MG001,WC000052,61,180,25,205,2026/06/05 11:02:30,2026/06/05 14:27:30,,EQ-A020,9002,鈴木 花子,25,61,100.0,1,1.6,2026/06/05 11:02:30,2026/06/05 13:58:56,,,,,,完了,2026/06/05 13:58:56
CASE-PO-000056,CASE-PN-000056,3,CASE-PO-000056_3,二次組立,A030,MB000103,MG001,WC000053,61,150,20,170,2026/06/05 18:21:43,2026/06/08 11:20:00,,EQ-A030,9002,鈴木 花子,20,59,96.7,0,0.0,2026/06/08 08:30:00,2026/06/08 11:31:48,,,,,,完了,2026/06/08 11:31:48
CASE-PO-000056,CASE-PN-000056,4,CASE-PO-000056_4,完成検査,A040,MB000103,MG001,WC000054,61,60,0,60,2026/06/08 15:24:49,2026/06/08 16:24:49,,EQ-A040,9002,鈴木 花子,0,60,98.4,0,0.0,2026/06/08 15:24:49,2026/06/08 16:27:46,,,,,,完了,2026/06/08 16:27:46
CASE-PO-000057,CASE-PN-000057,1,CASE-PO-000057_1,部品準備,A010,MB000103,MG001,WC000051,80,45,10,55,2026/05/18 08:30:00,2026/05/18 09:25:00,,EQ-A010,9001,山田 太郎,10,79,98.8,1,1.3,2026/05/18 08:30:00,2026/05/18 09:20:58,,,,,,完了,2026/05/18 09:20:58
CASE-PO-000057,CASE-PN-000057,2,CASE-PO-000057_2,一次組立,A020,MB000103,MG001,WC000052,80,180,25,205,2026/05/18 13:51:34,2026/05/18 17:16:34,,EQ-A020,9001,山田 太郎,25,78,97.5,1,1.3,2026/05/18 13:51:34,2026/05/18 17:14:27,,,,,,完了,2026/05/18 17:14:27
CASE-PO-000057,CASE-PN-000057,3,CASE-PO-000057_3,二次組立,A030,MB000103,MG001,WC000053,80,150,20,170,2026/05/19 04:43:28,2026/05/19 11:20:00,,EQ-A030,9001,山田 太郎,20,80,100.0,1,1.3,2026/05/19 08:30:00,2026/05/19 11:10:00,,,,,,完了,2026/05/19 11:10:00
CASE-PO-000057,CASE-PN-000057,4,CASE-PO-000057_4,完成検査,A040,MB000103,MG001,WC000054,80,60,0,60,2026/05/19 14:48:34,2026/05/19 15:48:34,,EQ-A040,9001,山田 太郎,0,79,98.8,1,1.3,2026/05/19 14:48:34,2026/05/19 15:58:30,,,,,,完了,2026/05/19 15:58:30
CASE-PO-000058,CASE-PN-000058,1,CASE-PO-000058_1,部品準備,A010,MB000103,MG001,WC000051,73,45,10,55,2026/05/21 08:30:00,2026/05/21 09:25:00,,EQ-A010,9005,高橋 四郎,10,73,100.0,0,0.0,2026/05/21 08:30:00,2026/05/21 09:19:20,,,,,,完了,2026/05/21 09:19:20
CASE-PO-000058,CASE-PN-000058,2,CASE-PO-000058_2,一次組立,A020,MB000103,MG001,WC000052,73,180,25,205,2026/05/21 13:57:19,2026/05/21 17:22:19,,EQ-A020,9005,高橋 四郎,25,72,98.6,1,1.4,2026/05/21 13:57:19,2026/05/21 17:27:59,,,,,,完了,2026/05/21 17:27:59
CASE-PO-000058,CASE-PN-000058,3,CASE-PO-000058_3,二次組立,A030,MB000103,MG001,WC000053,73,150,20,170,2026/05/22 01:17:33,2026/05/22 11:20:00,,EQ-A030,9005,高橋 四郎,20,71,97.3,0,0.0,2026/05/22 08:30:00,2026/05/22 11:35:22,,,,,,完了,2026/05/22 11:35:22
CASE-PO-000058,CASE-PN-000058,4,CASE-PO-000058_4,完成検査,A040,MB000103,MG001,WC000054,73,60,0,60,2026/05/22 17:25:23,2026/05/25 09:25:00,,EQ-A040,9005,高橋 四郎,0,72,98.6,1,1.4,2026/05/22 17:25:23,2026/05/25 09:24:30,,,,,,完了,2026/05/25 09:24:30
CASE-PO-000059,CASE-PN-000059,1,CASE-PO-000059_1,部品準備,A010,MB000102,MG001,WC000051,64,45,10,55,2026/05/25 08:30:00,2026/05/25 09:25:00,,EQ-A010,9005,高橋 四郎,10,62,96.9,1,1.6,2026/05/25 08:30:00,2026/05/25 09:14:19,,,,,,完了,2026/05/25 09:14:19
CASE-PO-000059,CASE-PN-000059,2,CASE-PO-000059_2,一次組立,A020,MB000102,MG001,WC000052,64,180,25,205,2026/05/25 10:45:44,2026/05/25 14:10:44,,EQ-A020,9005,高橋 四郎,25,63,98.4,0,0.0,2026/05/25 10:45:44,2026/05/25 13:24:43,,,,,,完了,2026/05/25 13:24:43
CASE-PO-000059,CASE-PN-000059,3,CASE-PO-000059_3,二次組立,A030,MB000102,MG001,WC000053,64,150,20,170,2026/05/25 19:59:21,2026/05/26 11:20:00,,EQ-A030,9005,高橋 四郎,20,63,98.4,1,1.6,2026/05/26 08:30:00,2026/05/26 11:15:40,,,,,,完了,2026/05/26 11:15:40
CASE-PO-000059,CASE-PN-000059,4,CASE-PO-000059_4,完成検査,A040,MB000102,MG001,WC000054,64,60,0,60,2026/05/26 13:15:52,2026/05/26 14:15:52,,EQ-A040,9005,高橋 四郎,0,63,98.4,1,1.6,2026/05/26 13:15:52,2026/05/26 14:10:23,,,,,,完了,2026/05/26 14:10:23
CASE-PO-000060,CASE-PN-000060,1,CASE-PO-000060_1,部品準備,A010,MB000101,MG001,WC000051,81,45,10,55,2026/05/18 08:30:00,2026/05/18 09:25:00,,EQ-A010,9003,佐藤 次郎,10,80,98.8,0,0.0,2026/05/18 08:30:00,2026/05/18 09:13:23,,,,,,完了,2026/05/18 09:13:23
CASE-PO-000060,CASE-PN-000060,2,CASE-PO-000060_2,一次組立,A020,MB000101,MG001,WC000052,81,180,25,205,2026/05/18 13:08:06,2026/05/18 16:33:06,,EQ-A020,9003,佐藤 次郎,25,79,97.5,0,0.0,2026/05/18 13:08:06,2026/05/18 16:39:12,,,,,,完了,2026/05/18 16:39:12
CASE-PO-000060,CASE-PN-000060,3,CASE-PO-000060_3,二次組立,A030,MB000101,MG001,WC000053,81,150,20,170,2026/05/18 21:05:34,2026/05/19 11:20:00,,EQ-A030,9003,佐藤 次郎,20,81,100.0,1,1.2,2026/05/19 08:30:00,2026/05/19 11:24:47,,,,,,完了,2026/05/19 11:24:47
CASE-PO-000060,CASE-PN-000060,4,CASE-PO-000060_4,完成検査,A040,MB000101,MG001,WC000054,81,60,0,60,2026/05/19 12:45:47,2026/05/19 13:45:47,,EQ-A040,9003,佐藤 次郎,0,80,98.8,1,1.2,2026/05/19 12:45:47,2026/05/19 13:52:16,,,,,,完了,2026/05/19 13:52:16
CASE-PO-000061,CASE-PN-000061,1,CASE-PO-000061_1,部品準備,A010,MB000102,MG001,WC000051,189,45,10,55,2026/06/10 08:30:00,2026/06/10 09:25:00,,EQ-A010,9001,山田 太郎,10,188,99.5,0,0.0,2026/06/10 08:30:00,2026/06/10 09:20:15,,,,,,完了,2026/06/10 09:20:15
CASE-PO-000061,CASE-PN-000061,2,CASE-PO-000061_2,一次組立,A020,MB000102,MG001,WC000052,189,180,25,205,2026/06/10 15:06:40,2026/06/11 09:31:00,,EQ-A020,9001,山田 太郎,25,188,99.5,1,0.5,2026/06/10 15:06:40,2026/06/11 08:49:34,,,,,,完了,2026/06/11 08:49:34
CASE-PO-000061,CASE-PN-000061,3,CASE-PO-000061_3,二次組立,A030,MB000102,MG001,WC000053,189,150,20,170,2026/06/11 17:53:27,2026/06/12 11:20:00,,EQ-A030,9001,山田 太郎,20,185,97.9,1,0.5,2026/06/12 08:30:00,2026/06/12 11:09:01,,,,,,完了,2026/06/12 11:09:01
CASE-PO-000061,CASE-PN-000061,4,CASE-PO-000061_4,完成検査,A040,MB000102,MG001,WC000054,189,60,0,60,2026/06/12 14:27:29,2026/06/12 15:27:29,,EQ-A040,9001,山田 太郎,0,186,98.4,1,0.5,2026/06/12 14:27:29,2026/06/12 15:27:13,,,,,,完了,2026/06/12 15:27:13
CASE-PO-000062,CASE-PN-000062,1,CASE-PO-000062_1,部品準備,A010,MB000101,MG001,WC000051,78,45,10,55,2026/05/11 08:30:00,2026/05/11 09:25:00,,EQ-A010,9005,高橋 四郎,10,77,98.7,1,1.3,2026/05/11 08:30:00,2026/05/11 09:24:13,,,,,,完了,2026/05/11 09:24:13
CASE-PO-000062,CASE-PN-000062,2,CASE-PO-000062_2,一次組立,A020,MB000101,MG001,WC000052,78,180,25,205,2026/05/11 15:59:51,2026/05/12 10:24:00,,EQ-A020,9005,高橋 四郎,25,77,98.7,1,1.3,2026/05/11 15:59:51,2026/05/12 10:30:21,,,,,,完了,2026/05/12 10:30:21
CASE-PO-000062,CASE-PN-000062,3,CASE-PO-000062_3,二次組立,A030,MB000101,MG001,WC000053,78,150,20,170,2026/05/12 19:28:13,2026/05/13 11:20:00,,EQ-A030,9005,高橋 四郎,20,78,100.0,0,0.0,2026/05/13 08:30:00,2026/05/13 10:52:58,,,,,,完了,2026/05/13 10:52:58
CASE-PO-000062,CASE-PN-000062,4,CASE-PO-000062_4,完成検査,A040,MB000101,MG001,WC000054,78,60,0,60,2026/05/13 17:44:36,2026/05/14 09:30:00,,EQ-A040,9005,高橋 四郎,0,77,98.7,1,1.3,2026/05/14 08:30:00,2026/05/14 09:42:28,,,,,,完了,2026/05/14 09:42:28
CASE-PO-000063,CASE-PN-000063,1,CASE-PO-000063_1,部品準備,A010,MB000103,MG001,WC000051,83,45,10,55,2026/05/25 08:30:00,2026/05/25 09:25:00,,EQ-A010,9001,山田 太郎,10,82,98.8,1,1.2,2026/05/25 08:30:00,2026/05/25 09:15:50,,,,,,完了,2026/05/25 09:15:50
CASE-PO-000063,CASE-PN-000063,2,CASE-PO-000063_2,一次組立,A020,MB000103,MG001,WC000052,83,180,25,205,2026/05/25 14:01:34,2026/05/25 17:26:34,,EQ-A020,9001,山田 太郎,25,83,100.0,1,1.2,2026/05/25 14:01:34,2026/05/25 16:53:16,,,,,,完了,2026/05/25 16:53:16
CASE-PO-000063,CASE-PN-000063,3,CASE-PO-000063_3,二次組立,A030,MB000103,MG001,WC000053,83,150,20,170,2026/05/25 22:14:56,2026/05/26 11:20:00,,EQ-A030,9001,山田 太郎,20,82,98.8,1,1.2,2026/05/26 08:30:00,2026/05/26 10:52:45,,,,,,完了,2026/05/26 10:52:45
CASE-PO-000063,CASE-PN-000063,4,CASE-PO-000063_4,完成検査,A040,MB000103,MG001,WC000054,83,60,0,60,2026/05/26 13:52:23,2026/05/26 14:52:23,,EQ-A040,9001,山田 太郎,0,82,98.8,1,1.2,2026/05/26 13:52:23,2026/05/26 15:06:01,,,,,,完了,2026/05/26 15:06:01
CASE-PO-000064,CASE-PN-000064,1,CASE-PO-000064_1,部品準備,A010,MB000101,MG001,WC000051,95,45,10,55,2026/06/22 08:30:00,2026/06/22 09:25:00,,EQ-A010,9003,佐藤 次郎,10,93,97.9,1,1.1,2026/06/22 08:30:00,2026/06/22 09:09:26,,,,,,完了,2026/06/22 09:09:26
CASE-PO-000064,CASE-PN-000064,2,CASE-PO-000064_2,一次組立,A020,MB000101,MG001,WC000052,95,180,25,205,2026/06/22 15:53:14,2026/06/23 10:18:00,,EQ-A020,9003,佐藤 次郎,25,93,97.9,1,1.1,2026/06/22 15:53:14,2026/06/23 09:57:58,,,,,,完了,2026/06/23 09:57:58
CASE-PO-000064,CASE-PN-000064,3,CASE-PO-000064_3,二次組立,A030,MB000101,MG001,WC000053,95,150,20,170,2026/06/23 19:10:14,2026/06/24 11:20:00,,EQ-A030,9003,佐藤 次郎,20,94,98.9,1,1.1,2026/06/24 08:30:00,2026/06/24 11:14:05,,,,,,完了,2026/06/24 11:14:05
CASE-PO-000064,CASE-PN-000064,4,CASE-PO-000064_4,完成検査,A040,MB000101,MG001,WC000054,95,60,0,60,2026/06/24 18:03:38,2026/06/25 09:30:00,,EQ-A040,9003,佐藤 次郎,0,94,98.9,1,1.1,2026/06/25 08:30:00,2026/06/25 09:30:57,,,,,,完了,2026/06/25 09:30:57
CASE-PO-000065,CASE-PN-000065,1,CASE-PO-000065_1,部品準備,A010,MB000102,MG001,WC000051,75,45,10,55,2026/06/22 08:30:00,2026/06/22 09:25:00,,EQ-A010,9002,鈴木 花子,10,74,98.7,1,1.3,2026/06/22 08:30:00,2026/06/22 09:25:20,,,,,,完了,2026/06/22 09:25:20
CASE-PO-000065,CASE-PN-000065,2,CASE-PO-000065_2,一次組立,A020,MB000102,MG001,WC000052,75,180,25,205,2026/06/22 16:58:38,2026/06/23 11:23:00,,EQ-A020,9002,鈴木 花子,25,75,100.0,0,0.0,2026/06/22 16:58:38,2026/06/23 11:22:02,,,,,,完了,2026/06/23 11:22:02
CASE-PO-000065,CASE-PN-000065,3,CASE-PO-000065_3,二次組立,A030,MB000102,MG001,WC000053,75,150,20,170,2026/06/23 17:57:04,2026/06/24 11:20:00,,EQ-A030,9002,鈴木 花子,20,74,98.7,1,1.3,2026/06/24 08:30:00,2026/06/24 11:35:56,,,,,,完了,2026/06/24 11:35:56
CASE-PO-000065,CASE-PN-000065,4,CASE-PO-000065_4,完成検査,A040,MB000102,MG001,WC000054,75,60,0,60,2026/06/24 18:55:41,2026/06/25 09:30:00,,EQ-A040,9002,鈴木 花子,0,73,97.3,1,1.3,2026/06/25 08:30:00,2026/06/25 09:35:13,,,,,,完了,2026/06/25 09:35:13
CASE-PO-000066,CASE-PN-000066,1,CASE-PO-000066_1,部品準備,A010,MB000103,MG001,WC000051,69,45,10,55,2026/06/04 08:30:00,2026/06/04 09:25:00,,EQ-A010,9001,山田 太郎,10,68,98.6,1,1.4,2026/06/04 08:30:00,2026/06/04 09:11:05,,,,,,完了,2026/06/04 09:11:05
CASE-PO-000066,CASE-PN-000066,2,CASE-PO-000066_2,一次組立,A020,MB000103,MG001,WC000052,69,180,25,205,2026/06/04 12:10:36,2026/06/04 15:35:36,,EQ-A020,9001,山田 太郎,25,68,98.6,1,1.4,2026/06/04 12:10:36,2026/06/04 15:24:54,,,,,,完了,2026/06/04 15:24:54
CASE-PO-000066,CASE-PN-000066,3,CASE-PO-000066_3,二次組立,A030,MB000103,MG001,WC000053,69,150,20,170,2026/06/04 20:27:47,2026/06/05 11:20:00,,EQ-A030,9001,山田 太郎,20,68,98.6,1,1.4,,2026/06/05 10:44:59,,,,,,完了,2026/06/05 10:44:59
CASE-PO-000066,CASE-PN-000066,4,CASE-PO-000066_4,完成検査,A040,MB000103,MG001,WC000054,69,60,0,60,2026/06/05 12:15:21,2026/06/05 13:15:21,,EQ-A040,9001,山田 太郎,0,67,97.1,1,1.4,2026/06/05 12:15:21,2026/06/05 13:15:38,,,,,,完了,2026/06/05 13:15:38
CASE-PO-000067,CASE-PN-000067,1,CASE-PO-000067_1,部品準備,A010,MB000101,MG001,WC000051,51,45,10,55,2026/05/18 08:30:00,2026/05/18 09:25:00,,EQ-A010,9004,田中 三郎,10,51,100.0,1,2.0,2026/05/18 08:30:00,2026/05/18 09:22:04,,,,,,完了,2026/05/18 09:22:04
CASE-PO-000067,CASE-PN-000067,2,CASE-PO-000067_2,一次組立,A020,MB000101,MG001,WC000052,51,180,25,205,2026/05/18 16:13:41,2026/05/19 10:38:00,,EQ-A020,9004,田中 三郎,25,51,100.0,1,2.0,2026/05/18 16:13:41,2026/05/19 10:20:17,,,,,,完了,2026/05/19 10:20:17
CASE-PO-000067,CASE-PN-000067,3,CASE-PO-000067_3,二次組立,A030,MB000101,MG001,WC000053,51,150,20,170,2026/05/19 21:01:53,2026/05/20 11:20:00,,EQ-A030,9004,田中 三郎,20,51,100.0,1,2.0,2026/05/20 08:30:00,2026/05/20 11:35:59,,,,,,完了,2026/05/20 11:35:59
CASE-PO-000067,CASE-PN-000067,4,CASE-PO-000067_4,完成検査,A040,MB000101,MG001,WC000054,51,60,0,60,2026/05/20 16:00:42,2026/05/20 17:00:42,,EQ-A040,9004,田中 三郎,0,51,100.0,1,2.0,2026/05/20 16:00:42,2026/05/20 17:10:33,,,,,,完了,2026/05/20 17:10:33
CASE-PO-000068,CASE-PN-000068,1,CASE-PO-000068_1,部品準備,A010,MB000101,MG001,WC000051,53,45,10,55,2026/05/11 08:30:00,2026/05/11 09:25:00,,EQ-A010,9003,佐藤 次郎,10,53,100.0,1,1.9,2026/05/11 08:30:00,2026/05/11 09:10:53,,,,,,完了,2026/05/11 09:10:53
CASE-PO-000068,CASE-PN-000068,2,CASE-PO-000068_2,一次組立,A020,MB000101,MG001,WC000052,53,180,25,205,2026/05/11 11:00:55,2026/05/11 14:25:55,,EQ-A020,9003,佐藤 次郎,25,52,98.1,0,0.0,2026/05/11 11:00:55,2026/05/11 14:42:33,,,,,,完了,2026/05/11 14:42:33
CASE-PO-000068,CASE-PN-000068,3,CASE-PO-000068_3,二次組立,A030,MB000101,MG001,WC000053,53,150,20,170,2026/05/11 23:37:01,2026/05/12 11:20:00,,EQ-A030,9003,佐藤 次郎,20,52,98.1,0,0.0,2026/05/12 08:30:00,2026/05/12 11:08:25,,,,,,完了,2026/05/12 11:08:25
CASE-PO-000068,CASE-PN-000068,4,CASE-PO-000068_4,完成検査,A040,MB000101,MG001,WC000054,53,60,0,60,2026/05/12 14:57:59,2026/05/12 15:57:59,,EQ-A040,9003,佐藤 次郎,0,53,100.0,0,0.0,2026/05/12 14:57:59,2026/05/12 15:51:54,,,,,,完了,2026/05/12 15:51:54
CASE-PO-000069,CASE-PN-000069,1,CASE-PO-000069_1,部品準備,A010,MB000103,MG001,WC000051,32,45,10,55,2026/05/21 08:30:00,2026/05/21 09:25:00,,EQ-A010,9002,鈴木 花子,10,31,96.9,0,0.0,2026/05/21 08:30:00,2026/05/21 09:13:10,,,,,,完了,2026/05/21 09:13:10
CASE-PO-000069,CASE-PN-000069,2,CASE-PO-000069_2,一次組立,A020,MB000103,MG001,WC000052,32,180,25,205,2026/05/21 12:38:03,2026/05/21 16:03:03,,EQ-A020,9002,鈴木 花子,25,31,96.9,0,0.0,2026/05/21 12:38:03,2026/05/21 15:17:31,,,,,,完了,2026/05/21 15:17:31
CASE-PO-000069,CASE-PN-000069,3,CASE-PO-000069_3,二次組立,A030,MB000103,MG001,WC000053,32,150,20,170,2026/05/21 22:09:48,2026/05/22 11:20:00,,EQ-A030,9002,鈴木 花子,20,32,100.0,0,0.0,2026/05/22 08:30:00,2026/05/22 11:00:02,,,,,,完了,2026/05/22 11:00:02
CASE-PO-000069,CASE-PN-000069,4,CASE-PO-000069_4,完成検査,A040,MB000103,MG001,WC000054,32,60,0,60,2026/05/22 19:22:10,2026/05/25 09:30:00,,EQ-A040,9002,鈴木 花子,0,32,100.0,0,0.0,2026/05/25 08:30:00,2026/05/25 09:25:04,,,,,,完了,2026/05/25 09:25:04
CASE-PO-000070,CASE-PN-000070,1,CASE-PO-000070_1,部品準備,A010,MB000101,MG001,WC000051,95,45,10,55,2026/06/19 08:30:00,2026/06/19 09:25:00,,EQ-A010,9002,鈴木 花子,10,92,96.8,1,1.1,2026/06/19 08:30:00,2026/06/19 09:25:41,,,,,,完了,2026/06/19 09:25:41
CASE-PO-000070,CASE-PN-000070,2,CASE-PO-000070_2,一次組立,A020,MB000101,MG001,WC000052,95,180,25,205,2026/06/19 13:56:47,2026/06/19 17:21:47,,EQ-A020,9002,鈴木 花子,25,93,97.9,1,1.1,2026/06/19 13:56:47,2026/06/19 16:47:45,,,,,,完了,2026/06/19 16:47:45
CASE-PO-000070,CASE-PN-000070,3,CASE-PO-000070_3,二次組立,A030,MB000101,MG001,WC000053,95,150,20,170,2026/06/19 21:46:18,2026/06/22 11:20:00,,EQ-A030,9002,鈴木 花子,20,93,97.9,0,0.0,2026/06/22 08:30:00,2026/06/22 11:17:10,,,,,,完了,2026/06/22 11:17:10
CASE-PO-000070,CASE-PN-000070,4,CASE-PO-000070_4,完成検査,A040,MB000101,MG001,WC000054,95,60,0,60,2026/06/22 14:08:20,2026/06/22 15:08:20,,EQ-A040,9002,鈴木 花子,0,92,96.8,0,0.0,2026/06/22 14:08:20,2026/06/22 15:11:57,,,,,,完了,2026/06/22 15:11:57
CASE-PO-000071,CASE-PN-000071,1,CASE-PO-000071_1,部品準備,A010,MB000103,MG001,WC000051,89,45,10,55,2026/06/19 08:30:00,2026/06/19 09:25:00,,EQ-A010,9002,鈴木 花子,10,88,98.9,1,1.1,2026/06/19 08:30:00,2026/06/19 09:25:13,,,,,,完了,2026/06/19 09:25:13
CASE-PO-000071,CASE-PN-000071,2,CASE-PO-000071_2,一次組立,A020,MB000103,MG001,WC000052,89,180,25,205,2026/06/19 11:12:30,2026/06/19 14:37:30,,EQ-A020,9002,鈴木 花子,25,88,98.9,1,1.1,2026/06/19 11:12:30,2026/06/19 14:48:41,,,,,,完了,2026/06/19 14:48:41
CASE-PO-000071,CASE-PN-000071,3,CASE-PO-000071_3,二次組立,A030,MB000103,MG001,WC000053,89,150,20,170,2026/06/20 01:44:02,2026/06/22 11:20:00,,EQ-A030,9002,鈴木 花子,20,88,98.9,1,1.1,2026/06/22 08:30:00,2026/06/22 11:11:47,,,,,,完了,2026/06/22 11:11:47
CASE-PO-000071,CASE-PN-000071,4,CASE-PO-000071_4,完成検査,A040,MB000103,MG001,WC000054,89,60,0,60,2026/06/22 18:40:03,2026/06/23 09:30:00,,EQ-A040,9002,鈴木 花子,0,87,97.8,1,1.1,2026/06/23 08:30:00,2026/06/23 09:43:32,,,,,,完了,2026/06/23 09:43:32
CASE-PO-000072,CASE-PN-000072,1,CASE-PO-000072_1,部品準備,A010,MB000103,MG001,WC000051,40,45,10,55,2026/06/18 08:30:00,2026/06/18 09:25:00,,EQ-A010,9001,山田 太郎,10,40,100.0,0,0.0,2026/06/18 08:30:00,2026/06/18 09:18:16,,,,,,完了,2026/06/18 09:18:16
CASE-PO-000072,CASE-PN-000072,2,CASE-PO-000072_2,一次組立,A020,MB000103,MG001,WC000052,40,180,25,205,2026/06/18 11:07:51,2026/06/18 14:32:51,,EQ-A020,9001,山田 太郎,25,40,100.0,1,2.5,2026/06/18 11:07:51,2026/06/18 14:31:25,,,,,,完了,2026/06/18 14:31:25
CASE-PO-000072,CASE-PN-000072,3,CASE-PO-000072_3,二次組立,A030,MB000103,MG001,WC000053,40,150,20,170,2026/06/18 18:56:59,2026/06/19 11:20:00,,EQ-A030,9001,山田 太郎,20,39,97.5,0,0.0,2026/06/19 08:30:00,2026/06/19 11:28:01,,,,,,完了,2026/06/19 11:28:01
CASE-PO-000072,CASE-PN-000072,4,CASE-PO-000072_4,完成検査,A040,MB000103,MG001,WC000054,40,60,0,60,2026/06/19 16:45:45,2026/06/22 08:45:00,,EQ-A040,9001,山田 太郎,0,39,97.5,1,2.5,2026/06/19 16:45:45,2026/06/22 08:58:47,,,,,,完了,2026/06/22 08:58:47
CASE-PO-000073,CASE-PN-000073,1,CASE-PO-000073_1,部品準備,A010,MB000101,MG001,WC000051,43,45,10,55,2026/06/02 08:30:00,2026/06/02 09:25:00,,EQ-A010,9001,山田 太郎,10,42,97.7,1,2.3,2026/06/02 08:30:00,2026/06/02 09:14:59,,,,,,完了,2026/06/02 09:14:59
CASE-PO-000073,CASE-PN-000073,2,CASE-PO-000073_2,一次組立,A020,MB000101,MG001,WC000052,43,180,25,205,2026/06/02 11:59:30,2026/06/02 15:24:30,,EQ-A020,9001,山田 太郎,25,43,100.0,0,0.0,2026/06/02 11:59:30,2026/06/02 15:35:26,,,,,,完了,2026/06/02 15:35:26
CASE-PO-000073,CASE-PN-000073,3,CASE-PO-000073_3,二次組立,A030,MB000101,MG001,WC000053,43,150,20,170,2026/06/03 02:31:21,2026/06/03 11:20:00,,EQ-A030,9001,山田 太郎,20,42,97.7,0,0.0,2026/06/03 08:30:00,2026/06/03 11:16:22,,,,,,完了,2026/06/03 11:16:22
CASE-PO-000073,CASE-PN-000073,4,CASE-PO-000073_4,完成検査,A040,MB000101,MG001,WC000054,43,60,0,60,2026/06/03 20:08:04,2026/06/04 09:30:00,,EQ-A040,9001,山田 太郎,0,43,100.0,1,2.3,2026/06/04 08:30:00,2026/06/04 09:36:57,,,,,,完了,2026/06/04 09:36:57
CASE-PO-000074,CASE-PN-000074,1,CASE-PO-000074_1,部品準備,A010,MB000101,MG001,WC000051,110,45,10,55,2026/06/30 08:30:00,2026/06/30 09:25:00,,EQ-A010,9003,佐藤 次郎,10,107,97.3,2,1.8,2026/06/30 08:30:00,2026/06/30 09:15:01,,,,,,完了,2026/06/30 09:15:01
CASE-PO-000074,CASE-PN-000074,2,CASE-PO-000074_2,一次組立,A020,MB000101,MG001,WC000052,110,180,25,205,2026/06/30 14:39:13,2026/07/01 09:04:00,,EQ-A020,9003,佐藤 次郎,25,107,97.3,1,0.9,2026/06/30 14:39:13,2026/07/01 08:38:42,,,,,,完了,2026/07/01 08:38:42
CASE-PO-000074,CASE-PN-000074,3,CASE-PO-000074_3,二次組立,A030,MB000101,MG001,WC000053,110,150,20,170,2026/07/01 17:41:16,2026/07/02 11:20:00,,EQ-A030,9003,佐藤 次郎,20,107,97.3,2,1.8,2026/07/02 08:30:00,2026/07/02 10:54:34,,,,,,完了,2026/07/02 10:54:34
CASE-PO-000074,CASE-PN-000074,4,CASE-PO-000074_4,完成検査,A040,MB000101,MG001,WC000054,110,60,0,60,2026/07/02 16:05:01,2026/07/02 17:05:01,,EQ-A040,9003,佐藤 次郎,0,109,99.1,2,1.8,2026/07/02 16:05:01,2026/07/02 17:16:28,,,,,,完了,2026/07/02 17:16:28
CASE-PO-000075,CASE-PN-000075,1,CASE-PO-000075_1,部品準備,A010,MB000103,MG001,WC000051,39,45,10,55,2026/05/26 08:30:00,2026/05/26 09:25:00,,EQ-A010,9005,高橋 四郎,10,38,97.4,1,2.6,2026/05/26 08:30:00,2026/05/26 09:20:04,,,,,,完了,2026/05/26 09:20:04
CASE-PO-000075,CASE-PN-000075,2,CASE-PO-000075_2,一次組立,A020,MB000103,MG001,WC000052,39,180,25,205,2026/05/26 15:21:41,2026/05/27 09:46:00,,EQ-A020,9005,高橋 四郎,25,38,97.4,0,0.0,2026/05/26 15:21:41,2026/05/27 09:15:03,,,,,,完了,2026/05/27 09:15:03
CASE-PO-000075,CASE-PN-000075,3,CASE-PO-000075_3,二次組立,A030,MB000103,MG001,WC000053,39,150,20,170,2026/05/27 14:55:02,2026/05/28 08:45:00,,EQ-A030,9005,高橋 四郎,20,39,100.0,0,0.0,2026/05/27 14:55:02,2026/05/28 08:54:55,,,,,,完了,2026/05/28 08:54:55
CASE-PO-000075,CASE-PN-000075,4,CASE-PO-000075_4,完成検査,A040,MB000103,MG001,WC000054,39,60,0,60,2026/05/28 15:42:53,2026/05/28 16:42:53,,EQ-A040,9005,高橋 四郎,0,39,100.0,1,2.6,2026/05/28 15:42:53,2026/05/28 16:37:44,,,,,,完了,2026/05/28 16:37:44
CASE-PO-000076,CASE-PN-000076,1,CASE-PO-000076_1,部品準備,A010,MB000101,MG001,WC000051,110,45,10,55,2026/06/17 08:30:00,2026/06/17 09:25:00,,EQ-A010,9004,田中 三郎,10,107,97.3,0,0.0,2026/06/17 08:30:00,2026/06/17 09:17:16,,,,,,完了,2026/06/17 09:17:16
CASE-PO-000076,CASE-PN-000076,2,CASE-PO-000076_2,一次組立,A020,MB000101,MG001,WC000052,110,180,25,205,2026/06/17 11:03:20,2026/06/17 14:28:20,,EQ-A020,9004,田中 三郎,25,108,98.2,0,0.0,2026/06/17 11:03:20,2026/06/17 14:44:46,,,,,,完了,2026/06/17 14:44:46
CASE-PO-000076,CASE-PN-000076,3,CASE-PO-000076_3,二次組立,A030,MB000101,MG001,WC000053,110,150,20,170,2026/06/17 21:43:58,2026/06/18 11:20:00,,EQ-A030,9004,田中 三郎,20,107,97.3,0,0.0,2026/06/18 08:30:00,2026/06/18 11:21:22,,,,,,完了,2026/06/18 11:21:22
CASE-PO-000076,CASE-PN-000076,4,CASE-PO-000076_4,完成検査,A040,MB000101,MG001,WC000054,110,60,0,60,2026/06/18 17:24:54,2026/06/19 09:24:00,,EQ-A040,9004,田中 三郎,0,108,98.2,2,1.8,2026/06/18 17:24:54,2026/06/19 09:37:15,,,,,,完了,2026/06/19 09:37:15
CASE-PO-000077,CASE-PN-000077,1,CASE-PO-000077_1,部品準備,A010,MB000101,MG001,WC000051,101,45,10,55,2026/05/12 08:30:00,2026/05/12 09:25:00,,EQ-A010,9005,高橋 四郎,10,100,99.0,2,2.0,2026/05/12 08:30:00,2026/05/12 09:26:14,,,,,,完了,2026/05/12 09:26:14
CASE-PO-000077,CASE-PN-000077,2,CASE-PO-000077_2,一次組立,A020,MB000101,MG001,WC000052,101,180,25,205,2026/05/12 12:29:30,2026/05/12 15:54:30,,EQ-A020,9005,高橋 四郎,25,101,100.0,2,2.0,2026/05/12 12:29:30,2026/05/12 15:48:59,,,,,,完了,2026/05/12 15:48:59
CASE-PO-000077,CASE-PN-000077,3,CASE-PO-000077_3,二次組立,A030,MB000101,MG001,WC000053,101,150,20,170,2026/05/12 19:54:14,2026/05/13 11:20:00,,EQ-A030,9005,高橋 四郎,20,99,98.0,2,2.0,2026/05/13 08:30:00,2026/05/13 11:29:02,,,,,,完了,2026/05/13 11:29:02
CASE-PO-000077,CASE-PN-000077,4,CASE-PO-000077_4,完成検査,A040,MB000101,MG001,WC000054,101,60,0,60,2026/05/13 13:33:30,2026/05/13 14:33:30,,EQ-A040,9005,高橋 四郎,0,101,100.0,1,1.0,2026/05/13 13:33:30,2026/05/13 14:47:38,,,,,,完了,2026/05/13 14:47:38
CASE-PO-000078,CASE-PN-000078,1,CASE-PO-000078_1,部品準備,A010,MB000102,MG001,WC000051,116,45,10,55,2026/06/03 08:30:00,2026/06/03 09:25:00,,EQ-A010,9001,山田 太郎,10,114,98.3,1,0.9,2026/06/03 08:30:00,2026/06/03 09:15:55,,,,,,完了,2026/06/03 09:15:55
CASE-PO-000078,CASE-PN-000078,2,CASE-PO-000078_2,一次組立,A020,MB000102,MG001,WC000052,116,180,25,205,2026/06/03 17:11:19,2026/06/04 11:36:00,,EQ-A020,9001,山田 太郎,25,115,99.1,1,0.9,2026/06/03 17:11:19,2026/06/04 11:46:19,,,,,,完了,2026/06/04 11:46:19
CASE-PO-000078,CASE-PN-000078,3,CASE-PO-000078_3,二次組立,A030,MB000102,MG001,WC000053,116,150,20,170,2026/06/04 15:16:12,2026/06/05 09:06:00,,EQ-A030,9001,山田 太郎,20,114,98.3,2,1.7,2026/06/04 15:16:12,2026/06/05 08:54:48,,,,,,完了,2026/06/05 08:54:48
CASE-PO-000078,CASE-PN-000078,4,CASE-PO-000078_4,完成検査,A040,MB000102,MG001,WC000054,116,60,0,60,2026/06/05 15:15:52,2026/06/05 16:15:52,,EQ-A040,9001,山田 太郎,0,114,98.3,2,1.7,2026/06/05 15:15:52,2026/06/05 16:29:53,,,,,,完了,2026/06/05 16:29:53
CASE-PO-000079,CASE-PN-000079,1,CASE-PO-000079_1,部品準備,A010,MB000101,MG001,WC000051,116,45,10,55,2026/05/14 08:30:00,2026/05/14 09:25:00,,EQ-A010,9003,佐藤 次郎,10,113,97.4,1,0.9,2026/05/14 08:30:00,2026/05/14 09:22:48,,,,,,完了,2026/05/14 09:22:48
CASE-PO-000079,CASE-PN-000079,2,CASE-PO-000079_2,一次組立,A020,MB000101,MG001,WC000052,116,180,25,205,2026/05/14 15:54:26,2026/05/15 10:19:00,,EQ-A020,9003,佐藤 次郎,25,114,98.3,0,0.0,2026/05/14 15:54:26,2026/05/15 10:07:30,,,,,,完了,2026/05/15 10:07:30
CASE-PO-000079,CASE-PN-000079,3,CASE-PO-000079_3,二次組立,A030,MB000101,MG001,WC000053,116,150,20,170,2026/05/15 15:55:42,2026/05/18 09:45:00,,EQ-A030,9003,佐藤 次郎,20,115,99.1,0,0.0,2026/05/15 15:55:42,2026/05/18 09:54:48,,,,,,完了,2026/05/18 09:54:48
CASE-PO-000079,CASE-PN-000079,4,CASE-PO-000079_4,完成検査,A040,MB000101,MG001,WC000054,116,60,0,60,2026/05/18 18:08:23,2026/05/19 09:30:00,,EQ-A040,9003,佐藤 次郎,0,113,97.4,2,1.7,2026/05/19 08:30:00,2026/05/19 09:31:49,,,,,,完了,2026/05/19 09:31:49
CASE-PO-000080,CASE-PN-000080,1,CASE-PO-000080_1,部品準備,A010,MB000101,MG001,WC000051,112,45,10,55,2026/05/15 08:30:00,2026/05/15 09:25:00,,EQ-A010,9004,田中 三郎,10,111,99.1,0,0.0,2026/05/15 08:30:00,2026/05/15 09:21:26,,,,,,完了,2026/05/15 09:21:26
CASE-PO-000080,CASE-PN-000080,2,CASE-PO-000080_2,一次組立,A020,MB000101,MG001,WC000052,112,180,25,205,2026/05/15 12:06:29,2026/05/15 15:31:29,,EQ-A020,9004,田中 三郎,25,112,100.0,2,1.8,2026/05/15 12:06:29,2026/05/15 15:48:49,,,,,,完了,2026/05/15 15:48:49
CASE-PO-000080,CASE-PN-000080,3,CASE-PO-000080_3,二次組立,A030,MB000101,MG001,WC000053,112,150,20,170,2026/05/15 17:52:06,2026/05/18 11:20:00,,EQ-A030,9004,田中 三郎,20,110,98.2,1,0.9,2026/05/18 08:30:00,2026/05/18 11:32:32,,,,,,完了,2026/05/18 11:32:32
CASE-PO-000080,CASE-PN-000080,4,CASE-PO-000080_4,完成検査,A040,MB000101,MG001,WC000054,112,60,0,60,2026/05/18 18:13:06,2026/05/19 09:30:00,,EQ-A040,9004,田中 三郎,0,111,99.1,0,0.0,2026/05/19 08:30:00,2026/05/19 09:35:42,,,,,,完了,2026/05/19 09:35:42
CASE-PO-000081,CASE-PN-000081,1,CASE-PO-000081_1,部品準備,A010,MB000102,MG001,WC000051,196,45,10,55,2026/06/16 08:30:00,2026/06/16 09:25:00,,EQ-A010,9003,佐藤 次郎,10,190,96.9,1,0.5,2026/06/16 08:30:00,2026/06/16 09:24:41,,,,,,完了,2026/06/16 09:24:41
CASE-PO-000081,CASE-PN-000081,2,CASE-PO-000081_2,一次組立,A020,MB000102,MG001,WC000052,196,180,25,205,2026/06/16 17:05:22,2026/06/17 11:30:00,,EQ-A020,9003,佐藤 次郎,25,192,98.0,1,0.5,2026/06/16 17:05:22,2026/06/17 10:54:21,,,,,,完了,2026/06/17 10:54:21
CASE-PO-000081,CASE-PN-000081,3,CASE-PO-000081_3,二次組立,A030,MB000102,MG001,WC000053,196,150,20,170,2026/06/17 16:13:14,2026/06/18 10:03:00,,EQ-A030,9003,佐藤 次郎,20,193,98.5,2,1.0,2026/06/17 16:13:14,2026/06/18 10:01:04,,,,,,完了,2026/06/18 10:01:04
CASE-PO-000081,CASE-PN-000081,4,CASE-PO-000081_4,完成検査,A040,MB000102,MG001,WC000054,196,60,0,60,2026/06/18 16:30:44,2026/06/18 17:30:44,,EQ-A040,9003,佐藤 次郎,0,195,99.5,1,0.5,2026/06/18 16:30:44,2026/06/19 08:32:04,,,,,,完了,2026/06/19 08:32:04
CASE-PO-000082,CASE-PN-000082,1,CASE-PO-000082_1,部品準備,A010,MB000102,MG001,WC000051,96,45,10,55,2026/06/16 08:30:00,2026/06/16 09:25:00,,EQ-A010,9002,鈴木 花子,10,96,100.0,1,1.0,2026/06/16 08:30:00,2026/06/16 09:14:41,,,,,,完了,2026/06/16 09:14:41
CASE-PO-000082,CASE-PN-000082,2,CASE-PO-000082_2,一次組立,A020,MB000102,MG001,WC000052,96,180,25,205,2026/06/16 16:54:45,2026/06/17 11:19:00,,EQ-A020,9002,鈴木 花子,25,95,99.0,1,1.0,2026/06/16 16:54:45,2026/06/17 10:52:04,,,,,,完了,2026/06/17 10:52:04
CASE-PO-000082,CASE-PN-000082,3,CASE-PO-000082_3,二次組立,A030,MB000102,MG001,WC000053,96,150,20,170,2026/06/17 18:27:05,2026/06/18 11:20:00,,EQ-A030,9002,鈴木 花子,20,95,99.0,0,0.0,2026/06/18 08:30:00,2026/06/18 11:34:58,,,,,,完了,2026/06/18 11:34:58
CASE-PO-000082,CASE-PN-000082,4,CASE-PO-000082_4,完成検査,A040,MB000102,MG001,WC000054,96,60,0,60,2026/06/18 18:29:39,2026/06/19 09:30:00,,EQ-A040,9002,鈴木 花子,0,95,99.0,2,2.1,2026/06/19 08:30:00,2026/06/19 09:21:12,,,,,,完了,2026/06/19 09:21:12
CASE-PO-000083,CASE-PN-000083,1,CASE-PO-000083_1,部品準備,A010,MB000103,MG001,WC000051,46,45,10,55,2026/05/18 08:30:00,2026/05/18 09:25:00,,EQ-A010,9004,田中 三郎,10,46,100.0,0,0.0,2026/05/18 08:30:00,2026/05/18 09:24:53,,,,,,完了,2026/05/18 09:24:53
CASE-PO-000083,CASE-PN-000083,2,CASE-PO-000083_2,一次組立,A020,MB000103,MG001,WC000052,46,180,25,205,2026/05/18 17:22:09,2026/05/19 11:47:00,,EQ-A020,9004,田中 三郎,25,45,97.8,1,2.2,2026/05/18 17:22:09,2026/05/19 12:04:35,,,,,,完了,2026/05/19 12:04:35
CASE-PO-000083,CASE-PN-000083,3,CASE-PO-000083_3,二次組立,A030,MB000103,MG001,WC000053,46,150,20,170,2026/05/19 19:58:21,2026/05/20 11:20:00,,EQ-A030,9004,田中 三郎,20,46,100.0,1,2.2,2026/05/20 08:30:00,2026/05/20 11:32:01,,,,,,完了,2026/05/20 11:32:01
CASE-PO-000083,CASE-PN-000083,4,CASE-PO-000083_4,完成検査,A040,MB000103,MG001,WC000054,46,60,0,60,2026/05/20 20:16:19,2026/05/21 09:30:00,,EQ-A040,9004,田中 三郎,0,46,100.0,1,2.2,2026/05/21 08:30:00,2026/05/21 09:37:05,,,,,,完了,2026/05/21 09:37:05
CASE-PO-000084,CASE-PN-000084,1,CASE-PO-000084_1,部品準備,A010,MB000102,MG001,WC000051,66,45,10,55,2026/06/11 08:30:00,2026/06/11 09:25:00,,EQ-A010,9005,高橋 四郎,10,65,98.5,0,0.0,2026/06/11 08:30:00,2026/06/11 09:16:50,,,,,,完了,2026/06/11 09:16:50
CASE-PO-000084,CASE-PN-000084,2,CASE-PO-000084_2,一次組立,A020,MB000102,MG001,WC000052,66,180,25,205,2026/06/11 10:24:43,2026/06/11 13:49:43,,EQ-A020,9005,高橋 四郎,25,65,98.5,1,1.5,2026/06/11 10:24:43,2026/06/11 13:34:29,,,,,,完了,2026/06/11 13:34:29
CASE-PO-000084,CASE-PN-000084,3,CASE-PO-000084_3,二次組立,A030,MB000102,MG001,WC000053,66,150,20,170,2026/06/11 21:24:24,2026/06/12 11:20:00,,EQ-A030,9005,高橋 四郎,20,64,97.0,0,0.0,2026/06/12 08:30:00,2026/06/12 11:27:51,,,,,,完了,2026/06/12 11:27:51
CASE-PO-000084,CASE-PN-000084,4,CASE-PO-000084_4,完成検査,A040,MB000102,MG001,WC000054,66,60,0,60,2026/06/12 14:34:08,2026/06/12 15:34:08,,EQ-A040,9005,高橋 四郎,0,65,98.5,1,1.5,2026/06/12 14:34:08,2026/06/12 15:38:08,,,,,,完了,2026/06/12 15:38:08
CASE-PO-000085,CASE-PN-000085,1,CASE-PO-000085_1,部品準備,A010,MB000101,MG001,WC000051,48,45,10,55,2026/06/12 08:30:00,2026/06/12 09:25:00,,EQ-A010,9005,高橋 四郎,10,47,97.9,1,2.1,2026/06/12 08:30:00,2026/06/12 09:21:03,,,,,,完了,2026/06/12 09:21:03
CASE-PO-000085,CASE-PN-000085,2,CASE-PO-000085_2,一次組立,A020,MB000101,MG001,WC000052,48,180,25,205,2026/06/12 10:46:19,2026/06/12 14:11:19,,EQ-A020,9005,高橋 四郎,25,48,100.0,0,0.0,2026/06/12 10:46:19,2026/06/12 14:24:16,,,,,,完了,2026/06/12 14:24:16
CASE-PO-000085,CASE-PN-000085,3,CASE-PO-000085_3,二次組立,A030,MB000101,MG001,WC000053,48,150,20,170,2026/06/12 23:34:06,2026/06/15 11:20:00,,EQ-A030,9005,高橋 四郎,20,48,100.0,1,2.1,2026/06/15 08:30:00,2026/06/15 11:13:41,,,,,,完了,2026/06/15 11:13:41
CASE-PO-000085,CASE-PN-000085,4,CASE-PO-000085_4,完成検査,A040,MB000101,MG001,WC000054,48,60,0,60,2026/06/15 18:37:17,2026/06/16 09:30:00,,EQ-A040,9005,高橋 四郎,0,48,100.0,0,0.0,2026/06/16 08:30:00,2026/06/16 09:29:13,,,,,,完了,2026/06/16 09:29:13
CASE-PO-000086,CASE-PN-000086,1,CASE-PO-000086_1,部品準備,A010,MB000102,MG001,WC000051,151,45,10,55,2026/06/15 08:30:00,2026/06/15 09:25:00,,EQ-A010,9001,山田 太郎,10,147,97.4,0,0.0,2026/06/15 08:30:00,2026/06/15 09:10:08,,,,,,完了,2026/06/15 09:10:08
CASE-PO-000086,CASE-PN-000086,2,CASE-PO-000086_2,一次組立,A020,MB000102,MG001,WC000052,151,180,25,205,2026/06/15 15:59:50,2026/06/16 10:24:00,,EQ-A020,9001,山田 太郎,25,149,98.7,1,0.7,2026/06/15 15:59:50,2026/06/16 09:50:40,,,,,,完了,2026/06/16 09:50:40
CASE-PO-000086,CASE-PN-000086,3,CASE-PO-000086_3,二次組立,A030,MB000102,MG001,WC000053,151,150,20,170,2026/06/16 18:25:55,2026/06/17 11:20:00,,EQ-A030,9001,山田 太郎,,,,,,2026/06/17 08:30:00,,,,,,,生産中,2026/06/17 11:20:00
CASE-PO-000086,CASE-PN-000086,4,CASE-PO-000086_4,完成検査,A040,MB000102,MG001,WC000054,151,60,0,60,2026/06/17 18:14:24,2026/06/18 09:30:00,,EQ-A040,9001,山田 太郎,,,,,,,,,,,,,開始待ち,2026/06/18 09:30:00
CASE-PO-000087,CASE-PN-000087,1,CASE-PO-000087_1,部品準備,A010,MB000103,MG001,WC000051,44,45,10,55,2026/05/28 08:30:00,2026/05/28 09:25:00,,EQ-A010,9001,山田 太郎,10,43,97.7,1,2.3,2026/05/28 08:30:00,2026/05/28 09:14:52,,,,,,完了,2026/05/28 09:14:52
CASE-PO-000087,CASE-PN-000087,2,CASE-PO-000087_2,一次組立,A020,MB000103,MG001,WC000052,44,180,25,205,2026/05/28 11:40:11,2026/05/28 15:05:11,,EQ-A020,9001,山田 太郎,25,43,97.7,1,2.3,2026/05/28 11:40:11,2026/05/28 15:05:07,,,,,,完了,2026/05/28 15:05:07
CASE-PO-000087,CASE-PN-000087,3,CASE-PO-000087_3,二次組立,A030,MB000103,MG001,WC000053,44,150,20,170,2026/05/28 17:35:53,2026/05/29 11:20:00,,EQ-A030,9001,山田 太郎,20,43,97.7,0,0.0,2026/05/29 08:30:00,2026/05/29 11:14:15,,,,,,完了,2026/05/29 11:14:15
CASE-PO-000087,CASE-PN-000087,4,CASE-PO-000087_4,完成検査,A040,MB000103,MG001,WC000054,44,60,0,60,2026/05/29 20:25:21,2026/06/01 09:30:00,,EQ-A040,9001,山田 太郎,0,43,97.7,1,2.3,2026/06/01 08:30:00,2026/06/01 09:38:09,,,,,,完了,2026/06/01 09:38:09
CASE-PO-000088,CASE-PN-000088,1,CASE-PO-000088_1,部品準備,A010,MB000101,MG001,WC000051,84,45,10,55,2026/05/28 08:30:00,2026/05/28 09:25:00,,EQ-A010,9001,山田 太郎,10,83,98.8,1,1.2,2026/05/28 08:30:00,2026/05/28 09:09:14,,,,,,完了,2026/05/28 09:09:14
CASE-PO-000088,CASE-PN-000088,2,CASE-PO-000088_2,一次組立,A020,MB000101,MG001,WC000052,84,180,25,205,2026/05/28 12:40:00,2026/05/28 16:05:00,,EQ-A020,9001,山田 太郎,25,82,97.6,2,2.4,2026/05/28 12:40:00,2026/05/28 16:20:53,,,,,,完了,2026/05/28 16:20:53
CASE-PO-000088,CASE-PN-000088,3,CASE-PO-000088_3,二次組立,A030,MB000101,MG001,WC000053,84,150,20,170,2026/05/29 02:29:41,2026/05/29 11:20:00,,EQ-A030,9001,山田 太郎,20,84,100.0,0,0.0,2026/05/29 08:30:00,2026/05/29 11:19:29,,,,,,完了,2026/05/29 11:19:29
CASE-PO-000088,CASE-PN-000088,4,CASE-PO-000088_4,完成検査,A040,MB000101,MG001,WC000054,84,60,0,60,2026/05/29 20:44:08,2026/06/01 09:30:00,,EQ-A040,9001,山田 太郎,0,83,98.8,0,0.0,2026/06/01 08:30:00,2026/06/01 09:35:14,,,,,,完了,2026/06/01 09:35:14
CASE-PO-000089,CASE-PN-000089,1,CASE-PO-000089_1,部品準備,A010,MB000101,MG001,WC000051,84,45,10,55,2026/06/17 08:30:00,2026/06/17 09:25:00,,EQ-A010,9001,山田 太郎,10,84,100.0,1,1.2,2026/06/17 08:30:00,2026/06/17 09:11:19,,,,,,完了,2026/06/17 09:11:19
CASE-PO-000089,CASE-PN-000089,2,CASE-PO-000089_2,一次組立,A020,MB000101,MG001,WC000052,84,180,25,205,2026/06/17 13:35:29,2026/06/17 17:00:29,,EQ-A020,9001,山田 太郎,25,83,98.8,1,1.2,2026/06/17 13:35:29,2026/06/17 17:15:01,,,,,,完了,2026/06/17 17:15:01
CASE-PO-000089,CASE-PN-000089,3,CASE-PO-000089_3,二次組立,A030,MB000101,MG001,WC000053,84,150,20,170,2026/06/18 03:28:09,2026/06/18 11:20:00,,EQ-A030,9001,山田 太郎,20,82,97.6,1,1.2,2026/06/18 08:30:00,2026/06/18 11:11:07,,,,,,完了,2026/06/18 11:11:07
CASE-PO-000089,CASE-PN-000089,4,CASE-PO-000089_4,完成検査,A040,MB000101,MG001,WC000054,84,60,0,60,2026/06/18 17:05:34,2026/06/19 09:05:00,,EQ-A040,9001,山田 太郎,0,83,98.8,2,2.4,2026/06/18 17:05:34,2026/06/19 09:10:29,,,,,,完了,2026/06/19 09:10:29
CASE-PO-000090,CASE-PN-000090,1,CASE-PO-000090_1,部品準備,A010,MB000103,MG001,WC000051,77,45,10,55,2026/05/14 08:30:00,2026/05/14 09:25:00,,EQ-A010,9001,山田 太郎,10,76,98.7,1,1.3,2026/05/14 08:30:00,2026/05/14 09:23:18,,,,,,完了,2026/05/14 09:23:18
CASE-PO-000090,CASE-PN-000090,2,CASE-PO-000090_2,一次組立,A020,MB000103,MG001,WC000052,77,180,25,205,2026/05/14 11:01:50,2026/05/14 14:26:50,,EQ-A020,9001,山田 太郎,25,75,97.4,1,1.3,2026/05/14 11:01:50,2026/05/14 14:38:51,,,,,,完了,2026/05/14 14:38:51
CASE-PO-000090,CASE-PN-000090,3,CASE-PO-000090_3,二次組立,A030,MB000103,MG001,WC000053,77,150,20,170,2026/05/14 23:45:57,2026/05/15 11:20:00,,EQ-A030,9001,山田 太郎,20,76,98.7,1,1.3,2026/05/15 08:30:00,2026/05/15 10:49:02,,,,,,完了,2026/05/15 10:49:02
CASE-PO-000090,CASE-PN-000090,4,CASE-PO-000090_4,完成検査,A040,MB000103,MG001,WC000054,77,60,0,60,2026/05/15 17:36:08,2026/05/18 09:30:00,,EQ-A040,9001,山田 太郎,0,77,100.0,1,1.3,2026/05/18 08:30:00,2026/05/18 09:38:58,,,,,,完了,2026/05/18 09:38:58
CASE-PO-000091,CASE-PN-000091,1,CASE-PO-000091_1,部品準備,A010,MB000103,MG001,WC000051,59,45,10,55,2026/05/11 08:30:00,2026/05/11 09:25:00,,EQ-A010,9002,鈴木 花子,10,58,98.3,1,1.7,2026/05/11 08:30:00,2026/05/11 09:25:14,,,,,,完了,2026/05/11 09:25:14
CASE-PO-000091,CASE-PN-000091,2,CASE-PO-000091_2,一次組立,A020,MB000103,MG001,WC000052,59,180,25,205,2026/05/11 14:45:53,2026/05/12 09:10:00,,EQ-A020,9002,鈴木 花子,25,58,98.3,0,0.0,2026/05/11 14:45:53,2026/05/12 09:24:01,,,,,,完了,2026/05/12 09:24:01
CASE-PO-000091,CASE-PN-000091,3,CASE-PO-000091_3,二次組立,A030,MB000103,MG001,WC000053,59,150,20,170,2026/05/12 16:58:22,2026/05/13 10:48:00,,EQ-A030,9002,鈴木 花子,20,58,98.3,1,1.7,2026/05/12 16:58:22,2026/05/13 11:04:13,,,,,,完了,2026/05/13 11:04:13
CASE-PO-000091,CASE-PN-000091,4,CASE-PO-000091_4,完成検査,A040,MB000103,MG001,WC000054,59,60,0,60,2026/05/13 17:54:53,2026/05/14 09:30:00,,EQ-A040,9002,鈴木 花子,0,59,100.0,1,1.7,2026/05/14 08:30:00,2026/05/14 09:24:13,,,,,,完了,2026/05/14 09:24:13
CASE-PO-000092,CASE-PN-000092,1,CASE-PO-000092_1,部品準備,A010,MB000102,MG001,WC000051,198,45,10,55,2026/06/29 08:30:00,2026/06/29 09:25:00,,EQ-A010,9002,鈴木 花子,10,195,98.5,2,1.0,2026/06/29 08:30:00,2026/06/29 09:20:45,,,,,,完了,2026/06/29 09:20:45
CASE-PO-000092,CASE-PN-000092,2,CASE-PO-000092_2,一次組立,A020,MB000102,MG001,WC000052,198,180,25,205,2026/06/29 10:49:49,2026/06/29 14:14:49,,EQ-A020,9002,鈴木 花子,25,194,98.0,2,1.0,2026/06/29 10:49:49,2026/06/29 13:48:21,,,,,,完了,2026/06/29 13:48:21
CASE-PO-000092,CASE-PN-000092,3,CASE-PO-000092_3,二次組立,A030,MB000102,MG001,WC000053,198,150,20,170,2026/06/29 15:50:38,2026/06/30 09:40:00,,EQ-A030,9002,鈴木 花子,20,196,99.0,3,1.5,2026/06/29 15:50:38,2026/06/30 09:29:22,,,,,,完了,2026/06/30 09:29:22
CASE-PO-000092,CASE-PN-000092,4,CASE-PO-000092_4,完成検査,A040,MB000102,MG001,WC000054,198,60,0,60,2026/06/30 14:43:03,2026/06/30 15:43:03,,EQ-A040,9002,鈴木 花子,0,196,99.0,2,1.0,2026/06/30 14:43:03,2026/06/30 15:45:28,,,,,,完了,2026/06/30 15:45:28
CASE-PO-000093,CASE-PN-000093,1,CASE-PO-000093_1,部品準備,A010,MB000102,MG001,WC000051,130,45,10,55,2026/07/01 08:30:00,2026/07/01 09:25:00,,EQ-A010,9002,鈴木 花子,10,130,100.0,1,0.8,2026/07/01 08:30:00,2026/07/01 09:22:48,,,,,,完了,2026/07/01 09:22:48
CASE-PO-000093,CASE-PN-000093,2,CASE-PO-000093_2,一次組立,A020,MB000102,MG001,WC000052,130,180,25,205,2026/07/01 16:41:59,2026/07/02 11:06:00,,EQ-A020,9002,鈴木 花子,25,130,100.0,1,0.8,2026/07/01 16:41:59,2026/07/02 11:07:03,,,,,,完了,2026/07/02 11:07:03
CASE-PO-000093,CASE-PN-000093,3,CASE-PO-000093_3,二次組立,A030,MB000102,MG001,WC000053,130,150,20,170,2026/07/02 19:31:34,2026/07/03 11:20:00,,EQ-A030,9002,鈴木 花子,20,128,98.5,1,0.8,2026/07/03 08:30:00,2026/07/03 10:52:23,,,,,,完了,2026/07/03 10:52:23
CASE-PO-000093,CASE-PN-000093,4,CASE-PO-000093_4,完成検査,A040,MB000102,MG001,WC000054,130,60,0,60,2026/07/03 13:23:32,2026/07/03 14:23:32,,EQ-A040,9002,鈴木 花子,,,,,,2026/07/03 13:23:32,,,,,,,生産中,2026/07/03 14:23:32
CASE-PO-000094,CASE-PN-000094,1,CASE-PO-000094_1,部品準備,A010,MB000101,MG001,WC000051,45,45,10,55,2026/06/15 08:30:00,2026/06/15 09:25:00,,EQ-A010,9005,高橋 四郎,10,45,100.0,1,2.2,2026/06/15 08:30:00,2026/06/15 09:24:35,,,,,,完了,2026/06/15 09:24:35
CASE-PO-000094,CASE-PN-000094,2,CASE-PO-000094_2,一次組立,A020,MB000101,MG001,WC000052,45,180,25,205,2026/06/15 17:09:53,2026/06/16 11:34:00,,EQ-A020,9005,高橋 四郎,25,44,97.8,0,0.0,2026/06/15 17:09:53,2026/06/16 11:45:47,,,,,,完了,2026/06/16 11:45:47
CASE-PO-000094,CASE-PN-000094,3,CASE-PO-000094_3,二次組立,A030,MB000101,MG001,WC000053,45,150,20,170,2026/06/16 13:56:06,2026/06/16 16:46:06,,EQ-A030,9005,高橋 四郎,20,44,97.8,1,2.2,2026/06/16 13:56:06,2026/06/16 16:49:31,,,,,,完了,2026/06/16 16:49:31
CASE-PO-000094,CASE-PN-000094,4,CASE-PO-000094_4,完成検査,A040,MB000101,MG001,WC000054,45,60,0,60,2026/06/16 20:19:44,2026/06/17 09:30:00,,EQ-A040,9005,高橋 四郎,0,44,97.8,0,0.0,2026/06/17 08:30:00,2026/06/17 09:29:31,,,,,,完了,2026/06/17 09:29:31
CASE-PO-000095,CASE-PN-000095,1,CASE-PO-000095_1,部品準備,A010,MB000101,MG001,WC000051,71,45,10,55,2026/06/11 08:30:00,2026/06/11 09:25:00,,EQ-A010,9001,山田 太郎,10,71,100.0,1,1.4,2026/06/11 08:30:00,2026/06/11 09:18:28,,,,,,完了,2026/06/11 09:18:28
CASE-PO-000095,CASE-PN-000095,2,CASE-PO-000095_2,一次組立,A020,MB000101,MG001,WC000052,71,180,25,205,2026/06/11 15:01:41,2026/06/12 09:26:00,,EQ-A020,9001,山田 太郎,25,70,98.6,0,0.0,2026/06/11 15:01:41,2026/06/12 09:03:37,,,,,,完了,2026/06/12 09:03:37
CASE-PO-000095,CASE-PN-000095,3,CASE-PO-000095_3,二次組立,A030,MB000101,MG001,WC000053,71,150,20,170,2026/06/12 19:56:33,2026/06/15 11:20:00,,EQ-A030,9001,山田 太郎,20,69,97.2,1,1.4,2026/06/15 08:30:00,2026/06/15 11:02:01,,,,,,完了,2026/06/15 11:02:01
CASE-PO-000095,CASE-PN-000095,4,CASE-PO-000095_4,完成検査,A040,MB000101,MG001,WC000054,71,60,0,60,2026/06/15 17:50:27,2026/06/16 09:30:00,,EQ-A040,9001,山田 太郎,0,70,98.6,1,1.4,2026/06/16 08:30:00,2026/06/16 09:30:12,,,,,,完了,2026/06/16 09:30:12
CASE-PO-000096,CASE-PN-000096,1,CASE-PO-000096_1,部品準備,A010,MB000102,MG001,WC000051,198,45,10,55,2026/06/16 08:30:00,2026/06/16 09:25:00,,EQ-A010,9002,鈴木 花子,10,194,98.0,1,0.5,2026/06/16 08:30:00,2026/06/16 09:24:20,,,,,,完了,2026/06/16 09:24:20
CASE-PO-000096,CASE-PN-000096,2,CASE-PO-000096_2,一次組立,A020,MB000102,MG001,WC000052,198,180,25,205,2026/06/16 15:17:50,2026/06/17 09:42:00,,EQ-A020,9002,鈴木 花子,25,195,98.5,2,1.0,2026/06/16 15:17:50,2026/06/17 09:06:33,,,,,,完了,2026/06/17 09:06:33
CASE-PO-000096,CASE-PN-000096,3,CASE-PO-000096_3,二次組立,A030,MB000102,MG001,WC000053,198,150,20,170,2026/06/17 14:34:35,2026/06/17 17:24:35,,EQ-A030,9002,鈴木 花子,20,195,98.5,3,1.5,2026/06/17 14:34:35,2026/06/18 08:38:35,,,,,,完了,2026/06/18 08:38:35
CASE-PO-000096,CASE-PN-000096,4,CASE-PO-000096_4,完成検査,A040,MB000102,MG001,WC000054,198,60,0,60,2026/06/18 16:23:46,2026/06/18 17:23:46,,EQ-A040,9002,鈴木 花子,0,196,99.0,2,1.0,2026/06/18 16:23:46,2026/06/18 17:25:31,,,,,,完了,2026/06/18 17:25:31
CASE-PO-000097,CASE-PN-000097,1,CASE-PO-000097_1,部品準備,A010,MB000101,MG001,WC000051,112,45,10,55,2026/06/08 08:30:00,2026/06/08 09:25:00,,EQ-A010,9002,鈴木 花子,10,111,99.1,2,1.8,2026/06/08 08:30:00,2026/06/08 09:18:21,,,,,,完了,2026/06/08 09:18:21
CASE-PO-000097,CASE-PN-000097,2,CASE-PO-000097_2,一次組立,A020,MB000101,MG001,WC000052,112,180,25,205,2026/06/08 15:55:02,2026/06/09 10:20:00,,EQ-A020,9002,鈴木 花子,25,112,100.0,1,0.9,2026/06/08 15:55:02,2026/06/09 09:32:15,,,,,,完了,2026/06/09 09:32:15
CASE-PO-000097,CASE-PN-000097,3,CASE-PO-000097_3,二次組立,A030,MB000101,MG001,WC000053,112,150,20,170,2026/06/09 11:58:51,2026/06/09 14:48:51,,EQ-A030,9002,鈴木 花子,20,111,99.1,1,0.9,2026/06/09 11:58:51,2026/06/09 14:21:35,,,,,,完了,2026/06/09 14:21:35
CASE-PO-000097,CASE-PN-000097,4,CASE-PO-000097_4,完成検査,A040,MB000101,MG001,WC000054,112,60,0,60,2026/06/10 00:11:23,2026/06/10 09:30:00,,EQ-A040,9002,鈴木 花子,0,111,99.1,1,0.9,2026/06/10 08:30:00,2026/06/10 09:22:14,,,,,,完了,2026/06/10 09:22:14
CASE-PO-000098,CASE-PN-000098,1,CASE-PO-000098_1,部品準備,A010,MB000102,MG001,WC000051,178,45,10,55,2026/06/15 08:30:00,2026/06/15 09:25:00,,EQ-A010,9004,田中 三郎,10,178,100.0,2,1.1,2026/06/15 08:30:00,2026/06/15 09:10:16,,,,,,完了,2026/06/15 09:10:16
CASE-PO-000098,CASE-PN-000098,2,CASE-PO-000098_2,一次組立,A020,MB000102,MG001,WC000052,178,180,25,205,2026/06/15 13:47:55,2026/06/15 17:12:55,,EQ-A020,9004,田中 三郎,25,173,97.2,3,1.7,2026/06/15 13:47:55,2026/06/15 16:49:26,,,,,,完了,2026/06/15 16:49:26
CASE-PO-000098,CASE-PN-000098,3,CASE-PO-000098_3,二次組立,A030,MB000102,MG001,WC000053,178,150,20,170,2026/06/15 23:03:26,2026/06/16 11:20:00,,EQ-A030,9004,田中 三郎,20,177,99.4,2,1.1,2026/06/16 08:30:00,2026/06/16 11:31:58,,,,,,完了,2026/06/16 11:31:58
CASE-PO-000098,CASE-PN-000098,4,CASE-PO-000098_4,完成検査,A040,MB000102,MG001,WC000054,178,60,0,60,2026/06/16 21:08:44,2026/06/17 09:30:00,,EQ-A040,9004,田中 三郎,0,175,98.3,2,1.1,2026/06/17 08:30:00,2026/06/17 09:21:54,,,,,,完了,2026/06/17 09:21:54
CASE-PO-000099,CASE-PN-000099,1,CASE-PO-000099_1,部品準備,A010,MB000102,MG001,WC000051,181,45,10,55,2026/06/17 08:30:00,2026/06/17 09:25:00,,EQ-A010,9004,田中 三郎,10,177,97.8,0,0.0,2026/06/17 08:30:00,2026/06/17 09:17:00,,,,,,完了,2026/06/17 09:17:00
CASE-PO-000099,CASE-PN-000099,2,CASE-PO-000099_2,一次組立,A020,MB000102,MG001,WC000052,181,180,25,205,2026/06/17 17:05:50,2026/06/18 11:30:00,,EQ-A020,9004,田中 三郎,25,178,98.3,3,1.7,2026/06/17 17:05:50,2026/06/18 11:37:47,,,,,,完了,2026/06/18 11:37:47
CASE-PO-000099,CASE-PN-000099,3,CASE-PO-000099_3,二次組立,A030,MB000102,MG001,WC000053,181,150,20,170,2026/06/18 22:50:29,2026/06/19 11:20:00,,EQ-A030,9004,田中 三郎,20,176,97.2,1,0.6,2026/06/19 08:30:00,2026/06/19 11:20:44,,,,,,完了,2026/06/19 11:20:44
CASE-PO-000099,CASE-PN-000099,4,CASE-PO-000099_4,完成検査,A040,MB000102,MG001,WC000054,181,60,0,60,2026/06/19 19:05:56,2026/06/22 09:30:00,,EQ-A040,9004,田中 三郎,0,180,99.4,1,0.6,2026/06/22 08:30:00,2026/06/22 09:40:58,,,,,,完了,2026/06/22 09:40:58
CASE-PO-000100,CASE-PN-000100,1,CASE-PO-000100_1,部品準備,A010,MB000101,MG001,WC000051,48,45,10,55,2026/05/27 08:30:00,2026/05/27 09:25:00,,EQ-A010,9002,鈴木 花子,10,47,97.9,1,2.1,2026/05/27 08:30:00,2026/05/27 09:24:14,,,,,,完了,2026/05/27 09:24:14
CASE-PO-000100,CASE-PN-000100,2,CASE-PO-000100_2,一次組立,A020,MB000101,MG001,WC000052,48,180,25,205,2026/05/27 12:38:24,2026/05/27 16:03:24,,EQ-A020,9002,鈴木 花子,25,47,97.9,0,0.0,2026/05/27 12:38:24,2026/05/27 15:48:25,,,,,,完了,2026/05/27 15:48:25
CASE-PO-000100,CASE-PN-000100,3,CASE-PO-000100_3,二次組立,A030,MB000101,MG001,WC000053,48,150,20,170,2026/05/27 23:01:05,2026/05/28 11:20:00,,EQ-A030,9002,鈴木 花子,20,48,100.0,1,2.1,2026/05/28 08:30:00,2026/05/28 11:31:20,,,,,,完了,2026/05/28 11:31:20
CASE-PO-000100,CASE-PN-000100,4,CASE-PO-000100_4,完成検査,A040,MB000101,MG001,WC000054,48,60,0,60,2026/05/28 18:24:26,2026/05/29 09:30:00,,EQ-A040,9002,鈴木 花子,0,48,100.0,0,0.0,2026/05/29 08:30:00,2026/05/29 09:38:10,,,,,,完了,2026/05/29 09:38:10
CASE-PO-000101,CASE-PN-000101,1,CASE-PO-000101_1,部品準備,A010,MB000101,MG001,WC000051,53,45,10,55,2026/06/24 08:30:00,2026/06/24 09:25:00,,EQ-A010,9002,鈴木 花子,10,52,98.1,0,0.0,2026/06/24 08:30:00,2026/06/24 09:17:53,,,,,,完了,2026/06/24 09:17:53
CASE-PO-000101,CASE-PN-000101,2,CASE-PO-000101_2,一次組立,A020,MB000101,MG001,WC000052,53,180,25,205,2026/06/24 11:14:12,2026/06/24 14:39:12,,EQ-A020,9002,鈴木 花子,25,53,100.0,0,0.0,2026/06/24 11:14:12,2026/06/24 14:51:32,,,,,,完了,2026/06/24 14:51:32
CASE-PO-000101,CASE-PN-000101,3,CASE-PO-000101_3,二次組立,A030,MB000101,MG001,WC000053,53,150,20,170,2026/06/24 19:49:47,2026/06/25 11:20:00,,EQ-A030,9002,鈴木 花子,20,53,100.0,1,1.9,2026/06/25 08:30:00,2026/06/25 10:52:37,,,,,,完了,2026/06/25 10:52:37
CASE-PO-000101,CASE-PN-000101,4,CASE-PO-000101_4,完成検査,A040,MB000101,MG001,WC000054,53,60,0,60,2026/06/25 17:52:44,2026/06/26 09:30:00,,EQ-A040,9002,鈴木 花子,0,52,98.1,1,1.9,2026/06/26 08:30:00,2026/06/26 09:23:10,,,,,,完了,2026/06/26 09:23:10
CASE-PO-000102,CASE-PN-000102,1,CASE-PO-000102_1,部品準備,A010,MB000101,MG001,WC000051,97,45,10,55,2026/05/12 08:30:00,2026/05/12 09:25:00,,EQ-A010,9002,鈴木 花子,10,96,99.0,1,1.0,2026/05/12 08:30:00,2026/05/12 09:20:16,,,,,,完了,2026/05/12 09:20:16
CASE-PO-000102,CASE-PN-000102,2,CASE-PO-000102_2,一次組立,A020,MB000101,MG001,WC000052,97,180,25,205,2026/05/12 15:22:02,2026/05/13 09:47:00,,EQ-A020,9002,鈴木 花子,25,94,96.9,1,1.0,2026/05/12 15:22:02,2026/05/13 09:17:15,,,,,,完了,2026/05/13 09:17:15
CASE-PO-000102,CASE-PN-000102,3,CASE-PO-000102_3,二次組立,A030,MB000101,MG001,WC000053,97,150,20,170,2026/05/13 15:23:41,2026/05/14 09:13:00,,EQ-A030,9002,鈴木 花子,20,97,100.0,0,0.0,2026/05/13 15:23:41,2026/05/14 09:10:31,,,,,,完了,2026/05/14 09:10:31
CASE-PO-000102,CASE-PN-000102,4,CASE-PO-000102_4,完成検査,A040,MB000101,MG001,WC000054,97,60,0,60,2026/05/14 16:44:32,2026/05/15 08:44:00,,EQ-A040,9002,鈴木 花子,0,96,99.0,1,1.0,2026/05/14 16:44:32,2026/05/15 08:54:37,,,,,,完了,2026/05/15 08:54:37
CASE-PO-000103,CASE-PN-000103,1,CASE-PO-000103_1,部品準備,A010,MB000102,MG001,WC000051,180,45,10,55,2026/06/22 08:30:00,2026/06/22 09:25:00,,EQ-A010,9005,高橋 四郎,10,177,98.3,2,1.1,2026/06/22 08:30:00,2026/06/22 09:14:32,,,,,,完了,2026/06/22 09:14:32
CASE-PO-000103,CASE-PN-000103,2,CASE-PO-000103_2,一次組立,A020,MB000102,MG001,WC000052,180,180,25,205,2026/06/22 16:56:49,2026/06/23 11:21:00,,EQ-A020,9005,高橋 四郎,25,177,98.3,2,1.1,2026/06/22 16:56:49,2026/06/23 10:57:25,,,,,,完了,2026/06/23 10:57:25
CASE-PO-000103,CASE-PN-000103,3,CASE-PO-000103_3,二次組立,A030,MB000102,MG001,WC000053,180,150,20,170,2026/06/23 18:01:43,2026/06/24 11:20:00,,EQ-A030,9005,高橋 四郎,20,178,98.9,3,1.7,2026/06/24 08:30:00,2026/06/24 11:03:12,,,,,,完了,2026/06/24 11:03:12
CASE-PO-000103,CASE-PN-000103,4,CASE-PO-000103_4,完成検査,A040,MB000102,MG001,WC000054,180,60,0,60,2026/06/24 14:39:39,2026/06/24 15:39:39,,EQ-A040,9005,高橋 四郎,0,176,97.8,1,0.6,2026/06/24 14:39:39,2026/06/24 15:49:19,,,,,,完了,2026/06/24 15:49:19
CASE-PO-000104,CASE-PN-000104,1,CASE-PO-000104_1,部品準備,A010,MB000102,MG001,WC000051,114,45,10,55,2026/06/19 08:30:00,2026/06/19 09:25:00,,EQ-A010,9005,高橋 四郎,10,112,98.2,1,0.9,2026/06/19 08:30:00,2026/06/19 09:17:17,,,,,,完了,2026/06/19 09:17:17
CASE-PO-000104,CASE-PN-000104,2,CASE-PO-000104_2,一次組立,A020,MB000102,MG001,WC000052,114,180,25,205,2026/06/19 10:43:13,2026/06/19 14:08:13,,EQ-A020,9005,高橋 四郎,25,114,100.0,2,1.8,2026/06/19 10:43:13,2026/06/19 13:45:48,,,,,,完了,2026/06/19 13:45:48
CASE-PO-000104,CASE-PN-000104,3,CASE-PO-000104_3,二次組立,A030,MB000102,MG001,WC000053,114,150,20,170,2026/06/20 00:50:42,2026/06/22 11:20:00,,EQ-A030,9005,高橋 四郎,20,114,100.0,1,0.9,2026/06/22 08:30:00,2026/06/22 11:27:04,,,,,,完了,2026/06/22 11:27:04
CASE-PO-000104,CASE-PN-000104,4,CASE-PO-000104_4,完成検査,A040,MB000102,MG001,WC000054,114,60,0,60,2026/06/22 17:26:12,2026/06/23 09:26:00,,EQ-A040,9005,高橋 四郎,0,113,99.1,1,0.9,2026/06/22 17:26:12,2026/06/23 09:33:17,,,,,,完了,2026/06/23 09:33:17
CASE-PO-000105,CASE-PN-000105,1,CASE-PO-000105_1,部品準備,A010,MB000102,MG001,WC000051,154,45,10,55,2026/06/22 08:30:00,2026/06/22 09:25:00,,EQ-A010,9005,高橋 四郎,10,151,98.1,0,0.0,2026/06/22 08:30:00,2026/06/22 09:20:34,,,,,,完了,2026/06/22 09:20:34
CASE-PO-000105,CASE-PN-000105,2,CASE-PO-000105_2,一次組立,A020,MB000102,MG001,WC000052,154,180,25,205,2026/06/22 11:49:05,2026/06/22 15:14:05,,EQ-A020,9005,高橋 四郎,25,151,98.1,1,0.6,2026/06/22 11:49:05,2026/06/22 14:54:24,,,,,,完了,2026/06/22 14:54:24
CASE-PO-000105,CASE-PN-000105,3,CASE-PO-000105_3,二次組立,A030,MB000102,MG001,WC000053,154,150,20,170,2026/06/23 00:07:24,2026/06/23 11:20:00,,EQ-A030,9005,高橋 四郎,20,152,98.7,1,0.6,2026/06/23 08:30:00,2026/06/23 11:26:11,,,,,,完了,2026/06/23 11:26:11
CASE-PO-000105,CASE-PN-000105,4,CASE-PO-000105_4,完成検査,A040,MB000102,MG001,WC000054,154,60,0,60,2026/06/23 19:20:33,2026/06/24 09:30:00,,EQ-A040,9005,高橋 四郎,0,150,97.4,3,1.9,2026/06/24 08:30:00,2026/06/24 09:30:38,,,,,,完了,2026/06/24 09:30:38
CASE-PO-000106,CASE-PN-000106,1,CASE-PO-000106_1,部品準備,A010,MB000103,MG001,WC000051,70,45,10,55,2026/06/11 08:30:00,2026/06/11 09:25:00,,EQ-A010,9004,田中 三郎,10,68,97.1,1,1.4,2026/06/11 08:30:00,2026/06/11 09:14:27,,,,,,完了,2026/06/11 09:14:27
CASE-PO-000106,CASE-PN-000106,2,CASE-PO-000106_2,一次組立,A020,MB000103,MG001,WC000052,70,180,25,205,2026/06/11 10:52:25,2026/06/11 14:17:25,,EQ-A020,9004,田中 三郎,25,69,98.6,1,1.4,2026/06/11 10:52:25,2026/06/11 14:14:58,,,,,,完了,2026/06/11 14:14:58
CASE-PO-000106,CASE-PN-000106,3,CASE-PO-000106_3,二次組立,A030,MB000103,MG001,WC000053,70,150,20,170,2026/06/11 18:15:36,2026/06/12 11:20:00,,EQ-A030,9004,田中 三郎,20,68,97.1,0,0.0,2026/06/12 08:30:00,2026/06/12 10:53:19,,,,,,完了,2026/06/12 10:53:19
CASE-PO-000106,CASE-PN-000106,4,CASE-PO-000106_4,完成検査,A040,MB000103,MG001,WC000054,70,60,0,60,2026/06/12 15:27:58,2026/06/12 16:27:58,,EQ-A040,9004,田中 三郎,0,68,97.1,1,1.4,2026/06/12 15:27:58,2026/06/12 16:20:42,,,,,,完了,2026/06/12 16:20:42
CASE-PO-000107,CASE-PN-000107,1,CASE-PO-000107_1,部品準備,A010,MB000101,MG001,WC000051,65,45,10,55,2026/06/10 08:30:00,2026/06/10 09:25:00,,EQ-A010,9005,高橋 四郎,10,64,98.5,1,1.5,2026/06/10 08:30:00,2026/06/10 09:10:48,,,,,,完了,2026/06/10 09:10:48
CASE-PO-000107,CASE-PN-000107,2,CASE-PO-000107_2,一次組立,A020,MB000101,MG001,WC000052,65,180,25,205,2026/06/10 12:13:31,2026/06/10 15:38:31,,EQ-A020,9005,高橋 四郎,25,63,96.9,1,1.5,2026/06/10 12:13:31,2026/06/10 14:51:25,,,,,,完了,2026/06/10 14:51:25
CASE-PO-000107,CASE-PN-000107,3,CASE-PO-000107_3,二次組立,A030,MB000101,MG001,WC000053,65,150,20,170,2026/06/10 18:44:01,2026/06/11 11:20:00,,EQ-A030,9005,高橋 四郎,20,64,98.5,1,1.5,2026/06/11 08:30:00,2026/06/11 11:30:19,,,,,,完了,2026/06/11 11:30:19
CASE-PO-000107,CASE-PN-000107,4,CASE-PO-000107_4,完成検査,A040,MB000101,MG001,WC000054,65,60,0,60,2026/06/11 13:02:41,2026/06/11 14:02:41,,EQ-A040,9005,高橋 四郎,0,63,96.9,1,1.5,2026/06/11 13:02:41,2026/06/11 14:10:06,,,,,,完了,2026/06/11 14:10:06
CASE-PO-000108,CASE-PN-000108,1,CASE-PO-000108_1,部品準備,A010,MB000101,MG001,WC000051,95,45,10,55,2026/05/20 08:30:00,2026/05/20 09:25:00,,EQ-A010,9002,鈴木 花子,10,94,98.9,0,0.0,2026/05/20 08:30:00,2026/05/20 09:17:29,,,,,,完了,2026/05/20 09:17:29
CASE-PO-000108,CASE-PN-000108,2,CASE-PO-000108_2,一次組立,A020,MB000101,MG001,WC000052,95,180,25,205,2026/05/20 14:44:34,2026/05/21 09:09:00,,EQ-A020,9002,鈴木 花子,25,92,96.8,1,1.1,2026/05/20 14:44:34,2026/05/21 08:56:13,,,,,,完了,2026/05/21 08:56:13
CASE-PO-000108,CASE-PN-000108,3,CASE-PO-000108_3,二次組立,A030,MB000101,MG001,WC000053,95,150,20,170,2026/05/21 13:36:58,2026/05/21 16:26:58,,EQ-A030,9002,鈴木 花子,20,93,97.9,1,1.1,2026/05/21 13:36:58,2026/05/21 16:23:44,,,,,,完了,2026/05/21 16:23:44
CASE-PO-000108,CASE-PN-000108,4,CASE-PO-000108_4,完成検査,A040,MB000101,MG001,WC000054,95,60,0,60,2026/05/21 17:52:27,2026/05/22 09:30:00,,EQ-A040,9002,鈴木 花子,0,93,97.9,1,1.1,2026/05/22 08:30:00,2026/05/22 09:43:10,,,,,,完了,2026/05/22 09:43:10
CASE-PO-000109,CASE-PN-000109,1,CASE-PO-000109_1,部品準備,A010,MB000102,MG001,WC000051,115,45,10,55,2026/06/08 08:30:00,2026/06/08 09:25:00,,EQ-A010,9002,鈴木 花子,10,112,97.4,1,0.9,2026/06/08 08:30:00,2026/06/08 09:14:03,,,,,,完了,2026/06/08 09:14:03
CASE-PO-000109,CASE-PN-000109,2,CASE-PO-000109_2,一次組立,A020,MB000102,MG001,WC000052,115,180,25,205,2026/06/08 14:10:37,2026/06/09 08:35:00,,EQ-A020,9002,鈴木 花子,25,115,100.0,0,0.0,2026/06/08 14:10:37,2026/06/09 08:48:28,,,,,,完了,2026/06/09 08:48:28
CASE-PO-000109,CASE-PN-000109,3,CASE-PO-000109_3,二次組立,A030,MB000102,MG001,WC000053,115,150,20,170,2026/06/09 20:10:37,2026/06/10 11:20:00,,EQ-A030,9002,鈴木 花子,,,,,,2026/06/10 08:30:00,,,,,,,生産中,2026/06/10 11:20:00
CASE-PO-000109,CASE-PN-000109,4,CASE-PO-000109_4,完成検査,A040,MB000102,MG001,WC000054,115,60,0,60,2026/06/10 17:19:24,2026/06/11 09:19:00,,EQ-A040,9002,鈴木 花子,,,,,,,,,,,,,開始待ち,2026/06/11 09:19:00
CASE-PO-000110,CASE-PN-000110,1,CASE-PO-000110_1,部品準備,A010,MB000103,MG001,WC000051,39,45,10,55,2026/06/12 08:30:00,2026/06/12 09:25:00,,EQ-A010,9004,田中 三郎,10,38,97.4,1,2.6,2026/06/12 08:30:00,2026/06/12 09:08:54,,,,,,完了,2026/06/12 09:08:54
CASE-PO-000110,CASE-PN-000110,2,CASE-PO-000110_2,一次組立,A020,MB000103,MG001,WC000052,39,180,25,205,2026/06/12 12:57:16,2026/06/12 16:22:16,,EQ-A020,9004,田中 三郎,25,39,100.0,0,0.0,2026/06/12 12:57:16,2026/06/12 16:19:25,,,,,,完了,2026/06/12 16:19:25
CASE-PO-000110,CASE-PN-000110,3,CASE-PO-000110_3,二次組立,A030,MB000103,MG001,WC000053,39,150,20,170,2026/06/13 03:29:13,2026/06/15 11:20:00,,EQ-A030,9004,田中 三郎,20,39,100.0,0,0.0,2026/06/15 08:30:00,2026/06/15 11:15:42,,,,,,完了,2026/06/15 11:15:42
CASE-PO-000110,CASE-PN-000110,4,CASE-PO-000110_4,完成検査,A040,MB000103,MG001,WC000054,39,60,0,60,2026/06/15 19:37:34,2026/06/16 09:30:00,,EQ-A040,9004,田中 三郎,0,39,100.0,0,0.0,2026/06/16 08:30:00,2026/06/16 09:32:51,,,,,,完了,2026/06/16 09:32:51
CASE-PO-000111,CASE-PN-000111,1,CASE-PO-000111_1,部品準備,A010,MB000103,MG001,WC000051,43,45,10,55,2026/05/22 08:30:00,2026/05/22 09:25:00,,EQ-A010,9002,鈴木 花子,10,43,100.0,1,2.3,2026/05/22 08:30:00,2026/05/22 09:22:49,,,,,,完了,2026/05/22 09:22:49
CASE-PO-000111,CASE-PN-000111,2,CASE-PO-000111_2,一次組立,A020,MB000103,MG001,WC000052,43,180,25,205,2026/05/22 15:41:19,2026/05/25 10:06:00,,EQ-A020,9002,鈴木 花子,25,43,100.0,1,2.3,2026/05/22 15:41:19,2026/05/25 09:47:17,,,,,,完了,2026/05/25 09:47:17
CASE-PO-000111,CASE-PN-000111,3,CASE-PO-000111_3,二次組立,A030,MB000103,MG001,WC000053,43,150,20,170,2026/05/25 18:58:18,2026/05/26 11:20:00,,EQ-A030,9002,鈴木 花子,20,43,100.0,1,2.3,2026/05/26 08:30:00,2026/05/26 10:55:48,,,,,,完了,2026/05/26 10:55:48
CASE-PO-000111,CASE-PN-000111,4,CASE-PO-000111_4,完成検査,A040,MB000103,MG001,WC000054,43,60,0,60,2026/05/26 12:02:27,2026/05/26 13:02:27,,EQ-A040,9002,鈴木 花子,0,42,97.7,1,2.3,2026/05/26 12:02:27,2026/05/26 13:15:28,,,,,,完了,2026/05/26 13:15:28
CASE-PO-000112,CASE-PN-000112,1,CASE-PO-000112_1,部品準備,A010,MB000103,MG001,WC000051,84,45,10,55,2026/06/29 08:30:00,2026/06/29 09:25:00,,EQ-A010,9001,山田 太郎,10,82,97.6,0,0.0,2026/06/29 08:30:00,2026/06/29 09:19:10,,,,,,完了,2026/06/29 09:19:10
CASE-PO-000112,CASE-PN-000112,2,CASE-PO-000112_2,一次組立,A020,MB000103,MG001,WC000052,84,180,25,205,2026/06/29 10:26:37,2026/06/29 13:51:37,,EQ-A020,9001,山田 太郎,25,83,98.8,0,0.0,2026/06/29 10:26:37,2026/06/29 13:03:42,,,,,,完了,2026/06/29 13:03:42
CASE-PO-000112,CASE-PN-000112,3,CASE-PO-000112_3,二次組立,A030,MB000103,MG001,WC000053,84,150,20,170,2026/06/30 00:52:38,2026/06/30 11:20:00,,EQ-A030,9001,山田 太郎,20,83,98.8,0,0.0,2026/06/30 08:30:00,2026/06/30 11:31:09,,,,,,完了,2026/06/30 11:31:09
CASE-PO-000112,CASE-PN-000112,4,CASE-PO-000112_4,完成検査,A040,MB000103,MG001,WC000054,84,60,0,60,2026/06/30 16:05:58,2026/06/30 17:05:58,,EQ-A040,9001,山田 太郎,0,84,100.0,0,0.0,2026/06/30 16:05:58,2026/06/30 17:11:41,,,,,,完了,2026/06/30 17:11:41
CASE-PO-000113,CASE-PN-000113,1,CASE-PO-000113_1,部品準備,A010,MB000101,MG001,WC000051,102,45,10,55,2026/06/25 08:30:00,2026/06/25 09:25:00,,EQ-A010,9003,佐藤 次郎,10,101,99.0,0,0.0,2026/06/25 08:30:00,2026/06/25 09:08:27,,,,,,完了,2026/06/25 09:08:27
CASE-PO-000113,CASE-PN-000113,2,CASE-PO-000113_2,一次組立,A020,MB000101,MG001,WC000052,102,180,25,205,2026/06/25 11:55:15,2026/06/25 15:20:15,,EQ-A020,9003,佐藤 次郎,25,100,98.0,1,1.0,2026/06/25 11:55:15,2026/06/25 15:10:09,,,,,,完了,2026/06/25 15:10:09
CASE-PO-000113,CASE-PN-000113,3,CASE-PO-000113_3,二次組立,A030,MB000101,MG001,WC000053,102,150,20,170,2026/06/25 22:30:31,2026/06/26 11:20:00,,EQ-A030,9003,佐藤 次郎,20,101,99.0,2,2.0,2026/06/26 08:30:00,2026/06/26 11:19:08,,,,,,完了,2026/06/26 11:19:08
CASE-PO-000113,CASE-PN-000113,4,CASE-PO-000113_4,完成検査,A040,MB000101,MG001,WC000054,102,60,0,60,2026/06/26 13:05:47,2026/06/26 14:05:47,,EQ-A040,9003,佐藤 次郎,0,100,98.0,0,0.0,2026/06/26 13:05:47,2026/06/26 13:57:20,,,,,,完了,2026/06/26 13:57:20
CASE-PO-000114,CASE-PN-000114,1,CASE-PO-000114_1,部品準備,A010,MB000102,MG001,WC000051,179,45,10,55,2026/05/27 08:30:00,2026/05/27 09:25:00,,EQ-A010,9002,鈴木 花子,10,179,100.0,2,1.1,2026/05/27 08:30:00,2026/05/27 09:13:42,,,,,,完了,2026/05/27 09:13:42
CASE-PO-000114,CASE-PN-000114,2,CASE-PO-000114_2,一次組立,A020,MB000102,MG001,WC000052,179,180,25,205,2026/05/27 12:28:38,2026/05/27 15:53:38,,EQ-A020,9002,鈴木 花子,25,178,99.4,0,0.0,2026/05/27 12:28:38,2026/05/27 16:10:45,,,,,,完了,2026/05/27 16:10:45
CASE-PO-000114,CASE-PN-000114,3,CASE-PO-000114_3,二次組立,A030,MB000102,MG001,WC000053,179,150,20,170,2026/05/27 18:57:35,2026/05/28 11:20:00,,EQ-A030,9002,鈴木 花子,20,175,97.8,3,1.7,2026/05/28 08:30:00,2026/05/28 11:31:16,,,,,,完了,2026/05/28 11:31:16
CASE-PO-000114,CASE-PN-000114,4,CASE-PO-000114_4,完成検査,A040,MB000102,MG001,WC000054,179,60,0,60,2026/05/28 16:47:18,2026/05/29 08:47:00,,EQ-A040,9002,鈴木 花子,0,177,98.9,1,0.6,2026/05/28 16:47:18,2026/05/29 08:40:55,,,,,,完了,2026/05/29 08:40:55
CASE-PO-000115,CASE-PN-000115,1,CASE-PO-000115_1,部品準備,A010,MB000102,MG001,WC000051,83,45,10,55,2026/06/01 08:30:00,2026/06/01 09:25:00,,EQ-A010,9002,鈴木 花子,10,83,100.0,0,0.0,2026/06/01 08:30:00,2026/06/01 09:13:56,,,,,,完了,2026/06/01 09:13:56
CASE-PO-000115,CASE-PN-000115,2,CASE-PO-000115_2,一次組立,A020,MB000102,MG001,WC000052,83,180,25,205,2026/06/01 11:49:52,2026/06/01 15:14:52,,EQ-A020,9002,鈴木 花子,25,82,98.8,1,1.2,2026/06/01 11:49:52,2026/06/01 15:09:59,,,,,,完了,2026/06/01 15:09:59
CASE-PO-000115,CASE-PN-000115,3,CASE-PO-000115_3,二次組立,A030,MB000102,MG001,WC000053,83,150,20,170,2026/06/01 21:35:41,2026/06/02 11:20:00,,EQ-A030,9002,鈴木 花子,20,82,98.8,1,1.2,2026/06/02 08:30:00,2026/06/02 10:52:51,,,,,,完了,2026/06/02 10:52:51
CASE-PO-000115,CASE-PN-000115,4,CASE-PO-000115_4,完成検査,A040,MB000102,MG001,WC000054,83,60,0,60,2026/06/02 15:04:42,2026/06/02 16:04:42,,EQ-A040,9002,鈴木 花子,0,83,100.0,1,1.2,2026/06/02 15:04:42,2026/06/02 15:57:28,,,,,,完了,2026/06/02 15:57:28
CASE-PO-000116,CASE-PN-000116,1,CASE-PO-000116_1,部品準備,A010,MB000103,MG001,WC000051,41,45,10,55,2026/06/12 08:30:00,2026/06/12 09:25:00,,EQ-A010,9002,鈴木 花子,10,40,97.6,0,0.0,2026/06/12 08:30:00,2026/06/12 09:09:45,,,,,,完了,2026/06/12 09:09:45
CASE-PO-000116,CASE-PN-000116,2,CASE-PO-000116_2,一次組立,A020,MB000103,MG001,WC000052,41,180,25,205,2026/06/12 16:01:01,2026/06/15 10:26:00,,EQ-A020,9002,鈴木 花子,25,41,100.0,1,2.4,2026/06/12 16:01:01,2026/06/15 09:50:11,,,,,,完了,2026/06/15 09:50:11
CASE-PO-000116,CASE-PN-000116,3,CASE-PO-000116_3,二次組立,A030,MB000103,MG001,WC000053,41,150,20,170,2026/06/15 20:00:11,2026/06/16 11:20:00,,EQ-A030,9002,鈴木 花子,20,40,97.6,1,2.4,2026/06/16 08:30:00,2026/06/16 10:40:17,,,,,,完了,2026/06/16 10:40:17
CASE-PO-000116,CASE-PN-000116,4,CASE-PO-000116_4,完成検査,A040,MB000103,MG001,WC000054,41,60,0,60,2026/06/16 16:37:33,2026/06/17 08:37:00,,EQ-A040,9002,鈴木 花子,0,41,100.0,0,0.0,2026/06/16 16:37:33,2026/06/16 17:29:53,,,,,,完了,2026/06/16 17:29:53
CASE-PO-000117,CASE-PN-000117,1,CASE-PO-000117_1,部品準備,A010,MB000102,MG001,WC000051,128,45,10,55,2026/06/16 08:30:00,2026/06/16 09:25:00,,EQ-A010,9005,高橋 四郎,10,124,96.9,1,0.8,2026/06/16 08:30:00,2026/06/16 09:11:29,,,,,,完了,2026/06/16 09:11:29
CASE-PO-000117,CASE-PN-000117,2,CASE-PO-000117_2,一次組立,A020,MB000102,MG001,WC000052,128,180,25,205,2026/06/16 10:43:52,2026/06/16 14:08:52,,EQ-A020,9005,高橋 四郎,25,127,99.2,1,0.8,2026/06/16 10:43:52,2026/06/16 14:21:47,,,,,,完了,2026/06/16 14:21:47
CASE-PO-000117,CASE-PN-000117,3,CASE-PO-000117_3,二次組立,A030,MB000102,MG001,WC000053,128,150,20,170,2026/06/16 23:09:45,2026/06/17 11:20:00,,EQ-A030,9005,高橋 四郎,20,125,97.7,1,0.8,2026/06/17 08:30:00,2026/06/17 11:12:01,,,,,,完了,2026/06/17 11:12:01
CASE-PO-000117,CASE-PN-000117,4,CASE-PO-000117_4,完成検査,A040,MB000102,MG001,WC000054,128,60,0,60,2026/06/17 13:40:06,2026/06/17 14:40:06,,EQ-A040,9005,高橋 四郎,0,128,100.0,2,1.6,2026/06/17 13:40:06,2026/06/17 14:32:21,,,,,,完了,2026/06/17 14:32:21
CASE-PO-000118,CASE-PN-000118,1,CASE-PO-000118_1,部品準備,A010,MB000102,MG001,WC000051,144,45,10,55,2026/06/29 08:30:00,2026/06/29 09:25:00,,EQ-A010,9005,高橋 四郎,10,142,98.6,2,1.4,2026/06/29 08:30:00,2026/06/29 09:22:06,,,,,,完了,2026/06/29 09:22:06
CASE-PO-000118,CASE-PN-000118,2,CASE-PO-000118_2,一次組立,A020,MB000102,MG001,WC000052,144,180,25,205,2026/06/29 17:05:42,2026/06/30 11:30:00,,EQ-A020,9005,高橋 四郎,25,140,97.2,2,1.4,2026/06/29 17:05:42,2026/06/30 11:25:11,,,,,,完了,2026/06/30 11:25:11
CASE-PO-000118,CASE-PN-000118,3,CASE-PO-000118_3,二次組立,A030,MB000102,MG001,WC000053,144,150,20,170,2026/06/30 16:39:23,2026/07/01 10:29:00,,EQ-A030,9005,高橋 四郎,20,142,98.6,1,0.7,2026/06/30 16:39:23,2026/07/01 09:59:51,,,,,,完了,2026/07/01 09:59:51
CASE-PO-000118,CASE-PN-000118,4,CASE-PO-000118_4,完成検査,A040,MB000102,MG001,WC000054,144,60,0,60,2026/07/01 15:04:35,2026/07/01 16:04:35,,EQ-A040,9005,高橋 四郎,0,142,98.6,1,0.7,2026/07/01 15:04:35,2026/07/01 16:15:12,,,,,,完了,2026/07/01 16:15:12
CASE-PO-000119,CASE-PN-000119,1,CASE-PO-000119_1,部品準備,A010,MB000103,MG001,WC000051,69,45,10,55,2026/05/25 08:30:00,2026/05/25 09:25:00,,EQ-A010,9005,高橋 四郎,10,67,97.1,0,0.0,2026/05/25 08:30:00,2026/05/25 09:23:25,,,,,,完了,2026/05/25 09:23:25
CASE-PO-000119,CASE-PN-000119,2,CASE-PO-000119_2,一次組立,A020,MB000103,MG001,WC000052,69,180,25,205,2026/05/25 14:47:30,2026/05/26 09:12:00,,EQ-A020,9005,高橋 四郎,25,67,97.1,0,0.0,2026/05/25 14:47:30,2026/05/25 17:24:13,,,,,,完了,2026/05/25 17:24:13
CASE-PO-000119,CASE-PN-000119,3,CASE-PO-000119_3,二次組立,A030,MB000103,MG001,WC000053,69,150,20,170,2026/05/25 20:28:20,2026/05/26 11:20:00,,EQ-A030,9005,高橋 四郎,20,68,98.6,1,1.4,2026/05/26 08:30:00,2026/05/26 10:42:46,,,,,,完了,2026/05/26 10:42:46
CASE-PO-000119,CASE-PN-000119,4,CASE-PO-000119_4,完成検査,A040,MB000103,MG001,WC000054,69,60,0,60,2026/05/26 20:13:10,2026/05/27 09:30:00,,EQ-A040,9005,高橋 四郎,0,69,100.0,1,1.4,2026/05/27 08:30:00,2026/05/27 09:43:27,,,,,,完了,2026/05/27 09:43:27
CASE-PO-000120,CASE-PN-000120,1,CASE-PO-000120_1,部品準備,A010,MB000103,MG001,WC000051,46,45,10,55,2026/06/02 08:30:00,2026/06/02 09:25:00,,EQ-A010,9004,田中 三郎,10,46,100.0,0,0.0,2026/06/02 08:30:00,2026/06/02 09:11:18,,,,,,完了,2026/06/02 09:11:18
CASE-PO-000120,CASE-PN-000120,2,CASE-PO-000120_2,一次組立,A020,MB000103,MG001,WC000052,46,180,25,205,2026/06/02 14:54:58,2026/06/03 09:19:00,,EQ-A020,9004,田中 三郎,25,45,97.8,0,0.0,2026/06/02 14:54:58,2026/06/03 08:58:36,,,,,,完了,2026/06/03 08:58:36
CASE-PO-000120,CASE-PN-000120,3,CASE-PO-000120_3,二次組立,A030,MB000103,MG001,WC000053,46,150,20,170,2026/06/03 19:07:54,2026/06/04 11:20:00,,EQ-A030,9004,田中 三郎,20,45,97.8,0,0.0,2026/06/04 08:30:00,2026/06/04 11:26:20,,,,,,完了,2026/06/04 11:26:20
CASE-PO-000120,CASE-PN-000120,4,CASE-PO-000120_4,完成検査,A040,MB000103,MG001,WC000054,46,60,0,60,2026/06/04 12:38:43,2026/06/04 13:38:43,,EQ-A040,9004,田中 三郎,0,46,100.0,0,0.0,2026/06/04 12:38:43,2026/06/04 13:43:28,,,,,,完了,2026/06/04 13:43:28
CASE-PO-000121,CASE-PN-000121,1,CASE-PO-000121_1,部品準備,A010,MB000102,MG001,WC000051,152,45,10,55,2026/05/15 08:30:00,2026/05/15 09:25:00,,EQ-A010,9002,鈴木 花子,10,150,98.7,1,0.7,2026/05/15 08:30:00,2026/05/15 09:11:02,,,,,,完了,2026/05/15 09:11:02
CASE-PO-000121,CASE-PN-000121,2,CASE-PO-000121_2,一次組立,A020,MB000102,MG001,WC000052,152,180,25,205,2026/05/15 10:33:27,2026/05/15 13:58:27,,EQ-A020,9002,鈴木 花子,25,148,97.4,1,0.7,2026/05/15 10:33:27,2026/05/15 13:52:45,,,,,,完了,2026/05/15 13:52:45
CASE-PO-000121,CASE-PN-000121,3,CASE-PO-000121_3,二次組立,A030,MB000102,MG001,WC000053,152,150,20,170,2026/05/15 23:43:27,2026/05/18 11:20:00,,EQ-A030,9002,鈴木 花子,20,151,99.3,2,1.3,2026/05/18 08:30:00,2026/05/18 10:43:05,,,,,,完了,2026/05/18 10:43:05
CASE-PO-000121,CASE-PN-000121,4,CASE-PO-000121_4,完成検査,A040,MB000102,MG001,WC000054,152,60,0,60,2026/05/18 16:32:21,2026/05/19 08:32:00,,EQ-A040,9002,鈴木 花子,0,150,98.7,3,2.0,2026/05/18 16:32:21,2026/05/18 17:29:23,,,,,,完了,2026/05/18 17:29:23
CASE-PO-000122,CASE-PN-000122,1,CASE-PO-000122_1,部品準備,A010,MB000102,MG001,WC000051,140,45,10,55,2026/06/12 08:30:00,2026/06/12 09:25:00,,EQ-A010,9004,田中 三郎,10,140,100.0,0,0.0,2026/06/12 08:30:00,2026/06/12 09:18:37,,,,,,完了,2026/06/12 09:18:37
CASE-PO-000122,CASE-PN-000122,2,CASE-PO-000122_2,一次組立,A020,MB000102,MG001,WC000052,140,180,25,205,2026/06/12 14:03:42,2026/06/12 17:28:42,,EQ-A020,9004,田中 三郎,25,138,98.6,2,1.4,2026/06/12 14:03:42,2026/06/12 16:50:36,,,,,,完了,2026/06/12 16:50:36
CASE-PO-000122,CASE-PN-000122,3,CASE-PO-000122_3,二次組立,A030,MB000102,MG001,WC000053,140,150,20,170,2026/06/13 04:32:23,2026/06/15 11:20:00,,EQ-A030,9004,田中 三郎,20,137,97.9,2,1.4,2026/06/15 08:30:00,2026/06/15 11:20:29,,,,,,完了,2026/06/15 11:20:29
CASE-PO-000122,CASE-PN-000122,4,CASE-PO-000122_4,完成検査,A040,MB000102,MG001,WC000054,140,60,0,60,2026/06/15 16:48:19,2026/06/16 08:48:00,,EQ-A040,9004,田中 三郎,0,139,99.3,1,0.7,2026/06/15 16:48:19,2026/06/16 08:55:08,,,,,,完了,2026/06/16 08:55:08
CASE-PO-000123,CASE-PN-000123,1,CASE-PO-000123_1,部品準備,A010,MB000102,MG001,WC000051,62,45,10,55,2026/06/29 08:30:00,2026/06/29 09:25:00,,EQ-A010,9005,高橋 四郎,10,62,100.0,1,1.6,2026/06/29 08:30:00,2026/06/29 09:14:00,,,,,,完了,2026/06/29 09:14:00
CASE-PO-000123,CASE-PN-000123,2,CASE-PO-000123_2,一次組立,A020,MB000102,MG001,WC000052,62,180,25,205,2026/06/29 13:43:06,2026/06/29 17:08:06,,EQ-A020,9005,高橋 四郎,25,61,98.4,0,0.0,2026/06/29 13:43:06,2026/06/29 17:08:24,,,,,,完了,2026/06/29 17:08:24
CASE-PO-000123,CASE-PN-000123,3,CASE-PO-000123_3,二次組立,A030,MB000102,MG001,WC000053,62,150,20,170,2026/06/29 23:16:41,2026/06/30 11:20:00,,EQ-A030,9005,高橋 四郎,20,61,98.4,0,0.0,2026/06/30 08:30:00,2026/06/30 11:29:53,,,,,,完了,2026/06/30 11:29:53
CASE-PO-000123,CASE-PN-000123,4,CASE-PO-000123_4,完成検査,A040,MB000102,MG001,WC000054,62,60,0,60,2026/06/30 13:10:38,2026/06/30 14:10:38,,EQ-A040,9005,高橋 四郎,0,61,98.4,1,1.6,2026/06/30 13:10:38,2026/06/30 14:08:36,,,,,,完了,2026/06/30 14:08:36
CASE-PO-000124,CASE-PN-000124,1,CASE-PO-000124_1,部品準備,A010,MB000101,MG001,WC000051,80,45,10,55,2026/05/26 08:30:00,2026/05/26 09:25:00,,EQ-A010,9001,山田 太郎,10,80,100.0,0,0.0,2026/05/26 08:30:00,2026/05/26 09:18:55,,,,,,完了,2026/05/26 09:18:55
CASE-PO-000124,CASE-PN-000124,2,CASE-PO-000124_2,一次組立,A020,MB000101,MG001,WC000052,80,180,25,205,2026/05/26 16:21:11,2026/05/27 10:46:00,,EQ-A020,9001,山田 太郎,25,79,98.8,0,0.0,2026/05/26 16:21:11,2026/05/27 10:43:08,,,,,,完了,2026/05/27 10:43:08
CASE-PO-000124,CASE-PN-000124,3,CASE-PO-000124_3,二次組立,A030,MB000101,MG001,WC000053,80,150,20,170,2026/05/27 19:29:04,2026/05/28 11:20:00,,EQ-A030,9001,山田 太郎,20,79,98.8,1,1.3,2026/05/28 08:30:00,2026/05/28 11:09:43,,,,,,完了,2026/05/28 11:09:43
CASE-PO-000124,CASE-PN-000124,4,CASE-PO-000124_4,完成検査,A040,MB000101,MG001,WC000054,80,60,0,60,2026/05/28 17:53:22,2026/05/29 09:30:00,,EQ-A040,9001,山田 太郎,0,78,97.5,0,0.0,2026/05/29 08:30:00,2026/05/29 09:37:08,,,,,,完了,2026/05/29 09:37:08
CASE-PO-000125,CASE-PN-000125,1,CASE-PO-000125_1,部品準備,A010,MB000102,MG001,WC000051,182,45,10,55,2026/05/06 08:30:00,2026/05/06 09:25:00,,EQ-A010,9005,高橋 四郎,10,179,98.4,3,1.6,2026/05/06 08:30:00,2026/05/06 09:17:58,,,,,,完了,2026/05/06 09:17:58
CASE-PO-000125,CASE-PN-000125,2,CASE-PO-000125_2,一次組立,A020,MB000102,MG001,WC000052,182,180,25,205,2026/05/06 16:40:59,2026/05/07 11:05:00,,EQ-A020,9005,高橋 四郎,25,177,97.3,3,1.6,2026/05/06 16:40:59,2026/05/07 11:09:59,,,,,,完了,2026/05/07 11:09:59
CASE-PO-000125,CASE-PN-000125,3,CASE-PO-000125_3,二次組立,A030,MB000102,MG001,WC000053,182,150,20,170,2026/05/07 19:16:13,2026/05/08 11:20:00,,EQ-A030,9005,高橋 四郎,20,179,98.4,1,0.5,2026/05/08 08:30:00,2026/05/08 10:40:42,,,,,,完了,2026/05/08 10:40:42
CASE-PO-000125,CASE-PN-000125,4,CASE-PO-000125_4,完成検査,A040,MB000102,MG001,WC000054,182,60,0,60,2026/05/08 12:27:47,2026/05/08 13:27:47,,EQ-A040,9005,高橋 四郎,0,179,98.4,3,1.6,2026/05/08 12:27:47,2026/05/08 13:36:46,,,,,,完了,2026/05/08 13:36:46
CASE-PO-000126,CASE-PN-000126,1,CASE-PO-000126_1,部品準備,A010,MB000102,MG001,WC000051,77,45,10,55,2026/05/12 08:30:00,2026/05/12 09:25:00,,EQ-A010,9003,佐藤 次郎,10,77,100.0,1,1.3,2026/05/12 08:30:00,2026/05/12 09:20:00,,,,,,完了,2026/05/12 09:20:00
CASE-PO-000126,CASE-PN-000126,2,CASE-PO-000126_2,一次組立,A020,MB000102,MG001,WC000052,77,180,25,205,2026/05/12 12:53:23,2026/05/12 16:18:23,,EQ-A020,9003,佐藤 次郎,25,75,97.4,1,1.3,2026/05/12 12:53:23,2026/05/12 15:30:23,,,,,,完了,2026/05/12 15:30:23
CASE-PO-000126,CASE-PN-000126,3,CASE-PO-000126_3,二次組立,A030,MB000102,MG001,WC000053,77,150,20,170,2026/05/12 22:33:37,2026/05/13 11:20:00,,EQ-A030,9003,佐藤 次郎,20,75,97.4,1,1.3,2026/05/13 08:30:00,2026/05/13 11:20:24,,,,,,完了,2026/05/13 11:20:24
CASE-PO-000126,CASE-PN-000126,4,CASE-PO-000126_4,完成検査,A040,MB000102,MG001,WC000054,77,60,0,60,2026/05/13 13:09:50,2026/05/13 14:09:50,,EQ-A040,9003,佐藤 次郎,0,75,97.4,1,1.3,2026/05/13 13:09:50,2026/05/13 14:12:34,,,,,,完了,2026/05/13 14:12:34
CASE-PO-000127,CASE-PN-000127,1,CASE-PO-000127_1,部品準備,A010,MB000102,MG001,WC000051,119,45,10,55,2026/05/28 08:30:00,2026/05/28 09:25:00,,EQ-A010,9002,鈴木 花子,10,118,99.2,0,0.0,2026/05/28 08:30:00,2026/05/28 09:21:31,,,,,,完了,2026/05/28 09:21:31
CASE-PO-000127,CASE-PN-000127,2,CASE-PO-000127_2,一次組立,A020,MB000102,MG001,WC000052,119,180,25,205,2026/05/28 14:41:56,2026/05/29 09:06:00,,EQ-A020,9002,鈴木 花子,25,119,100.0,0,0.0,2026/05/28 14:41:56,2026/05/29 08:39:06,,,,,,完了,2026/05/29 08:39:06
CASE-PO-000127,CASE-PN-000127,3,CASE-PO-000127_3,二次組立,A030,MB000102,MG001,WC000053,119,150,20,170,2026/05/29 16:15:39,2026/06/01 10:05:00,,EQ-A030,9002,鈴木 花子,20,117,98.3,1,0.8,2026/05/29 16:15:39,2026/06/01 09:35:21,,,,,,完了,2026/06/01 09:35:21
CASE-PO-000127,CASE-PN-000127,4,CASE-PO-000127_4,完成検査,A040,MB000102,MG001,WC000054,119,60,0,60,2026/06/01 18:27:34,2026/06/02 09:30:00,,EQ-A040,9002,鈴木 花子,0,118,99.2,0,0.0,2026/06/02 08:30:00,2026/06/02 09:41:29,,,,,,完了,2026/06/02 09:41:29
CASE-PO-000128,CASE-PN-000128,1,CASE-PO-000128_1,部品準備,A010,MB000103,MG001,WC000051,41,45,10,55,2026/06/23 08:30:00,2026/06/23 09:25:00,,EQ-A010,9001,山田 太郎,10,41,100.0,1,2.4,2026/06/23 08:30:00,2026/06/23 09:24:45,,,,,,完了,2026/06/23 09:24:45
CASE-PO-000128,CASE-PN-000128,2,CASE-PO-000128_2,一次組立,A020,MB000103,MG001,WC000052,41,180,25,205,2026/06/23 15:07:59,2026/06/24 09:32:00,,EQ-A020,9001,山田 太郎,25,41,100.0,0,0.0,2026/06/23 15:07:59,2026/06/24 09:15:49,,,,,,完了,2026/06/24 09:15:49
CASE-PO-000128,CASE-PN-000128,3,CASE-PO-000128_3,二次組立,A030,MB000103,MG001,WC000053,41,150,20,170,2026/06/24 14:51:41,2026/06/25 08:41:00,,EQ-A030,9001,山田 太郎,20,40,97.6,0,0.0,2026/06/24 14:51:41,2026/06/25 08:53:19,,,,,,完了,2026/06/25 08:53:19
CASE-PO-000128,CASE-PN-000128,4,CASE-PO-000128_4,完成検査,A040,MB000103,MG001,WC000054,41,60,0,60,2026/06/25 18:27:14,2026/06/26 09:30:00,,EQ-A040,9001,山田 太郎,0,40,97.6,1,2.4,2026/06/26 08:30:00,2026/06/26 09:39:42,,,,,,完了,2026/06/26 09:39:42
CASE-PO-000129,CASE-PN-000129,1,CASE-PO-000129_1,部品準備,A010,MB000101,MG001,WC000051,113,45,10,55,2026/05/14 08:30:00,2026/05/14 09:25:00,,EQ-A010,9005,高橋 四郎,10,113,100.0,0,0.0,2026/05/14 08:30:00,2026/05/14 09:08:40,,,,,,完了,2026/05/14 09:08:40
CASE-PO-000129,CASE-PN-000129,2,CASE-PO-000129_2,一次組立,A020,MB000101,MG001,WC000052,113,180,25,205,2026/05/14 14:32:21,2026/05/15 08:57:00,,EQ-A020,9005,高橋 四郎,25,112,99.1,1,0.9,2026/05/14 14:32:21,2026/05/15 08:35:36,,,,,,完了,2026/05/15 08:35:36
CASE-PO-000129,CASE-PN-000129,3,CASE-PO-000129_3,二次組立,A030,MB000101,MG001,WC000053,113,150,20,170,2026/05/15 19:17:48,2026/05/18 11:20:00,,EQ-A030,9005,高橋 四郎,20,112,99.1,2,1.8,,2026/05/18 11:14:08,,,,,,完了,2026/05/18 11:14:08
CASE-PO-000129,CASE-PN-000129,4,CASE-PO-000129_4,完成検査,A040,MB000101,MG001,WC000054,113,60,0,60,2026/05/18 16:17:20,2026/05/18 17:17:20,,EQ-A040,9005,高橋 四郎,0,112,99.1,1,0.9,2026/05/18 16:17:20,2026/05/18 17:17:22,,,,,,完了,2026/05/18 17:17:22
CASE-PO-000130,CASE-PN-000130,1,CASE-PO-000130_1,部品準備,A010,MB000103,MG001,WC000051,39,45,10,55,2026/06/23 08:30:00,2026/06/23 09:25:00,,EQ-A010,9001,山田 太郎,10,38,97.4,0,0.0,2026/06/23 08:30:00,2026/06/23 09:20:05,,,,,,完了,2026/06/23 09:20:05
CASE-PO-000130,CASE-PN-000130,2,CASE-PO-000130_2,一次組立,A020,MB000103,MG001,WC000052,39,180,25,205,2026/06/23 14:38:11,2026/06/24 09:03:00,,EQ-A020,9001,山田 太郎,25,38,97.4,1,2.6,2026/06/23 14:38:11,2026/06/23 17:27:13,,,,,,完了,2026/06/23 17:27:13
CASE-PO-000130,CASE-PN-000130,3,CASE-PO-000130_3,二次組立,A030,MB000103,MG001,WC000053,39,150,20,170,2026/06/24 01:19:30,2026/06/24 11:20:00,,EQ-A030,9001,山田 太郎,20,38,97.4,0,0.0,2026/06/24 08:30:00,2026/06/24 10:55:33,,,,,,完了,2026/06/24 10:55:33
CASE-PO-000130,CASE-PN-000130,4,CASE-PO-000130_4,完成検査,A040,MB000103,MG001,WC000054,39,60,0,60,2026/06/24 13:28:17,2026/06/24 14:28:17,,EQ-A040,9001,山田 太郎,0,38,97.4,1,2.6,2026/06/24 13:28:17,2026/06/24 14:34:34,,,,,,完了,2026/06/24 14:34:34
CASE-PO-000131,CASE-PN-000131,1,CASE-PO-000131_1,部品準備,A010,MB000101,MG001,WC000051,116,45,10,55,2026/06/29 08:30:00,2026/06/29 09:25:00,,EQ-A010,9004,田中 三郎,10,114,98.3,0,0.0,2026/06/29 08:30:00,2026/06/29 09:15:00,,,,,,完了,2026/06/29 09:15:00
CASE-PO-000131,CASE-PN-000131,2,CASE-PO-000131_2,一次組立,A020,MB000101,MG001,WC000052,116,180,25,205,2026/06/29 11:53:09,2026/06/29 15:18:09,,EQ-A020,9004,田中 三郎,25,114,98.3,1,0.9,2026/06/29 11:53:09,2026/06/29 14:41:43,,,,,,完了,2026/06/29 14:41:43
CASE-PO-000131,CASE-PN-000131,3,CASE-PO-000131_3,二次組立,A030,MB000101,MG001,WC000053,116,150,20,170,2026/06/29 22:17:04,2026/06/30 11:20:00,,EQ-A030,9004,田中 三郎,20,114,98.3,0,0.0,2026/06/30 08:30:00,2026/06/30 10:58:13,,,,,,完了,2026/06/30 10:58:13
CASE-PO-000131,CASE-PN-000131,4,CASE-PO-000131_4,完成検査,A040,MB000101,MG001,WC000054,116,60,0,60,2026/06/30 14:32:30,2026/06/30 15:32:30,,EQ-A040,9004,田中 三郎,0,115,99.1,0,0.0,2026/06/30 14:32:30,2026/06/30 15:41:52,,,,,,完了,2026/06/30 15:41:52
CASE-PO-000132,CASE-PN-000132,1,CASE-PO-000132_1,部品準備,A010,MB000101,MG001,WC000051,42,45,10,55,2026/06/11 08:30:00,2026/06/11 09:25:00,,EQ-A010,9003,佐藤 次郎,10,41,97.6,1,2.4,2026/06/11 08:30:00,2026/06/11 09:16:41,,,,,,完了,2026/06/11 09:16:41
CASE-PO-000132,CASE-PN-000132,2,CASE-PO-000132_2,一次組立,A020,MB000101,MG001,WC000052,42,180,25,205,2026/06/11 15:20:36,2026/06/12 09:45:00,,EQ-A020,9003,佐藤 次郎,25,41,97.6,1,2.4,2026/06/11 15:20:36,2026/06/12 09:11:00,,,,,,完了,2026/06/12 09:11:00
CASE-PO-000132,CASE-PN-000132,3,CASE-PO-000132_3,二次組立,A030,MB000101,MG001,WC000053,42,150,20,170,2026/06/12 12:11:36,2026/06/12 15:01:36,,EQ-A030,9003,佐藤 次郎,20,41,97.6,1,2.4,2026/06/12 12:11:36,2026/06/12 15:16:55,,,,,,完了,2026/06/12 15:16:55
CASE-PO-000132,CASE-PN-000132,4,CASE-PO-000132_4,完成検査,A040,MB000101,MG001,WC000054,42,60,0,60,2026/06/12 18:32:35,2026/06/15 09:30:00,,EQ-A040,9003,佐藤 次郎,0,42,100.0,0,0.0,2026/06/15 08:30:00,2026/06/15 09:29:10,,,,,,完了,2026/06/15 09:29:10
CASE-PO-000133,CASE-PN-000133,1,CASE-PO-000133_1,部品準備,A010,MB000102,MG001,WC000051,158,45,10,55,2026/05/25 08:30:00,2026/05/25 09:25:00,,EQ-A010,9001,山田 太郎,10,158,100.0,1,0.6,2026/05/25 08:30:00,2026/05/25 09:08:42,,,,,,完了,2026/05/25 09:08:42
CASE-PO-000133,CASE-PN-000133,2,CASE-PO-000133_2,一次組立,A020,MB000102,MG001,WC000052,158,180,25,205,2026/05/25 12:49:02,2026/05/25 16:14:02,,EQ-A020,9001,山田 太郎,25,154,97.5,3,1.9,2026/05/25 12:49:02,2026/05/25 16:26:18,,,,,,完了,2026/05/25 16:26:18
CASE-PO-000133,CASE-PN-000133,3,CASE-PO-000133_3,二次組立,A030,MB000102,MG001,WC000053,158,150,20,170,2026/05/25 22:10:42,2026/05/26 11:20:00,,EQ-A030,9001,山田 太郎,20,157,99.4,1,0.6,2026/05/26 08:30:00,2026/05/26 10:39:25,,,,,,完了,2026/05/26 10:39:25
CASE-PO-000133,CASE-PN-000133,4,CASE-PO-000133_4,完成検査,A040,MB000102,MG001,WC000054,158,60,0,60,2026/05/26 19:56:17,2026/05/27 09:30:00,,EQ-A040,9001,山田 太郎,0,154,97.5,2,1.3,2026/05/27 08:30:00,2026/05/27 09:44:43,,,,,,完了,2026/05/27 09:44:43
CASE-PO-000134,CASE-PN-000134,1,CASE-PO-000134_1,部品準備,A010,MB000101,MG001,WC000051,56,45,10,55,2026/06/12 08:30:00,2026/06/12 09:25:00,,EQ-A010,9003,佐藤 次郎,10,55,98.2,0,0.0,2026/06/12 08:30:00,2026/06/12 09:23:24,,,,,,完了,2026/06/12 09:23:24
CASE-PO-000134,CASE-PN-000134,2,CASE-PO-000134_2,一次組立,A020,MB000101,MG001,WC000052,56,180,25,205,2026/06/12 11:01:07,2026/06/12 14:26:07,,EQ-A020,9003,佐藤 次郎,25,56,100.0,1,1.8,2026/06/12 11:01:07,2026/06/12 13:35:13,,,,,,完了,2026/06/12 13:35:13
CASE-PO-000134,CASE-PN-000134,3,CASE-PO-000134_3,二次組立,A030,MB000101,MG001,WC000053,56,150,20,170,2026/06/13 01:09:02,2026/06/15 11:20:00,,EQ-A030,9003,佐藤 次郎,20,55,98.2,1,1.8,2026/06/15 08:30:00,2026/06/15 10:42:18,,,,,,完了,2026/06/15 10:42:18
CASE-PO-000134,CASE-PN-000134,4,CASE-PO-000134_4,完成検査,A040,MB000101,MG001,WC000054,56,60,0,60,2026/06/15 15:58:43,2026/06/15 16:58:43,,EQ-A040,9003,佐藤 次郎,0,56,100.0,0,0.0,2026/06/15 15:58:43,2026/06/15 16:59:57,,,,,,完了,2026/06/15 16:59:57
CASE-PO-000135,CASE-PN-000135,1,CASE-PO-000135_1,部品準備,A010,MB000102,MG001,WC000051,147,45,10,55,2026/05/21 08:30:00,2026/05/21 09:25:00,,EQ-A010,9001,山田 太郎,10,146,99.3,1,0.7,2026/05/21 08:30:00,2026/05/21 09:17:07,,,,,,完了,2026/05/21 09:17:07
CASE-PO-000135,CASE-PN-000135,2,CASE-PO-000135_2,一次組立,A020,MB000102,MG001,WC000052,147,180,25,205,2026/05/21 14:45:20,2026/05/22 09:10:00,,EQ-A020,9001,山田 太郎,25,143,97.3,0,0.0,2026/05/21 14:45:20,2026/05/21 17:20:19,,,,,,完了,2026/05/21 17:20:19
CASE-PO-000135,CASE-PN-000135,3,CASE-PO-000135_3,二次組立,A030,MB000102,MG001,WC000053,147,150,20,170,2026/05/21 21:11:57,2026/05/22 11:20:00,,EQ-A030,9001,山田 太郎,20,147,100.0,1,0.7,2026/05/22 08:30:00,2026/05/22 11:28:26,,,,,,完了,2026/05/22 11:28:26
CASE-PO-000135,CASE-PN-000135,4,CASE-PO-000135_4,完成検査,A040,MB000102,MG001,WC000054,147,60,0,60,2026/05/22 13:21:35,2026/05/22 14:21:35,,EQ-A040,9001,山田 太郎,0,144,98.0,3,2.0,2026/05/22 13:21:35,2026/05/22 14:21:44,,,,,,完了,2026/05/22 14:21:44
CASE-PO-000136,CASE-PN-000136,1,CASE-PO-000136_1,部品準備,A010,MB000102,MG001,WC000051,187,45,10,55,2026/06/22 08:30:00,2026/06/22 09:25:00,,EQ-A010,9003,佐藤 次郎,10,185,98.9,2,1.1,2026/06/22 08:30:00,2026/06/22 09:16:15,,,,,,完了,2026/06/22 09:16:15
CASE-PO-000136,CASE-PN-000136,2,CASE-PO-000136_2,一次組立,A020,MB000102,MG001,WC000052,187,180,25,205,2026/06/22 10:24:56,2026/06/22 13:49:56,,EQ-A020,9003,佐藤 次郎,25,184,98.4,4,2.1,2026/06/22 10:24:56,2026/06/22 13:01:54,,,,,,完了,2026/06/22 13:01:54
CASE-PO-000136,CASE-PN-000136,3,CASE-PO-000136_3,二次組立,A030,MB000102,MG001,WC000053,187,150,20,170,2026/06/22 23:12:10,2026/06/23 11:20:00,,EQ-A030,9003,佐藤 次郎,20,187,100.0,1,0.5,2026/06/23 08:30:00,2026/06/23 11:31:44,,,,,,完了,2026/06/23 11:31:44
CASE-PO-000136,CASE-PN-000136,4,CASE-PO-000136_4,完成検査,A040,MB000102,MG001,WC000054,187,60,0,60,2026/06/23 21:24:51,2026/06/24 09:30:00,,EQ-A040,9003,佐藤 次郎,0,186,99.5,3,1.6,2026/06/24 08:30:00,2026/06/24 09:31:21,,,,,,完了,2026/06/24 09:31:21
CASE-PO-000137,CASE-PN-000137,1,CASE-PO-000137_1,部品準備,A010,MB000103,MG001,WC000051,46,45,10,55,2026/06/01 08:30:00,2026/06/01 09:25:00,,EQ-A010,9003,佐藤 次郎,10,45,97.8,1,2.2,2026/06/01 08:30:00,2026/06/01 09:24:26,,,,,,完了,2026/06/01 09:24:26
CASE-PO-000137,CASE-PN-000137,2,CASE-PO-000137_2,一次組立,A020,MB000103,MG001,WC000052,46,180,25,205,2026/06/01 13:13:39,2026/06/01 16:38:39,,EQ-A020,9003,佐藤 次郎,25,45,97.8,0,0.0,2026/06/01 13:13:39,2026/06/01 16:30:29,,,,,,完了,2026/06/01 16:30:29
CASE-PO-000137,CASE-PN-000137,3,CASE-PO-000137_3,二次組立,A030,MB000103,MG001,WC000053,46,150,20,170,2026/06/01 19:46:23,2026/06/02 11:20:00,,EQ-A030,9003,佐藤 次郎,20,46,100.0,1,2.2,2026/06/02 08:30:00,2026/06/02 10:38:04,,,,,,完了,2026/06/02 10:38:04
CASE-PO-000137,CASE-PN-000137,4,CASE-PO-000137_4,完成検査,A040,MB000103,MG001,WC000054,46,60,0,60,2026/06/02 18:34:14,2026/06/03 09:30:00,,EQ-A040,9003,佐藤 次郎,0,45,97.8,1,2.2,2026/06/03 08:30:00,2026/06/03 09:23:54,,,,,,完了,2026/06/03 09:23:54
CASE-PO-000138,CASE-PN-000138,1,CASE-PO-000138_1,部品準備,A010,MB000103,MG001,WC000051,85,45,10,55,2026/05/25 08:30:00,2026/05/25 09:25:00,,EQ-A010,9004,田中 三郎,10,83,97.6,1,1.2,2026/05/25 08:30:00,2026/05/25 09:25:41,,,,,,完了,2026/05/25 09:25:41
CASE-PO-000138,CASE-PN-000138,2,CASE-PO-000138_2,一次組立,A020,MB000103,MG001,WC000052,85,180,25,205,2026/05/25 10:59:35,2026/05/25 14:24:35,,EQ-A020,9004,田中 三郎,25,85,100.0,1,1.2,2026/05/25 10:59:35,2026/05/25 13:44:53,,,,,,完了,2026/05/25 13:44:53
CASE-PO-000138,CASE-PN-000138,3,CASE-PO-000138_3,二次組立,A030,MB000103,MG001,WC000053,85,150,20,170,2026/05/25 18:58:52,2026/05/26 11:20:00,,EQ-A030,9004,田中 三郎,20,84,98.8,1,1.2,2026/05/26 08:30:00,2026/05/26 10:40:21,,,,,,完了,2026/05/26 10:40:21
CASE-PO-000138,CASE-PN-000138,4,CASE-PO-000138_4,完成検査,A040,MB000103,MG001,WC000054,85,60,0,60,2026/05/26 19:10:31,2026/05/27 09:30:00,,EQ-A040,9004,田中 三郎,0,84,98.8,2,2.4,2026/05/27 08:30:00,2026/05/27 09:43:06,,,,,,完了,2026/05/27 09:43:06
CASE-PO-000139,CASE-PN-000139,1,CASE-PO-000139_1,部品準備,A010,MB000101,MG001,WC000051,63,45,10,55,2026/05/14 08:30:00,2026/05/14 09:25:00,,EQ-A010,9004,田中 三郎,10,62,98.4,0,0.0,2026/05/14 08:30:00,2026/05/14 09:14:25,,,,,,完了,2026/05/14 09:14:25
CASE-PO-000139,CASE-PN-000139,2,CASE-PO-000139_2,一次組立,A020,MB000101,MG001,WC000052,63,180,25,205,2026/05/14 10:41:15,2026/05/14 14:06:15,,EQ-A020,9004,田中 三郎,,,,,,2026/05/14 10:41:15,,,,,,,生産中,2026/05/14 14:06:15
CASE-PO-000139,CASE-PN-000139,3,CASE-PO-000139_3,二次組立,A030,MB000101,MG001,WC000053,63,150,20,170,2026/05/14 19:26:36,2026/05/15 11:20:00,,EQ-A030,9004,田中 三郎,,,,,,,,,,,,,開始待ち,2026/05/15 11:20:00
CASE-PO-000139,CASE-PN-000139,4,CASE-PO-000139_4,完成検査,A040,MB000101,MG001,WC000054,63,60,0,60,2026/05/15 17:37:37,2026/05/18 09:30:00,,EQ-A040,9004,田中 三郎,,,,,,,,,,,,,開始待ち,2026/05/18 09:30:00
CASE-PO-000140,CASE-PN-000140,1,CASE-PO-000140_1,部品準備,A010,MB000102,MG001,WC000051,200,45,10,55,2026/06/30 08:30:00,2026/06/30 09:25:00,,EQ-A010,9002,鈴木 花子,10,194,97.0,3,1.5,2026/06/30 08:30:00,2026/06/30 09:22:55,,,,,,完了,2026/06/30 09:22:55
CASE-PO-000140,CASE-PN-000140,2,CASE-PO-000140_2,一次組立,A020,MB000102,MG001,WC000052,200,180,25,205,2026/06/30 15:56:21,2026/07/01 10:21:00,,EQ-A020,9002,鈴木 花子,25,195,97.5,0,0.0,2026/06/30 15:56:21,2026/07/01 10:32:45,,,,,,完了,2026/07/01 10:32:45
CASE-PO-000140,CASE-PN-000140,3,CASE-PO-000140_3,二次組立,A030,MB000102,MG001,WC000053,200,150,20,170,2026/07/01 15:25:02,2026/07/02 09:15:00,,EQ-A030,9002,鈴木 花子,20,197,98.5,1,0.5,2026/07/01 15:25:02,2026/07/02 09:13:04,,,,,,完了,2026/07/02 09:13:04
CASE-PO-000140,CASE-PN-000140,4,CASE-PO-000140_4,完成検査,A040,MB000102,MG001,WC000054,200,60,0,60,2026/07/02 17:21:21,2026/07/03 09:21:00,,EQ-A040,9002,鈴木 花子,,,,,,2026/07/02 17:21:21,,,,,,,生産中,2026/07/03 09:21:00
CASE-PO-000141,CASE-PN-000141,1,CASE-PO-000141_1,部品準備,A010,MB000102,MG001,WC000051,196,45,10,55,2026/05/14 08:30:00,2026/05/14 09:25:00,,EQ-A010,9002,鈴木 花子,10,190,96.9,3,1.5,2026/05/14 08:30:00,2026/05/14 09:10:01,,,,,,完了,2026/05/14 09:10:01
CASE-PO-000141,CASE-PN-000141,2,CASE-PO-000141_2,一次組立,A020,MB000102,MG001,WC000052,196,180,25,205,2026/05/14 13:31:09,2026/05/14 16:56:09,,EQ-A020,9002,鈴木 花子,25,192,98.0,3,1.5,2026/05/14 13:31:09,2026/05/14 16:36:24,,,,,,完了,2026/05/14 16:36:24
CASE-PO-000141,CASE-PN-000141,3,CASE-PO-000141_3,二次組立,A030,MB000102,MG001,WC000053,196,150,20,170,2026/05/15 02:25:03,2026/05/15 11:20:00,,EQ-A030,9002,鈴木 花子,20,194,99.0,1,0.5,2026/05/15 08:30:00,2026/05/15 10:45:42,,,,,,完了,2026/05/15 10:45:42
CASE-PO-000141,CASE-PN-000141,4,CASE-PO-000141_4,完成検査,A040,MB000102,MG001,WC000054,196,60,0,60,2026/05/15 20:09:53,2026/05/18 09:30:00,,EQ-A040,9002,鈴木 花子,0,196,100.0,3,1.5,2026/05/18 08:30:00,2026/05/18 09:34:16,,,,,,完了,2026/05/18 09:34:16
CASE-PO-000142,CASE-PN-000142,1,CASE-PO-000142_1,部品準備,A010,MB000101,MG001,WC000051,98,45,10,55,2026/06/01 08:30:00,2026/06/01 09:25:00,,EQ-A010,9002,鈴木 花子,10,96,98.0,2,2.0,2026/06/01 08:30:00,2026/06/01 09:08:52,,,,,,完了,2026/06/01 09:08:52
CASE-PO-000142,CASE-PN-000142,2,CASE-PO-000142_2,一次組立,A020,MB000101,MG001,WC000052,98,180,25,205,2026/06/01 11:12:33,2026/06/01 14:37:33,,EQ-A020,9002,鈴木 花子,25,96,98.0,1,1.0,2026/06/01 11:12:33,2026/06/01 13:55:27,,,,,,完了,2026/06/01 13:55:27
CASE-PO-000142,CASE-PN-000142,3,CASE-PO-000142_3,二次組立,A030,MB000101,MG001,WC000053,98,150,20,170,2026/06/01 23:55:08,2026/06/02 11:20:00,,EQ-A030,9002,鈴木 花子,20,97,99.0,2,2.0,2026/06/02 08:30:00,2026/06/02 11:13:51,,,,,,完了,2026/06/02 11:13:51
CASE-PO-000142,CASE-PN-000142,4,CASE-PO-000142_4,完成検査,A040,MB000101,MG001,WC000054,98,60,0,60,2026/06/02 19:11:23,2026/06/03 09:30:00,,EQ-A040,9002,鈴木 花子,0,97,99.0,0,0.0,2026/06/03 08:30:00,2026/06/03 09:38:43,,,,,,完了,2026/06/03 09:38:43
CASE-PO-000143,CASE-PN-000143,1,CASE-PO-000143_1,部品準備,A010,MB000103,MG001,WC000051,75,45,10,55,2026/05/26 08:30:00,2026/05/26 09:25:00,,EQ-A010,9002,鈴木 花子,10,74,98.7,1,1.3,2026/05/26 08:30:00,2026/05/26 09:18:12,,,,,,完了,2026/05/26 09:18:12
CASE-PO-000143,CASE-PN-000143,2,CASE-PO-000143_2,一次組立,A020,MB000103,MG001,WC000052,75,180,25,205,2026/05/26 12:15:59,2026/05/26 15:40:59,,EQ-A020,9002,鈴木 花子,25,73,97.3,0,0.0,2026/05/26 12:15:59,2026/05/26 15:49:42,,,,,,完了,2026/05/26 15:49:42
CASE-PO-000143,CASE-PN-000143,3,CASE-PO-000143_3,二次組立,A030,MB000103,MG001,WC000053,75,150,20,170,2026/05/27 01:48:07,2026/05/27 11:20:00,,EQ-A030,9002,鈴木 花子,20,74,98.7,1,1.3,2026/05/27 08:30:00,2026/05/27 10:44:30,,,,,,完了,2026/05/27 10:44:30
CASE-PO-000143,CASE-PN-000143,4,CASE-PO-000143_4,完成検査,A040,MB000103,MG001,WC000054,75,60,0,60,2026/05/27 15:38:29,2026/05/27 16:38:29,,EQ-A040,9002,鈴木 花子,0,73,97.3,1,1.3,2026/05/27 15:38:29,2026/05/27 16:32:45,,,,,,完了,2026/05/27 16:32:45
CASE-PO-000144,CASE-PN-000144,1,CASE-PO-000144_1,部品準備,A010,MB000101,MG001,WC000051,42,45,10,55,2026/05/15 08:30:00,2026/05/15 09:25:00,,EQ-A010,9001,山田 太郎,10,42,100.0,0,0.0,2026/05/15 08:30:00,2026/05/15 09:18:28,,,,,,完了,2026/05/15 09:18:28
CASE-PO-000144,CASE-PN-000144,2,CASE-PO-000144_2,一次組立,A020,MB000101,MG001,WC000052,42,180,25,205,2026/05/15 14:28:16,2026/05/18 08:53:00,,EQ-A020,9001,山田 太郎,25,42,100.0,0,0.0,2026/05/15 14:28:16,2026/05/18 08:46:17,,,,,,完了,2026/05/18 08:46:17
CASE-PO-000144,CASE-PN-000144,3,CASE-PO-000144_3,二次組立,A030,MB000101,MG001,WC000053,42,150,20,170,2026/05/18 19:55:30,2026/05/19 11:20:00,,EQ-A030,9001,山田 太郎,20,41,97.6,1,2.4,2026/05/19 08:30:00,2026/05/19 11:23:17,,,,,,完了,2026/05/19 11:23:17
CASE-PO-000144,CASE-PN-000144,4,CASE-PO-000144_4,完成検査,A040,MB000101,MG001,WC000054,42,60,0,60,2026/05/19 18:33:28,2026/05/20 09:30:00,,EQ-A040,9001,山田 太郎,0,42,100.0,0,0.0,2026/05/20 08:30:00,2026/05/20 09:30:01,,,,,,完了,2026/05/20 09:30:01
CASE-PO-000145,CASE-PN-000145,1,CASE-PO-000145_1,部品準備,A010,MB000102,MG001,WC000051,66,45,10,55,2026/06/10 08:30:00,2026/06/10 09:25:00,,EQ-A010,9002,鈴木 花子,10,66,100.0,0,0.0,2026/06/10 08:30:00,2026/06/10 09:25:22,,,,,,完了,2026/06/10 09:25:22
CASE-PO-000145,CASE-PN-000145,2,CASE-PO-000145_2,一次組立,A020,MB000102,MG001,WC000052,66,180,25,205,2026/06/10 14:21:17,2026/06/11 08:46:00,,EQ-A020,9002,鈴木 花子,25,66,100.0,1,1.5,2026/06/10 14:21:17,2026/06/11 08:40:46,,,,,,完了,2026/06/11 08:40:46
CASE-PO-000145,CASE-PN-000145,3,CASE-PO-000145_3,二次組立,A030,MB000102,MG001,WC000053,66,150,20,170,2026/06/11 17:17:34,2026/06/12 11:07:00,,EQ-A030,9002,鈴木 花子,20,65,98.5,0,0.0,2026/06/11 17:17:34,2026/06/12 10:39:44,,,,,,完了,2026/06/12 10:39:44
CASE-PO-000145,CASE-PN-000145,4,CASE-PO-000145_4,完成検査,A040,MB000102,MG001,WC000054,66,60,0,60,2026/06/12 15:24:03,2026/06/12 16:24:03,,EQ-A040,9002,鈴木 花子,0,64,97.0,1,1.5,2026/06/12 15:24:03,2026/06/12 16:37:28,,,,,,完了,2026/06/12 16:37:28
CASE-PO-000146,CASE-PN-000146,1,CASE-PO-000146_1,部品準備,A010,MB000103,MG001,WC000051,61,45,10,55,2026/06/22 08:30:00,2026/06/22 09:25:00,,EQ-A010,9004,田中 三郎,10,60,98.4,1,1.6,2026/06/22 08:30:00,2026/06/22 09:25:49,,,,,,完了,2026/06/22 09:25:49
CASE-PO-000146,CASE-PN-000146,2,CASE-PO-000146_2,一次組立,A020,MB000103,MG001,WC000052,61,180,25,205,2026/06/22 13:21:07,2026/06/22 16:46:07,,EQ-A020,9004,田中 三郎,25,61,100.0,1,1.6,2026/06/22 13:21:07,2026/06/22 16:39:58,,,,,,完了,2026/06/22 16:39:58
CASE-PO-000146,CASE-PN-000146,3,CASE-PO-000146_3,二次組立,A030,MB000103,MG001,WC000053,61,150,20,170,2026/06/22 22:32:22,2026/06/23 11:20:00,,EQ-A030,9004,田中 三郎,20,60,98.4,0,0.0,2026/06/23 08:30:00,2026/06/23 11:16:53,,,,,,完了,2026/06/23 11:16:53
CASE-PO-000146,CASE-PN-000146,4,CASE-PO-000146_4,完成検査,A040,MB000103,MG001,WC000054,61,60,0,60,2026/06/23 15:18:36,2026/06/23 16:18:36,,EQ-A040,9004,田中 三郎,0,60,98.4,1,1.6,2026/06/23 15:18:36,2026/06/23 16:33:06,,,,,,完了,2026/06/23 16:33:06
CASE-PO-000147,CASE-PN-000147,1,CASE-PO-000147_1,部品準備,A010,MB000103,MG001,WC000051,39,45,10,55,2026/05/28 08:30:00,2026/05/28 09:25:00,,EQ-A010,9003,佐藤 次郎,10,38,97.4,0,0.0,2026/05/28 08:30:00,2026/05/28 09:20:55,,,,,,完了,2026/05/28 09:20:55
CASE-PO-000147,CASE-PN-000147,2,CASE-PO-000147_2,一次組立,A020,MB000103,MG001,WC000052,39,180,25,205,2026/05/28 15:53:39,2026/05/29 10:18:00,,EQ-A020,9003,佐藤 次郎,25,39,100.0,0,0.0,2026/05/28 15:53:39,2026/05/29 09:43:45,,,,,,完了,2026/05/29 09:43:45
CASE-PO-000147,CASE-PN-000147,3,CASE-PO-000147_3,二次組立,A030,MB000103,MG001,WC000053,39,150,20,170,2026/05/29 14:35:20,2026/05/29 17:25:20,,EQ-A030,9003,佐藤 次郎,20,38,97.4,0,0.0,2026/05/29 14:35:20,2026/05/29 17:29:00,,,,,,完了,2026/05/29 17:29:00
CASE-PO-000147,CASE-PN-000147,4,CASE-PO-000147_4,完成検査,A040,MB000103,MG001,WC000054,39,60,0,60,2026/05/29 20:41:54,2026/06/01 09:30:00,,EQ-A040,9003,佐藤 次郎,0,38,97.4,1,2.6,2026/06/01 08:30:00,2026/06/01 09:21:39,,,,,,完了,2026/06/01 09:21:39
CASE-PO-000148,CASE-PN-000148,1,CASE-PO-000148_1,部品準備,A010,MB000102,MG001,WC000051,163,45,10,55,2026/05/12 08:30:00,2026/05/12 09:25:00,,EQ-A010,9001,山田 太郎,10,163,100.0,1,0.6,2026/05/12 08:30:00,2026/05/12 09:21:55,,,,,,完了,2026/05/12 09:21:55
CASE-PO-000148,CASE-PN-000148,2,CASE-PO-000148_2,一次組立,A020,MB000102,MG001,WC000052,163,180,25,205,2026/05/12 16:13:43,2026/05/13 10:38:00,,EQ-A020,9001,山田 太郎,25,159,97.5,1,0.6,2026/05/12 16:13:43,2026/05/13 10:28:45,,,,,,完了,2026/05/13 10:28:45
CASE-PO-000148,CASE-PN-000148,3,CASE-PO-000148_3,二次組立,A030,MB000102,MG001,WC000053,163,150,20,170,2026/05/13 15:28:07,2026/05/14 09:18:00,,EQ-A030,9001,山田 太郎,20,161,98.8,1,0.6,2026/05/13 15:28:07,2026/05/14 08:56:21,,,,,,完了,2026/05/14 08:56:21
CASE-PO-000148,CASE-PN-000148,4,CASE-PO-000148_4,完成検査,A040,MB000102,MG001,WC000054,163,60,0,60,2026/05/14 15:53:28,2026/05/14 16:53:28,,EQ-A040,9001,山田 太郎,0,163,100.0,0,0.0,2026/05/14 15:53:28,2026/05/14 16:51:22,,,,,,完了,2026/05/14 16:51:22
CASE-PO-000149,CASE-PN-000149,1,CASE-PO-000149_1,部品準備,A010,MB000101,MG001,WC000051,97,45,10,55,2026/06/12 08:30:00,2026/06/12 09:25:00,,EQ-A010,9001,山田 太郎,10,95,97.9,1,1.0,2026/06/12 08:30:00,2026/06/12 09:26:01,,,,,,完了,2026/06/12 09:26:01
CASE-PO-000149,CASE-PN-000149,2,CASE-PO-000149_2,一次組立,A020,MB000101,MG001,WC000052,97,180,25,205,2026/06/12 15:25:21,2026/06/15 09:50:00,,EQ-A020,9001,山田 太郎,25,96,99.0,1,1.0,2026/06/12 15:25:21,2026/06/15 10:04:17,,,,,,完了,2026/06/15 10:04:17
CASE-PO-000149,CASE-PN-000149,3,CASE-PO-000149_3,二次組立,A030,MB000101,MG001,WC000053,97,150,20,170,2026/06/15 16:26:33,2026/06/16 10:16:00,,EQ-A030,9001,山田 太郎,20,95,97.9,2,2.1,2026/06/15 16:26:33,2026/06/16 10:24:41,,,,,,完了,2026/06/16 10:24:41
CASE-PO-000149,CASE-PN-000149,4,CASE-PO-000149_4,完成検査,A040,MB000101,MG001,WC000054,97,60,0,60,2026/06/16 19:18:37,2026/06/17 09:30:00,,EQ-A040,9001,山田 太郎,0,96,99.0,1,1.0,2026/06/17 08:30:00,2026/06/17 09:36:39,,,,,,完了,2026/06/17 09:36:39
CASE-PO-000150,CASE-PN-000150,1,CASE-PO-000150_1,部品準備,A010,MB000102,MG001,WC000051,142,45,10,55,2026/05/28 08:30:00,2026/05/28 09:25:00,,EQ-A010,9005,高橋 四郎,10,138,97.2,2,1.4,2026/05/28 08:30:00,2026/05/28 09:13:50,,,,,,完了,2026/05/28 09:13:50
CASE-PO-000150,CASE-PN-000150,2,CASE-PO-000150_2,一次組立,A020,MB000102,MG001,WC000052,142,180,25,205,2026/05/28 12:30:48,2026/05/28 15:55:48,,EQ-A020,9005,高橋 四郎,,,,,,2026/05/28 12:30:48,,,,,,,生産中,2026/05/28 15:55:48
CASE-PO-000150,CASE-PN-000150,3,CASE-PO-000150_3,二次組立,A030,MB000102,MG001,WC000053,142,150,20,170,2026/05/28 23:04:54,2026/05/29 11:20:00,,EQ-A030,9005,高橋 四郎,,,,,,,,,,,,,開始待ち,2026/05/29 11:20:00
CASE-PO-000150,CASE-PN-000150,4,CASE-PO-000150_4,完成検査,A040,MB000102,MG001,WC000054,142,60,0,60,2026/05/29 14:08:06,2026/05/29 15:08:06,,EQ-A040,9005,高橋 四郎,,,,,,,,,,,,,開始待ち,2026/05/29 15:08:06
CASE-PO-000151,CASE-PN-000151,1,CASE-PO-000151_1,部品準備,A010,MB000101,MG001,WC000051,87,45,10,55,2026/06/02 08:30:00,2026/06/02 09:25:00,,EQ-A010,9004,田中 三郎,10,86,98.9,1,1.1,2026/06/02 08:30:00,2026/06/02 09:10:55,,,,,,完了,2026/06/02 09:10:55
CASE-PO-000151,CASE-PN-000151,2,CASE-PO-000151_2,一次組立,A020,MB000101,MG001,WC000052,87,180,25,205,2026/06/02 12:21:15,2026/06/02 15:46:15,,EQ-A020,9004,田中 三郎,25,86,98.9,1,1.1,2026/06/02 12:21:15,2026/06/02 15:21:40,,,,,,完了,2026/06/02 15:21:40
CASE-PO-000151,CASE-PN-000151,3,CASE-PO-000151_3,二次組立,A030,MB000101,MG001,WC000053,87,150,20,170,2026/06/03 03:08:58,2026/06/03 11:20:00,,EQ-A030,9004,田中 三郎,20,86,98.9,1,1.1,2026/06/03 08:30:00,2026/06/03 11:11:09,,,,,,完了,2026/06/03 11:11:09
CASE-PO-000151,CASE-PN-000151,4,CASE-PO-000151_4,完成検査,A040,MB000101,MG001,WC000054,87,60,0,60,2026/06/03 16:58:05,2026/06/04 08:58:00,,EQ-A040,9004,田中 三郎,0,85,97.7,2,2.3,2026/06/03 16:58:05,2026/06/04 09:09:44,,,,,,完了,2026/06/04 09:09:44
CASE-PO-000152,CASE-PN-000152,1,CASE-PO-000152_1,部品準備,A010,MB000103,MG001,WC000051,73,45,10,55,2026/05/06 08:30:00,2026/05/06 09:25:00,,EQ-A010,9001,山田 太郎,10,72,98.6,1,1.4,2026/05/06 08:30:00,2026/05/06 09:08:45,,,,,,完了,2026/05/06 09:08:45
CASE-PO-000152,CASE-PN-000152,2,CASE-PO-000152_2,一次組立,A020,MB000103,MG001,WC000052,73,180,25,205,2026/05/06 13:35:31,2026/05/06 17:00:31,,EQ-A020,9001,山田 太郎,25,72,98.6,1,1.4,2026/05/06 13:35:31,2026/05/06 16:20:22,,,,,,完了,2026/05/06 16:20:22
CASE-PO-000152,CASE-PN-000152,3,CASE-PO-000152_3,二次組立,A030,MB000103,MG001,WC000053,73,150,20,170,2026/05/07 02:15:28,2026/05/07 11:20:00,,EQ-A030,9001,山田 太郎,20,72,98.6,0,0.0,2026/05/07 08:30:00,2026/05/07 11:17:17,,,,,,完了,2026/05/07 11:17:17
CASE-PO-000152,CASE-PN-000152,4,CASE-PO-000152_4,完成検査,A040,MB000103,MG001,WC000054,73,60,0,60,2026/05/07 18:52:42,2026/05/08 09:30:00,,EQ-A040,9001,山田 太郎,0,71,97.3,1,1.4,2026/05/08 08:30:00,2026/05/08 09:21:24,,,,,,完了,2026/05/08 09:21:24
CASE-PO-000153,CASE-PN-000153,1,CASE-PO-000153_1,部品準備,A010,MB000101,MG001,WC000051,96,45,10,55,2026/06/02 08:30:00,2026/06/02 09:25:00,,EQ-A010,9005,高橋 四郎,10,95,99.0,1,1.0,2026/06/02 08:30:00,2026/06/02 09:19:14,,,,,,完了,2026/06/02 09:19:14
CASE-PO-000153,CASE-PN-000153,2,CASE-PO-000153_2,一次組立,A020,MB000101,MG001,WC000052,96,180,25,205,2026/06/02 17:08:21,2026/06/03 11:33:00,,EQ-A020,9005,高橋 四郎,25,95,99.0,0,0.0,2026/06/02 17:08:21,2026/06/03 11:45:02,,,,,,完了,2026/06/03 11:45:02
CASE-PO-000153,CASE-PN-000153,3,CASE-PO-000153_3,二次組立,A030,MB000101,MG001,WC000053,96,150,20,170,2026/06/03 17:15:47,2026/06/04 11:05:00,,EQ-A030,9005,高橋 四郎,20,95,99.0,0,0.0,2026/06/03 17:15:47,2026/06/04 10:23:25,,,,,,完了,2026/06/04 10:23:25
CASE-PO-000153,CASE-PN-000153,4,CASE-PO-000153_4,完成検査,A040,MB000101,MG001,WC000054,96,60,0,60,2026/06/04 17:36:00,2026/06/05 09:30:00,,EQ-A040,9005,高橋 四郎,0,94,97.9,1,1.0,2026/06/05 08:30:00,2026/06/05 09:34:25,,,,,,完了,2026/06/05 09:34:25
CASE-PO-000154,CASE-PN-000154,1,CASE-PO-000154_1,部品準備,A010,MB000103,MG001,WC000051,86,45,10,55,2026/06/08 08:30:00,2026/06/08 09:25:00,,EQ-A010,9005,高橋 四郎,10,85,98.8,2,2.3,2026/06/08 08:30:00,2026/06/08 09:16:18,,,,,,完了,2026/06/08 09:16:18
CASE-PO-000154,CASE-PN-000154,2,CASE-PO-000154_2,一次組立,A020,MB000103,MG001,WC000052,86,180,25,205,2026/06/08 13:23:41,2026/06/08 16:48:41,,EQ-A020,9005,高橋 四郎,25,85,98.8,1,1.2,2026/06/08 13:23:41,2026/06/08 16:37:52,,,,,,完了,2026/06/08 16:37:52
CASE-PO-000154,CASE-PN-000154,3,CASE-PO-000154_3,二次組立,A030,MB000103,MG001,WC000053,86,150,20,170,2026/06/09 01:19:24,2026/06/09 11:20:00,,EQ-A030,9005,高橋 四郎,20,85,98.8,1,1.2,2026/06/09 08:30:00,2026/06/09 11:17:47,,,,,,完了,2026/06/09 11:17:47
CASE-PO-000154,CASE-PN-000154,4,CASE-PO-000154_4,完成検査,A040,MB000103,MG001,WC000054,86,60,0,60,2026/06/09 16:04:19,2026/06/09 17:04:19,,EQ-A040,9005,高橋 四郎,0,85,98.8,0,0.0,2026/06/09 16:04:19,2026/06/09 17:13:25,,,,,,完了,2026/06/09 17:13:25
CASE-PO-000155,CASE-PN-000155,1,CASE-PO-000155_1,部品準備,A010,MB000102,MG001,WC000051,105,45,10,55,2026/06/01 08:30:00,2026/06/01 09:25:00,,EQ-A010,9005,高橋 四郎,10,102,97.1,0,0.0,2026/06/01 08:30:00,2026/06/01 09:12:36,,,,,,完了,2026/06/01 09:12:36
CASE-PO-000155,CASE-PN-000155,2,CASE-PO-000155_2,一次組立,A020,MB000102,MG001,WC000052,105,180,25,205,2026/06/01 14:05:38,2026/06/01 17:30:38,,EQ-A020,9005,高橋 四郎,25,103,98.1,0,0.0,2026/06/01 14:05:38,2026/06/02 08:44:12,,,,,,完了,2026/06/02 08:44:12
CASE-PO-000155,CASE-PN-000155,3,CASE-PO-000155_3,二次組立,A030,MB000102,MG001,WC000053,105,150,20,170,2026/06/02 13:36:09,2026/06/02 16:26:09,,EQ-A030,9005,高橋 四郎,20,103,98.1,2,1.9,2026/06/02 13:36:09,2026/06/02 16:03:58,,,,,,完了,2026/06/02 16:03:58
CASE-PO-000155,CASE-PN-000155,4,CASE-PO-000155_4,完成検査,A040,MB000102,MG001,WC000054,105,60,0,60,2026/06/03 00:18:16,2026/06/03 09:30:00,,EQ-A040,9005,高橋 四郎,0,102,97.1,0,0.0,2026/06/03 08:30:00,2026/06/03 09:34:28,,,,,,完了,2026/06/03 09:34:28
CASE-PO-000156,CASE-PN-000156,1,CASE-PO-000156_1,部品準備,A010,MB000103,MG001,WC000051,67,45,10,55,2026/06/08 08:30:00,2026/06/08 09:25:00,,EQ-A010,9004,田中 三郎,10,65,97.0,0,0.0,2026/06/08 08:30:00,2026/06/08 09:20:34,,,,,,完了,2026/06/08 09:20:34
CASE-PO-000156,CASE-PN-000156,2,CASE-PO-000156_2,一次組立,A020,MB000103,MG001,WC000052,67,180,25,205,2026/06/08 13:19:44,2026/06/08 16:44:44,,EQ-A020,9004,田中 三郎,25,66,98.5,1,1.5,2026/06/08 13:19:44,2026/06/08 16:33:41,,,,,,完了,2026/06/08 16:33:41
CASE-PO-000156,CASE-PN-000156,3,CASE-PO-000156_3,二次組立,A030,MB000103,MG001,WC000053,67,150,20,170,2026/06/08 21:49:06,2026/06/09 11:20:00,,EQ-A030,9004,田中 三郎,20,66,98.5,0,0.0,,2026/06/09 10:51:00,,,,,,完了,2026/06/09 10:51:00
CASE-PO-000156,CASE-PN-000156,4,CASE-PO-000156_4,完成検査,A040,MB000103,MG001,WC000054,67,60,0,60,2026/06/09 15:48:08,2026/06/09 16:48:08,,EQ-A040,9004,田中 三郎,0,65,97.0,0,0.0,2026/06/09 15:48:08,2026/06/09 17:02:18,,,,,,完了,2026/06/09 17:02:18
CASE-PO-000157,CASE-PN-000157,1,CASE-PO-000157_1,部品準備,A010,MB000101,MG001,WC000051,85,45,10,55,2026/06/25 08:30:00,2026/06/25 09:25:00,,EQ-A010,9002,鈴木 花子,10,83,97.6,1,1.2,2026/06/25 08:30:00,2026/06/25 09:21:51,,,,,,完了,2026/06/25 09:21:51
CASE-PO-000157,CASE-PN-000157,2,CASE-PO-000157_2,一次組立,A020,MB000101,MG001,WC000052,85,180,25,205,2026/06/25 16:17:39,2026/06/26 10:42:00,,EQ-A020,9002,鈴木 花子,,,,,,2026/06/25 16:17:39,,,,,,,生産中,2026/06/26 10:42:00
CASE-PO-000157,CASE-PN-000157,3,CASE-PO-000157_3,二次組立,A030,MB000101,MG001,WC000053,85,150,20,170,2026/06/26 19:54:38,2026/06/29 11:20:00,,EQ-A030,9002,鈴木 花子,,,,,,,,,,,,,開始待ち,2026/06/29 11:20:00
CASE-PO-000157,CASE-PN-000157,4,CASE-PO-000157_4,完成検査,A040,MB000101,MG001,WC000054,85,60,0,60,2026/06/29 17:21:18,2026/06/30 09:21:00,,EQ-A040,9002,鈴木 花子,,,,,,,,,,,,,開始待ち,2026/06/30 09:21:00
CASE-PO-000158,CASE-PN-000158,1,CASE-PO-000158_1,部品準備,A010,MB000102,MG001,WC000051,176,45,10,55,2026/07/06 08:30:00,2026/07/06 09:25:00,,EQ-A010,9004,田中 三郎,10,172,97.7,1,0.6,2026/07/06 08:30:00,2026/07/06 09:09:48,,,,,,完了,2026/07/06 09:09:48
CASE-PO-000158,CASE-PN-000158,2,CASE-PO-000158_2,一次組立,A020,MB000102,MG001,WC000052,176,180,25,205,2026/07/06 17:01:46,2026/07/07 11:26:00,,EQ-A020,9004,田中 三郎,25,176,100.0,3,1.7,2026/07/06 17:01:46,2026/07/07 11:27:12,,,,,,完了,2026/07/07 11:27:12
CASE-PO-000158,CASE-PN-000158,3,CASE-PO-000158_3,二次組立,A030,MB000102,MG001,WC000053,176,150,20,170,2026/07/07 17:12:26,2026/07/08 11:02:00,,EQ-A030,9004,田中 三郎,20,174,98.9,1,0.6,2026/07/07 17:12:26,2026/07/08 11:04:07,,,,,,完了,2026/07/08 11:04:07
CASE-PO-000158,CASE-PN-000158,4,CASE-PO-000158_4,完成検査,A040,MB000102,MG001,WC000054,176,60,0,60,2026/07/08 15:53:01,2026/07/08 16:53:01,,EQ-A040,9004,田中 三郎,0,176,100.0,2,1.1,2026/07/08 15:53:01,2026/07/08 16:52:29,,,,,,完了,2026/07/08 16:52:29
CASE-PO-000159,CASE-PN-000159,1,CASE-PO-000159_1,部品準備,A010,MB000102,MG001,WC000051,137,45,10,55,2026/05/06 08:30:00,2026/05/06 09:25:00,,EQ-A010,9003,佐藤 次郎,10,136,99.3,2,1.5,2026/05/06 08:30:00,2026/05/06 09:25:58,,,,,,完了,2026/05/06 09:25:58
CASE-PO-000159,CASE-PN-000159,2,CASE-PO-000159_2,一次組立,A020,MB000102,MG001,WC000052,137,180,25,205,2026/05/06 15:23:26,2026/05/07 09:48:00,,EQ-A020,9003,佐藤 次郎,25,136,99.3,0,0.0,2026/05/06 15:23:26,2026/05/07 09:51:05,,,,,,完了,2026/05/07 09:51:05
CASE-PO-000159,CASE-PN-000159,3,CASE-PO-000159_3,二次組立,A030,MB000102,MG001,WC000053,137,150,20,170,2026/05/07 15:48:36,2026/05/08 09:38:00,,EQ-A030,9003,佐藤 次郎,20,137,100.0,0,0.0,2026/05/07 15:48:36,2026/05/08 09:09:19,,,,,,完了,2026/05/08 09:09:19
CASE-PO-000159,CASE-PN-000159,4,CASE-PO-000159_4,完成検査,A040,MB000102,MG001,WC000054,137,60,0,60,2026/05/08 15:39:00,2026/05/08 16:39:00,,EQ-A040,9003,佐藤 次郎,0,133,97.1,1,0.7,2026/05/08 15:39:00,2026/05/08 16:31:37,,,,,,完了,2026/05/08 16:31:37
CASE-PO-000160,CASE-PN-000160,1,CASE-PO-000160_1,部品準備,A010,MB000103,MG001,WC000051,38,45,10,55,2026/06/29 08:30:00,2026/06/29 09:25:00,,EQ-A010,9002,鈴木 花子,10,38,100.0,1,2.6,2026/06/29 08:30:00,2026/06/29 09:11:11,,,,,,完了,2026/06/29 09:11:11
CASE-PO-000160,CASE-PN-000160,2,CASE-PO-000160_2,一次組立,A020,MB000103,MG001,WC000052,38,180,25,205,2026/06/29 12:39:29,2026/06/29 16:04:29,,EQ-A020,9002,鈴木 花子,25,37,97.4,0,0.0,2026/06/29 12:39:29,2026/06/29 15:54:31,,,,,,完了,2026/06/29 15:54:31
CASE-PO-000160,CASE-PN-000160,3,CASE-PO-000160_3,二次組立,A030,MB000103,MG001,WC000053,38,150,20,170,2026/06/29 18:03:21,2026/06/30 11:20:00,,EQ-A030,9002,鈴木 花子,20,37,97.4,0,0.0,2026/06/30 08:30:00,2026/06/30 11:04:58,,,,,,完了,2026/06/30 11:04:58
CASE-PO-000160,CASE-PN-000160,4,CASE-PO-000160_4,完成検査,A040,MB000103,MG001,WC000054,38,60,0,60,2026/06/30 19:56:44,2026/07/01 09:30:00,,EQ-A040,9002,鈴木 花子,0,37,97.4,0,0.0,2026/07/01 08:30:00,2026/07/01 09:42:39,,,,,,完了,2026/07/01 09:42:39
CASE-PO-000161,CASE-PN-000161,1,CASE-PO-000161_1,部品準備,A010,MB000103,MG001,WC000051,64,45,10,55,2026/06/15 08:30:00,2026/06/15 09:25:00,,EQ-A010,9005,高橋 四郎,10,64,100.0,1,1.6,2026/06/15 08:30:00,2026/06/15 09:18:27,,,,,,完了,2026/06/15 09:18:27
CASE-PO-000161,CASE-PN-000161,2,CASE-PO-000161_2,一次組立,A020,MB000103,MG001,WC000052,64,180,25,205,2026/06/15 11:40:08,2026/06/15 15:05:08,,EQ-A020,9005,高橋 四郎,25,64,100.0,0,0.0,2026/06/15 11:40:08,2026/06/15 15:13:21,,,,,,完了,2026/06/15 15:13:21
CASE-PO-000161,CASE-PN-000161,3,CASE-PO-000161_3,二次組立,A030,MB000103,MG001,WC000053,64,150,20,170,2026/06/15 18:12:36,2026/06/16 11:20:00,,EQ-A030,9005,高橋 四郎,20,62,96.9,1,1.6,2026/06/16 08:30:00,2026/06/16 10:59:00,,,,,,完了,2026/06/16 10:59:00
CASE-PO-000161,CASE-PN-000161,4,CASE-PO-000161_4,完成検査,A040,MB000103,MG001,WC000054,64,60,0,60,2026/06/16 17:56:54,2026/06/17 09:30:00,,EQ-A040,9005,高橋 四郎,0,64,100.0,0,0.0,2026/06/17 08:30:00,2026/06/17 09:32:30,,,,,,完了,2026/06/17 09:32:30
CASE-PO-000162,CASE-PN-000162,1,CASE-PO-000162_1,部品準備,A010,MB000103,MG001,WC000051,66,45,10,55,2026/05/11 08:30:00,2026/05/11 09:25:00,,EQ-A010,9001,山田 太郎,10,65,98.5,1,1.5,2026/05/11 08:30:00,2026/05/11 09:22:56,,,,,,完了,2026/05/11 09:22:56
CASE-PO-000162,CASE-PN-000162,2,CASE-PO-000162_2,一次組立,A020,MB000103,MG001,WC000052,66,180,25,205,2026/05/11 16:02:51,2026/05/12 10:27:00,,EQ-A020,9001,山田 太郎,25,65,98.5,1,1.5,2026/05/11 16:02:51,2026/05/12 10:33:14,,,,,,完了,2026/05/12 10:33:14
CASE-PO-000162,CASE-PN-000162,3,CASE-PO-000162_3,二次組立,A030,MB000103,MG001,WC000053,66,150,20,170,2026/05/12 17:07:07,2026/05/13 10:57:00,,EQ-A030,9001,山田 太郎,20,65,98.5,1,1.5,2026/05/12 17:07:07,2026/05/13 11:05:54,,,,,,完了,2026/05/13 11:05:54
CASE-PO-000162,CASE-PN-000162,4,CASE-PO-000162_4,完成検査,A040,MB000103,MG001,WC000054,66,60,0,60,2026/05/13 12:19:08,2026/05/13 13:19:08,,EQ-A040,9001,山田 太郎,0,66,100.0,1,1.5,2026/05/13 12:19:08,2026/05/13 13:26:08,,,,,,完了,2026/05/13 13:26:08
CASE-PO-000163,CASE-PN-000163,1,CASE-PO-000163_1,部品準備,A010,MB000103,MG001,WC000051,48,45,10,55,2026/06/15 08:30:00,2026/06/15 09:25:00,,EQ-A010,9001,山田 太郎,10,48,100.0,1,2.1,2026/06/15 08:30:00,2026/06/15 09:11:36,,,,,,完了,2026/06/15 09:11:36
CASE-PO-000163,CASE-PN-000163,2,CASE-PO-000163_2,一次組立,A020,MB000103,MG001,WC000052,48,180,25,205,2026/06/15 14:25:10,2026/06/16 08:50:00,,EQ-A020,9001,山田 太郎,25,48,100.0,1,2.1,2026/06/15 14:25:10,2026/06/15 17:05:33,,,,,,完了,2026/06/15 17:05:33
CASE-PO-000163,CASE-PN-000163,3,CASE-PO-000163_3,二次組立,A030,MB000103,MG001,WC000053,48,150,20,170,2026/06/16 02:10:30,2026/06/16 11:20:00,,EQ-A030,9001,山田 太郎,20,48,100.0,0,0.0,2026/06/16 08:30:00,2026/06/16 11:11:41,,,,,,完了,2026/06/16 11:11:41
CASE-PO-000163,CASE-PN-000163,4,CASE-PO-000163_4,完成検査,A040,MB000103,MG001,WC000054,48,60,0,60,2026/06/16 14:38:58,2026/06/16 15:38:58,,EQ-A040,9001,山田 太郎,0,47,97.9,0,0.0,2026/06/16 14:38:58,2026/06/16 15:53:21,,,,,,完了,2026/06/16 15:53:21
CASE-PO-000164,CASE-PN-000164,1,CASE-PO-000164_1,部品準備,A010,MB000102,MG001,WC000051,79,45,10,55,2026/06/23 08:30:00,2026/06/23 09:25:00,,EQ-A010,9005,高橋 四郎,10,77,97.5,2,2.5,2026/06/23 08:30:00,2026/06/23 09:26:10,,,,,,完了,2026/06/23 09:26:10
CASE-PO-000164,CASE-PN-000164,2,CASE-PO-000164_2,一次組立,A020,MB000102,MG001,WC000052,79,180,25,205,2026/06/23 14:24:00,2026/06/24 08:49:00,,EQ-A020,9005,高橋 四郎,25,79,100.0,1,1.3,2026/06/23 14:24:00,2026/06/24 08:58:21,,,,,,完了,2026/06/24 08:58:21
CASE-PO-000164,CASE-PN-000164,3,CASE-PO-000164_3,二次組立,A030,MB000102,MG001,WC000053,79,150,20,170,2026/06/24 13:43:14,2026/06/24 16:33:14,,EQ-A030,9005,高橋 四郎,20,78,98.7,2,2.5,2026/06/24 13:43:14,2026/06/24 16:36:51,,,,,,完了,2026/06/24 16:36:51
CASE-PO-000164,CASE-PN-000164,4,CASE-PO-000164_4,完成検査,A040,MB000102,MG001,WC000054,79,60,0,60,2026/06/24 21:01:53,2026/06/25 09:30:00,,EQ-A040,9005,高橋 四郎,0,77,97.5,0,0.0,2026/06/25 08:30:00,2026/06/25 09:41:43,,,,,,完了,2026/06/25 09:41:43
CASE-PO-000165,CASE-PN-000165,1,CASE-PO-000165_1,部品準備,A010,MB000103,MG001,WC000051,85,45,10,55,2026/06/22 08:30:00,2026/06/22 09:25:00,,EQ-A010,9005,高橋 四郎,10,84,98.8,1,1.2,2026/06/22 08:30:00,2026/06/22 09:13:25,,,,,,完了,2026/06/22 09:13:25
CASE-PO-000165,CASE-PN-000165,2,CASE-PO-000165_2,一次組立,A020,MB000103,MG001,WC000052,85,180,25,205,2026/06/22 14:44:36,2026/06/23 09:09:00,,EQ-A020,9005,高橋 四郎,25,85,100.0,1,1.2,2026/06/22 14:44:36,2026/06/23 09:24:13,,,,,,完了,2026/06/23 09:24:13
CASE-PO-000165,CASE-PN-000165,3,CASE-PO-000165_3,二次組立,A030,MB000103,MG001,WC000053,85,150,20,170,2026/06/23 20:08:11,2026/06/24 11:20:00,,EQ-A030,9005,高橋 四郎,20,83,97.6,1,1.2,2026/06/24 08:30:00,2026/06/24 11:04:06,,,,,,完了,2026/06/24 11:04:06
CASE-PO-000165,CASE-PN-000165,4,CASE-PO-000165_4,完成検査,A040,MB000103,MG001,WC000054,85,60,0,60,2026/06/24 16:40:42,2026/06/25 08:40:00,,EQ-A040,9005,高橋 四郎,0,84,98.8,1,1.2,2026/06/24 16:40:42,2026/06/25 08:54:02,,,,,,完了,2026/06/25 08:54:02
CASE-PO-000166,CASE-PN-000166,1,CASE-PO-000166_1,部品準備,A010,MB000101,MG001,WC000051,97,45,10,55,2026/06/22 08:30:00,2026/06/22 09:25:00,,EQ-A010,9001,山田 太郎,10,95,97.9,2,2.1,2026/06/22 08:30:00,2026/06/22 09:13:18,,,,,,完了,2026/06/22 09:13:18
CASE-PO-000166,CASE-PN-000166,2,CASE-PO-000166_2,一次組立,A020,MB000101,MG001,WC000052,97,180,25,205,2026/06/22 15:40:38,2026/06/23 10:05:00,,EQ-A020,9001,山田 太郎,25,96,99.0,2,2.1,2026/06/22 15:40:38,2026/06/23 09:29:29,,,,,,完了,2026/06/23 09:29:29
CASE-PO-000166,CASE-PN-000166,3,CASE-PO-000166_3,二次組立,A030,MB000101,MG001,WC000053,97,150,20,170,2026/06/23 16:49:28,2026/06/24 10:39:00,,EQ-A030,9001,山田 太郎,20,95,97.9,1,1.0,2026/06/23 16:49:28,2026/06/24 10:18:56,,,,,,完了,2026/06/24 10:18:56
CASE-PO-000166,CASE-PN-000166,4,CASE-PO-000166_4,完成検査,A040,MB000101,MG001,WC000054,97,60,0,60,2026/06/24 16:07:34,2026/06/24 17:07:34,,EQ-A040,9001,山田 太郎,0,97,100.0,1,1.0,2026/06/24 16:07:34,2026/06/24 16:59:55,,,,,,完了,2026/06/24 16:59:55
CASE-PO-000167,CASE-PN-000167,1,CASE-PO-000167_1,部品準備,A010,MB000103,MG001,WC000051,85,45,10,55,2026/05/18 08:30:00,2026/05/18 09:25:00,,EQ-A010,9004,田中 三郎,10,84,98.8,1,1.2,2026/05/18 08:30:00,2026/05/18 09:25:13,,,,,,完了,2026/05/18 09:25:13
CASE-PO-000167,CASE-PN-000167,2,CASE-PO-000167_2,一次組立,A020,MB000103,MG001,WC000052,85,180,25,205,2026/05/18 14:16:55,2026/05/19 08:41:00,,EQ-A020,9004,田中 三郎,25,83,97.6,1,1.2,2026/05/18 14:16:55,2026/05/19 09:00:53,,,,,,完了,2026/05/19 09:00:53
CASE-PO-000167,CASE-PN-000167,3,CASE-PO-000167_3,二次組立,A030,MB000103,MG001,WC000053,85,150,20,170,2026/05/19 11:12:54,2026/05/19 14:02:54,,EQ-A030,9004,田中 三郎,20,84,98.8,1,1.2,2026/05/19 11:12:54,2026/05/19 13:33:47,,,,,,完了,2026/05/19 13:33:47
CASE-PO-000167,CASE-PN-000167,4,CASE-PO-000167_4,完成検査,A040,MB000103,MG001,WC000054,85,60,0,60,2026/05/19 21:45:47,2026/05/20 09:30:00,,EQ-A040,9004,田中 三郎,0,83,97.6,1,1.2,2026/05/20 08:30:00,2026/05/20 09:26:47,,,,,,完了,2026/05/20 09:26:47
CASE-PO-000168,CASE-PN-000168,1,CASE-PO-000168_1,部品準備,A010,MB000102,MG001,WC000051,168,45,10,55,2026/07/06 08:30:00,2026/07/06 09:25:00,,EQ-A010,9003,佐藤 次郎,10,166,98.8,1,0.6,2026/07/06 08:30:00,2026/07/06 09:16:56,,,,,,完了,2026/07/06 09:16:56
CASE-PO-000168,CASE-PN-000168,2,CASE-PO-000168_2,一次組立,A020,MB000102,MG001,WC000052,168,180,25,205,2026/07/06 10:50:22,2026/07/06 14:15:22,,EQ-A020,9003,佐藤 次郎,25,164,97.6,2,1.2,2026/07/06 10:50:22,2026/07/06 13:33:52,,,,,,完了,2026/07/06 13:33:52
CASE-PO-000168,CASE-PN-000168,3,CASE-PO-000168_3,二次組立,A030,MB000102,MG001,WC000053,168,150,20,170,2026/07/06 18:17:57,2026/07/07 11:20:00,,EQ-A030,9003,佐藤 次郎,20,164,97.6,2,1.2,2026/07/07 08:30:00,2026/07/07 10:44:18,,,,,,完了,2026/07/07 10:44:18
CASE-PO-000168,CASE-PN-000168,4,CASE-PO-000168_4,完成検査,A040,MB000102,MG001,WC000054,168,60,0,60,2026/07/07 20:07:51,2026/07/08 09:30:00,,EQ-A040,9003,佐藤 次郎,0,166,98.8,1,0.6,2026/07/08 08:30:00,2026/07/08 09:44:13,,,,,,完了,2026/07/08 09:44:13
CASE-PO-000169,CASE-PN-000169,1,CASE-PO-000169_1,部品準備,A010,MB000101,MG001,WC000051,93,45,10,55,2026/05/22 08:30:00,2026/05/22 09:25:00,,EQ-A010,9005,高橋 四郎,10,93,100.0,1,1.1,2026/05/22 08:30:00,2026/05/22 09:18:26,,,,,,完了,2026/05/22 09:18:26
CASE-PO-000169,CASE-PN-000169,2,CASE-PO-000169_2,一次組立,A020,MB000101,MG001,WC000052,93,180,25,205,2026/05/22 14:28:49,2026/05/25 08:53:00,,EQ-A020,9005,高橋 四郎,25,91,97.8,0,0.0,2026/05/22 14:28:49,2026/05/22 17:06:26,,,,,,完了,2026/05/22 17:06:26
CASE-PO-000169,CASE-PN-000169,3,CASE-PO-000169_3,二次組立,A030,MB000101,MG001,WC000053,93,150,20,170,2026/05/22 20:17:05,2026/05/25 11:20:00,,EQ-A030,9005,高橋 四郎,20,90,96.8,2,2.2,2026/05/25 08:30:00,2026/05/25 10:43:14,,,,,,完了,2026/05/25 10:43:14
CASE-PO-000169,CASE-PN-000169,4,CASE-PO-000169_4,完成検査,A040,MB000101,MG001,WC000054,93,60,0,60,2026/05/25 13:48:08,2026/05/25 14:48:08,,EQ-A040,9005,高橋 四郎,0,92,98.9,1,1.1,2026/05/25 13:48:08,2026/05/25 14:47:48,,,,,,完了,2026/05/25 14:47:48
CASE-PO-000170,CASE-PN-000170,1,CASE-PO-000170_1,部品準備,A010,MB000102,MG001,WC000051,131,45,10,55,2026/07/03 08:30:00,2026/07/03 09:25:00,,EQ-A010,9005,高橋 四郎,10,130,99.2,1,0.8,2026/07/03 08:30:00,2026/07/03 09:09:45,,,,,,完了,2026/07/03 09:09:45
CASE-PO-000170,CASE-PN-000170,2,CASE-PO-000170_2,一次組立,A020,MB000102,MG001,WC000052,131,180,25,205,2026/07/03 16:23:30,2026/07/06 10:48:00,,EQ-A020,9005,高橋 四郎,25,130,99.2,1,0.8,2026/07/03 16:23:30,2026/07/06 10:29:00,,,,,,完了,2026/07/06 10:29:00
CASE-PO-000170,CASE-PN-000170,3,CASE-PO-000170_3,二次組立,A030,MB000102,MG001,WC000053,131,150,20,170,2026/07/06 18:45:41,2026/07/07 11:20:00,,EQ-A030,9005,高橋 四郎,,,,,,2026/07/07 08:30:00,,,,,,,生産中,2026/07/07 11:20:00
CASE-PO-000170,CASE-PN-000170,4,CASE-PO-000170_4,完成検査,A040,MB000102,MG001,WC000054,131,60,0,60,2026/07/07 20:59:05,2026/07/08 09:30:00,,EQ-A040,9005,高橋 四郎,,,,,,,,,,,,,開始待ち,2026/07/08 09:30:00
CASE-PO-000171,CASE-PN-000171,1,CASE-PO-000171_1,部品準備,A010,MB000103,MG001,WC000051,89,45,10,55,2026/05/25 08:30:00,2026/05/25 09:25:00,,EQ-A010,9002,鈴木 花子,10,88,98.9,1,1.1,2026/05/25 08:30:00,2026/05/25 09:16:53,,,,,,完了,2026/05/25 09:16:53
CASE-PO-000171,CASE-PN-000171,2,CASE-PO-000171_2,一次組立,A020,MB000103,MG001,WC000052,89,180,25,205,2026/05/25 14:50:53,2026/05/26 09:15:00,,EQ-A020,9002,鈴木 花子,25,89,100.0,1,1.1,2026/05/25 14:50:53,2026/05/26 08:42:57,,,,,,完了,2026/05/26 08:42:57
CASE-PO-000171,CASE-PN-000171,3,CASE-PO-000171_3,二次組立,A030,MB000103,MG001,WC000053,89,150,20,170,2026/05/26 17:36:21,2026/05/27 11:20:00,,EQ-A030,9002,鈴木 花子,20,87,97.8,2,2.2,2026/05/27 08:30:00,2026/05/27 11:27:27,,,,,,完了,2026/05/27 11:27:27
CASE-PO-000171,CASE-PN-000171,4,CASE-PO-000171_4,完成検査,A040,MB000103,MG001,WC000054,89,60,0,60,2026/05/27 14:51:32,2026/05/27 15:51:32,,EQ-A040,9002,鈴木 花子,0,88,98.9,2,2.2,2026/05/27 14:51:32,2026/05/27 15:44:38,,,,,,完了,2026/05/27 15:44:38
CASE-PO-000172,CASE-PN-000172,1,CASE-PO-000172_1,部品準備,A010,MB000103,MG001,WC000051,38,45,10,55,2026/06/24 08:30:00,2026/06/24 09:25:00,,EQ-A010,9005,高橋 四郎,10,38,100.0,1,2.6,2026/06/24 08:30:00,2026/06/24 09:15:07,,,,,,完了,2026/06/24 09:15:07
CASE-PO-000172,CASE-PN-000172,2,CASE-PO-000172_2,一次組立,A020,MB000103,MG001,WC000052,38,180,25,205,2026/06/24 16:35:55,2026/06/25 11:00:00,,EQ-A020,9005,高橋 四郎,25,37,97.4,0,0.0,2026/06/24 16:35:55,2026/06/25 11:10:53,,,,,,完了,2026/06/25 11:10:53
CASE-PO-000172,CASE-PN-000172,3,CASE-PO-000172_3,二次組立,A030,MB000103,MG001,WC000053,38,150,20,170,2026/06/25 17:34:26,2026/06/26 11:20:00,,EQ-A030,9005,高橋 四郎,20,37,97.4,0,0.0,2026/06/26 08:30:00,2026/06/26 10:49:20,,,,,,完了,2026/06/26 10:49:20
CASE-PO-000172,CASE-PN-000172,4,CASE-PO-000172_4,完成検査,A040,MB000103,MG001,WC000054,38,60,0,60,2026/06/26 16:23:57,2026/06/26 17:23:57,,EQ-A040,9005,高橋 四郎,0,37,97.4,0,0.0,2026/06/26 16:23:57,2026/06/29 08:34:50,,,,,,完了,2026/06/29 08:34:50
CASE-PO-000173,CASE-PN-000173,1,CASE-PO-000173_1,部品準備,A010,MB000102,MG001,WC000051,131,45,10,55,2026/05/13 08:30:00,2026/05/13 09:25:00,,EQ-A010,9001,山田 太郎,10,129,98.5,1,0.8,2026/05/13 08:30:00,2026/05/13 09:13:03,,,,,,完了,2026/05/13 09:13:03
CASE-PO-000173,CASE-PN-000173,2,CASE-PO-000173_2,一次組立,A020,MB000102,MG001,WC000052,131,180,25,205,2026/05/13 11:07:04,2026/05/13 14:32:04,,EQ-A020,9001,山田 太郎,25,128,97.7,3,2.3,2026/05/13 11:07:04,2026/05/13 14:31:48,,,,,,完了,2026/05/13 14:31:48
CASE-PO-000173,CASE-PN-000173,3,CASE-PO-000173_3,二次組立,A030,MB000102,MG001,WC000053,131,150,20,170,2026/05/13 21:10:33,2026/05/14 11:20:00,,EQ-A030,9001,山田 太郎,20,128,97.7,1,0.8,2026/05/14 08:30:00,2026/05/14 10:49:36,,,,,,完了,2026/05/14 10:49:36
CASE-PO-000173,CASE-PN-000173,4,CASE-PO-000173_4,完成検査,A040,MB000102,MG001,WC000054,131,60,0,60,2026/05/14 15:06:51,2026/05/14 16:06:51,,EQ-A040,9001,山田 太郎,0,128,97.7,2,1.5,2026/05/14 15:06:51,2026/05/14 16:05:28,,,,,,完了,2026/05/14 16:05:28
CASE-PO-000174,CASE-PN-000174,1,CASE-PO-000174_1,部品準備,A010,MB000102,MG001,WC000051,185,45,10,55,2026/05/19 08:30:00,2026/05/19 09:25:00,,EQ-A010,9001,山田 太郎,10,183,98.9,1,0.5,2026/05/19 08:30:00,2026/05/19 09:19:20,,,,,,完了,2026/05/19 09:19:20
CASE-PO-000174,CASE-PN-000174,2,CASE-PO-000174_2,一次組立,A020,MB000102,MG001,WC000052,185,180,25,205,2026/05/19 12:11:11,2026/05/19 15:36:11,,EQ-A020,9001,山田 太郎,25,183,98.9,2,1.1,2026/05/19 12:11:11,2026/05/19 15:20:14,,,,,,完了,2026/05/19 15:20:14
CASE-PO-000174,CASE-PN-000174,3,CASE-PO-000174_3,二次組立,A030,MB000102,MG001,WC000053,185,150,20,170,2026/05/19 23:02:06,2026/05/20 11:20:00,,EQ-A030,9001,山田 太郎,20,182,98.4,3,1.6,2026/05/20 08:30:00,2026/05/20 11:05:18,,,,,,完了,2026/05/20 11:05:18
CASE-PO-000174,CASE-PN-000174,4,CASE-PO-000174_4,完成検査,A040,MB000102,MG001,WC000054,185,60,0,60,2026/05/20 18:40:58,2026/05/21 09:30:00,,EQ-A040,9001,山田 太郎,0,182,98.4,3,1.6,2026/05/21 08:30:00,2026/05/21 09:29:08,,,,,,完了,2026/05/21 09:29:08
CASE-PO-000175,CASE-PN-000175,1,CASE-PO-000175_1,部品準備,A010,MB000103,MG001,WC000051,51,45,10,55,2026/05/19 08:30:00,2026/05/19 09:25:00,,EQ-A010,9003,佐藤 次郎,10,50,98.0,1,2.0,2026/05/19 08:30:00,2026/05/19 09:20:13,,,,,,完了,2026/05/19 09:20:13
CASE-PO-000175,CASE-PN-000175,2,CASE-PO-000175_2,一次組立,A020,MB000103,MG001,WC000052,51,180,25,205,2026/05/19 11:57:23,2026/05/19 15:22:23,,EQ-A020,9003,佐藤 次郎,25,50,98.0,1,2.0,2026/05/19 11:57:23,2026/05/19 14:38:09,,,,,,完了,2026/05/19 14:38:09
CASE-PO-000175,CASE-PN-000175,3,CASE-PO-000175_3,二次組立,A030,MB000103,MG001,WC000053,51,150,20,170,2026/05/19 18:14:16,2026/05/20 11:20:00,,EQ-A030,9003,佐藤 次郎,20,51,100.0,1,2.0,2026/05/20 08:30:00,2026/05/20 11:07:39,,,,,,完了,2026/05/20 11:07:39
CASE-PO-000175,CASE-PN-000175,4,CASE-PO-000175_4,完成検査,A040,MB000103,MG001,WC000054,51,60,0,60,2026/05/20 12:10:12,2026/05/20 13:10:12,,EQ-A040,9003,佐藤 次郎,0,51,100.0,1,2.0,2026/05/20 12:10:12,2026/05/20 13:16:34,,,,,,完了,2026/05/20 13:16:34
CASE-PO-000176,CASE-PN-000176,1,CASE-PO-000176_1,部品準備,A010,MB000103,MG001,WC000051,84,45,10,55,2026/05/12 08:30:00,2026/05/12 09:25:00,,EQ-A010,9004,田中 三郎,10,83,98.8,1,1.2,2026/05/12 08:30:00,2026/05/12 09:22:32,,,,,,完了,2026/05/12 09:22:32
CASE-PO-000176,CASE-PN-000176,2,CASE-PO-000176_2,一次組立,A020,MB000103,MG001,WC000052,84,180,25,205,2026/05/12 16:16:00,2026/05/13 10:41:00,,EQ-A020,9004,田中 三郎,25,83,98.8,1,1.2,2026/05/12 16:16:00,2026/05/13 10:28:36,,,,,,完了,2026/05/13 10:28:36
CASE-PO-000176,CASE-PN-000176,3,CASE-PO-000176_3,二次組立,A030,MB000103,MG001,WC000053,84,150,20,170,2026/05/13 19:14:24,2026/05/14 11:20:00,,EQ-A030,9004,田中 三郎,20,84,100.0,0,0.0,2026/05/14 08:30:00,2026/05/14 11:28:15,,,,,,完了,2026/05/14 11:28:15
CASE-PO-000176,CASE-PN-000176,4,CASE-PO-000176_4,完成検査,A040,MB000103,MG001,WC000054,84,60,0,60,2026/05/14 19:41:47,2026/05/15 09:30:00,,EQ-A040,9004,田中 三郎,0,82,97.6,1,1.2,2026/05/15 08:30:00,2026/05/15 09:33:16,,,,,,完了,2026/05/15 09:33:16
CASE-PO-000177,CASE-PN-000177,1,CASE-PO-000177_1,部品準備,A010,MB000103,MG001,WC000051,43,45,10,55,2026/06/11 08:30:00,2026/06/11 09:25:00,,EQ-A010,9004,田中 三郎,10,42,97.7,1,2.3,2026/06/11 08:30:00,2026/06/11 09:15:21,,,,,,完了,2026/06/11 09:15:21
CASE-PO-000177,CASE-PN-000177,2,CASE-PO-000177_2,一次組立,A020,MB000103,MG001,WC000052,43,180,25,205,2026/06/11 15:02:29,2026/06/12 09:27:00,,EQ-A020,9004,田中 三郎,25,42,97.7,1,2.3,2026/06/11 15:02:29,2026/06/12 09:23:07,,,,,,完了,2026/06/12 09:23:07
CASE-PO-000177,CASE-PN-000177,3,CASE-PO-000177_3,二次組立,A030,MB000103,MG001,WC000053,43,150,20,170,2026/06/12 13:01:49,2026/06/12 15:51:49,,EQ-A030,9004,田中 三郎,20,43,100.0,0,0.0,2026/06/12 13:01:49,2026/06/12 15:36:35,,,,,,完了,2026/06/12 15:36:35
CASE-PO-000177,CASE-PN-000177,4,CASE-PO-000177_4,完成検査,A040,MB000103,MG001,WC000054,43,60,0,60,2026/06/12 18:28:47,2026/06/15 09:30:00,,EQ-A040,9004,田中 三郎,0,42,97.7,0,0.0,2026/06/15 08:30:00,2026/06/15 09:25:08,,,,,,完了,2026/06/15 09:25:08
CASE-PO-000178,CASE-PN-000178,1,CASE-PO-000178_1,部品準備,A010,MB000102,MG001,WC000051,97,45,10,55,2026/05/18 08:30:00,2026/05/18 09:25:00,,EQ-A010,9005,高橋 四郎,10,94,96.9,1,1.0,2026/05/18 08:30:00,2026/05/18 09:24:47,,,,,,完了,2026/05/18 09:24:47
CASE-PO-000178,CASE-PN-000178,2,CASE-PO-000178_2,一次組立,A020,MB000102,MG001,WC000052,97,180,25,205,2026/05/18 16:10:34,2026/05/19 10:35:00,,EQ-A020,9005,高橋 四郎,25,95,97.9,2,2.1,2026/05/18 16:10:34,2026/05/19 09:58:51,,,,,,完了,2026/05/19 09:58:51
CASE-PO-000178,CASE-PN-000178,3,CASE-PO-000178_3,二次組立,A030,MB000102,MG001,WC000053,97,150,20,170,2026/05/19 21:18:32,2026/05/20 11:20:00,,EQ-A030,9005,高橋 四郎,20,96,99.0,1,1.0,2026/05/20 08:30:00,2026/05/20 11:32:59,,,,,,完了,2026/05/20 11:32:59
CASE-PO-000178,CASE-PN-000178,4,CASE-PO-000178_4,完成検査,A040,MB000102,MG001,WC000054,97,60,0,60,2026/05/20 17:31:52,2026/05/21 09:30:00,,EQ-A040,9005,高橋 四郎,0,97,100.0,1,1.0,2026/05/21 08:30:00,2026/05/21 09:22:59,,,,,,完了,2026/05/21 09:22:59
CASE-PO-000179,CASE-PN-000179,1,CASE-PO-000179_1,部品準備,A010,MB000103,MG001,WC000051,65,45,10,55,2026/07/02 08:30:00,2026/07/02 09:25:00,,EQ-A010,9002,鈴木 花子,10,64,98.5,0,0.0,2026/07/02 08:30:00,2026/07/02 09:14:47,,,,,,完了,2026/07/02 09:14:47
CASE-PO-000179,CASE-PN-000179,2,CASE-PO-000179_2,一次組立,A020,MB000103,MG001,WC000052,65,180,25,205,2026/07/02 12:51:17,2026/07/02 16:16:17,,EQ-A020,9002,鈴木 花子,25,65,100.0,1,1.5,2026/07/02 12:51:17,2026/07/02 16:34:41,,,,,,完了,2026/07/02 16:34:41
CASE-PO-000179,CASE-PN-000179,3,CASE-PO-000179_3,二次組立,A030,MB000103,MG001,WC000053,65,150,20,170,2026/07/02 19:47:15,2026/07/03 11:20:00,,EQ-A030,9002,鈴木 花子,20,63,96.9,1,1.5,2026/07/03 08:30:00,2026/07/03 11:14:58,,,,,,完了,2026/07/03 11:14:58
CASE-PO-000179,CASE-PN-000179,4,CASE-PO-000179_4,完成検査,A040,MB000103,MG001,WC000054,65,60,0,60,2026/07/03 19:45:57,2026/07/06 09:30:00,,EQ-A040,9002,鈴木 花子,0,64,98.5,0,0.0,2026/07/06 08:30:00,2026/07/06 09:32:25,,,,,,完了,2026/07/06 09:32:25
CASE-PO-000180,CASE-PN-000180,1,CASE-PO-000180_1,部品準備,A010,MB000103,MG001,WC000051,49,45,10,55,2026/05/11 08:30:00,2026/05/11 09:25:00,,EQ-A010,9004,田中 三郎,10,48,98.0,1,2.0,2026/05/11 08:30:00,2026/05/11 09:09:45,,,,,,完了,2026/05/11 09:09:45
CASE-PO-000180,CASE-PN-000180,2,CASE-PO-000180_2,一次組立,A020,MB000103,MG001,WC000052,49,180,25,205,2026/05/11 11:11:26,2026/05/11 14:36:26,,EQ-A020,9004,田中 三郎,25,49,100.0,0,0.0,2026/05/11 11:11:26,2026/05/11 14:08:27,,,,,,完了,2026/05/11 14:08:27
CASE-PO-000180,CASE-PN-000180,3,CASE-PO-000180_3,二次組立,A030,MB000103,MG001,WC000053,49,150,20,170,2026/05/11 21:53:04,2026/05/12 11:20:00,,EQ-A030,9004,田中 三郎,20,48,98.0,1,2.0,2026/05/12 08:30:00,2026/05/12 10:52:09,,,,,,完了,2026/05/12 10:52:09
CASE-PO-000180,CASE-PN-000180,4,CASE-PO-000180_4,完成検査,A040,MB000103,MG001,WC000054,49,60,0,60,2026/05/12 13:44:25,2026/05/12 14:44:25,,EQ-A040,9004,田中 三郎,0,48,98.0,0,0.0,2026/05/12 13:44:25,2026/05/12 14:49:37,,,,,,完了,2026/05/12 14:49:37
CASE-PO-000181,CASE-PN-000181,1,CASE-PO-000181_1,部品準備,A010,MB000103,MG001,WC000051,40,45,10,55,2026/06/24 08:30:00,2026/06/24 09:25:00,,EQ-A010,9003,佐藤 次郎,10,40,100.0,0,0.0,2026/06/24 08:30:00,2026/06/24 09:20:33,,,,,,完了,2026/06/24 09:20:33
CASE-PO-000181,CASE-PN-000181,2,CASE-PO-000181_2,一次組立,A020,MB000103,MG001,WC000052,40,180,25,205,2026/06/24 13:34:31,2026/06/24 16:59:31,,EQ-A020,9003,佐藤 次郎,25,39,97.5,0,0.0,2026/06/24 13:34:31,2026/06/24 16:55:43,,,,,,完了,2026/06/24 16:55:43
CASE-PO-000181,CASE-PN-000181,3,CASE-PO-000181_3,二次組立,A030,MB000103,MG001,WC000053,40,150,20,170,2026/06/24 19:06:56,2026/06/25 11:20:00,,EQ-A030,9003,佐藤 次郎,20,39,97.5,0,0.0,2026/06/25 08:30:00,2026/06/25 11:22:08,,,,,,完了,2026/06/25 11:22:08
CASE-PO-000181,CASE-PN-000181,4,CASE-PO-000181_4,完成検査,A040,MB000103,MG001,WC000054,40,60,0,60,2026/06/25 14:11:51,2026/06/25 15:11:51,,EQ-A040,9003,佐藤 次郎,0,39,97.5,0,0.0,2026/06/25 14:11:51,2026/06/25 15:17:40,,,,,,完了,2026/06/25 15:17:40
CASE-PO-000182,CASE-PN-000182,1,CASE-PO-000182_1,部品準備,A010,MB000102,MG001,WC000051,97,45,10,55,2026/05/25 08:30:00,2026/05/25 09:25:00,,EQ-A010,9001,山田 太郎,10,96,99.0,0,0.0,2026/05/25 08:30:00,2026/05/25 09:14:03,,,,,,完了,2026/05/25 09:14:03
CASE-PO-000182,CASE-PN-000182,2,CASE-PO-000182_2,一次組立,A020,MB000102,MG001,WC000052,97,180,25,205,2026/05/25 12:28:33,2026/05/25 15:53:33,,EQ-A020,9001,山田 太郎,25,94,96.9,1,1.0,2026/05/25 12:28:33,2026/05/25 16:10:47,,,,,,完了,2026/05/25 16:10:47
CASE-PO-000182,CASE-PN-000182,3,CASE-PO-000182_3,二次組立,A030,MB000102,MG001,WC000053,97,150,20,170,2026/05/25 20:25:28,2026/05/26 11:20:00,,EQ-A030,9001,山田 太郎,20,96,99.0,2,2.1,2026/05/26 08:30:00,2026/05/26 11:30:32,,,,,,完了,2026/05/26 11:30:32
CASE-PO-000182,CASE-PN-000182,4,CASE-PO-000182_4,完成検査,A040,MB000102,MG001,WC000054,97,60,0,60,2026/05/26 19:55:37,2026/05/27 09:30:00,,EQ-A040,9001,山田 太郎,0,95,97.9,1,1.0,2026/05/27 08:30:00,2026/05/27 09:33:36,,,,,,完了,2026/05/27 09:33:36
CASE-PO-000183,CASE-PN-000183,1,CASE-PO-000183_1,部品準備,A010,MB000102,MG001,WC000051,179,45,10,55,2026/06/03 08:30:00,2026/06/03 09:25:00,,EQ-A010,9004,田中 三郎,10,178,99.4,1,0.6,2026/06/03 08:30:00,2026/06/03 09:25:17,,,,,,完了,2026/06/03 09:25:17
CASE-PO-000183,CASE-PN-000183,2,CASE-PO-000183_2,一次組立,A020,MB000102,MG001,WC000052,179,180,25,205,2026/06/03 14:19:20,2026/06/04 08:44:00,,EQ-A020,9004,田中 三郎,25,176,98.3,1,0.6,2026/06/03 14:19:20,2026/06/03 17:07:46,,,,,,完了,2026/06/03 17:07:46
CASE-PO-000183,CASE-PN-000183,3,CASE-PO-000183_3,二次組立,A030,MB000102,MG001,WC000053,179,150,20,170,2026/06/04 02:44:16,2026/06/04 11:20:00,,EQ-A030,9004,田中 三郎,20,176,98.3,3,1.7,2026/06/04 08:30:00,2026/06/04 11:29:35,,,,,,完了,2026/06/04 11:29:35
CASE-PO-000183,CASE-PN-000183,4,CASE-PO-000183_4,完成検査,A040,MB000102,MG001,WC000054,179,60,0,60,2026/06/04 19:06:52,2026/06/05 09:30:00,,EQ-A040,9004,田中 三郎,0,178,99.4,1,0.6,2026/06/05 08:30:00,2026/06/05 09:39:31,,,,,,完了,2026/06/05 09:39:31
CASE-PO-000184,CASE-PN-000184,1,CASE-PO-000184_1,部品準備,A010,MB000101,MG001,WC000051,60,45,10,55,2026/06/16 08:30:00,2026/06/16 09:25:00,,EQ-A010,9004,田中 三郎,10,59,98.3,1,1.7,2026/06/16 08:30:00,2026/06/16 09:24:38,,,,,,完了,2026/06/16 09:24:38
CASE-PO-000184,CASE-PN-000184,2,CASE-PO-000184_2,一次組立,A020,MB000101,MG001,WC000052,60,180,25,205,2026/06/16 16:17:37,2026/06/17 10:42:00,,EQ-A020,9004,田中 三郎,25,59,98.3,1,1.7,2026/06/16 16:17:37,2026/06/17 10:20:46,,,,,,完了,2026/06/17 10:20:46
CASE-PO-000184,CASE-PN-000184,3,CASE-PO-000184_3,二次組立,A030,MB000101,MG001,WC000053,60,150,20,170,2026/06/17 22:18:55,2026/06/18 11:20:00,,EQ-A030,9004,田中 三郎,20,59,98.3,1,1.7,2026/06/18 08:30:00,2026/06/18 11:16:44,,,,,,完了,2026/06/18 11:16:44
CASE-PO-000184,CASE-PN-000184,4,CASE-PO-000184_4,完成検査,A040,MB000101,MG001,WC000054,60,60,0,60,2026/06/18 18:28:13,2026/06/19 09:30:00,,EQ-A040,9004,田中 三郎,0,60,100.0,1,1.7,2026/06/19 08:30:00,2026/06/19 09:23:02,,,,,,完了,2026/06/19 09:23:02
CASE-PO-000185,CASE-PN-000185,1,CASE-PO-000185_1,部品準備,A010,MB000103,MG001,WC000051,88,45,10,55,2026/05/11 08:30:00,2026/05/11 09:25:00,,EQ-A010,9005,高橋 四郎,10,87,98.9,1,1.1,2026/05/11 08:30:00,2026/05/11 09:19:23,,,,,,完了,2026/05/11 09:19:23
CASE-PO-000185,CASE-PN-000185,2,CASE-PO-000185_2,一次組立,A020,MB000103,MG001,WC000052,88,180,25,205,2026/05/11 15:54:05,2026/05/12 10:19:00,,EQ-A020,9005,高橋 四郎,25,87,98.9,1,1.1,2026/05/11 15:54:05,2026/05/12 10:19:02,,,,,,完了,2026/05/12 10:19:02
CASE-PO-000185,CASE-PN-000185,3,CASE-PO-000185_3,二次組立,A030,MB000103,MG001,WC000053,88,150,20,170,2026/05/12 21:00:30,2026/05/13 11:20:00,,EQ-A030,9005,高橋 四郎,20,87,98.9,1,1.1,,2026/05/13 11:30:37,,,,,,完了,2026/05/13 11:30:37
CASE-PO-000185,CASE-PN-000185,4,CASE-PO-000185_4,完成検査,A040,MB000103,MG001,WC000054,88,60,0,60,2026/05/13 15:26:13,2026/05/13 16:26:13,,EQ-A040,9005,高橋 四郎,0,88,100.0,2,2.3,2026/05/13 15:26:13,2026/05/13 16:18:37,,,,,,完了,2026/05/13 16:18:37
CASE-PO-000186,CASE-PN-000186,1,CASE-PO-000186_1,部品準備,A010,MB000103,MG001,WC000051,80,45,10,55,2026/05/18 08:30:00,2026/05/18 09:25:00,,EQ-A010,9004,田中 三郎,10,79,98.8,0,0.0,2026/05/18 08:30:00,2026/05/18 09:11:49,,,,,,完了,2026/05/18 09:11:49
CASE-PO-000186,CASE-PN-000186,2,CASE-PO-000186_2,一次組立,A020,MB000103,MG001,WC000052,80,180,25,205,2026/05/18 12:06:31,2026/05/18 15:31:31,,EQ-A020,9004,田中 三郎,25,79,98.8,0,0.0,2026/05/18 12:06:31,2026/05/18 15:41:21,,,,,,完了,2026/05/18 15:41:21
CASE-PO-000186,CASE-PN-000186,3,CASE-PO-000186_3,二次組立,A030,MB000103,MG001,WC000053,80,150,20,170,2026/05/19 03:03:47,2026/05/19 11:20:00,,EQ-A030,9004,田中 三郎,20,78,97.5,1,1.3,2026/05/19 08:30:00,2026/05/19 11:16:57,,,,,,完了,2026/05/19 11:16:57
CASE-PO-000186,CASE-PN-000186,4,CASE-PO-000186_4,完成検査,A040,MB000103,MG001,WC000054,80,60,0,60,2026/05/19 17:34:45,2026/05/20 09:30:00,,EQ-A040,9004,田中 三郎,0,79,98.8,1,1.3,2026/05/20 08:30:00,2026/05/20 09:31:27,,,,,,完了,2026/05/20 09:31:27
CASE-PO-000187,CASE-PN-000187,1,CASE-PO-000187_1,部品準備,A010,MB000102,MG001,WC000051,84,45,10,55,2026/06/22 08:30:00,2026/06/22 09:25:00,,EQ-A010,9004,田中 三郎,10,82,97.6,1,1.2,2026/06/22 08:30:00,2026/06/22 09:19:14,,,,,,完了,2026/06/22 09:19:14
CASE-PO-000187,CASE-PN-000187,2,CASE-PO-000187_2,一次組立,A020,MB000102,MG001,WC000052,84,180,25,205,2026/06/22 10:33:31,2026/06/22 13:58:31,,EQ-A020,9004,田中 三郎,25,84,100.0,2,2.4,2026/06/22 10:33:31,2026/06/22 13:54:13,,,,,,完了,2026/06/22 13:54:13
CASE-PO-000187,CASE-PN-000187,3,CASE-PO-000187_3,二次組立,A030,MB000102,MG001,WC000053,84,150,20,170,2026/06/22 21:30:47,2026/06/23 11:20:00,,EQ-A030,9004,田中 三郎,20,83,98.8,1,1.2,2026/06/23 08:30:00,2026/06/23 10:59:40,,,,,,完了,2026/06/23 10:59:40
CASE-PO-000187,CASE-PN-000187,4,CASE-PO-000187_4,完成検査,A040,MB000102,MG001,WC000054,84,60,0,60,2026/06/23 13:41:52,2026/06/23 14:41:52,,EQ-A040,9004,田中 三郎,0,82,97.6,2,2.4,2026/06/23 13:41:52,2026/06/23 14:47:14,,,,,,完了,2026/06/23 14:47:14
CASE-PO-000188,CASE-PN-000188,1,CASE-PO-000188_1,部品準備,A010,MB000101,MG001,WC000051,110,45,10,55,2026/06/22 08:30:00,2026/06/22 09:25:00,,EQ-A010,9001,山田 太郎,10,107,97.3,1,0.9,2026/06/22 08:30:00,2026/06/22 09:24:12,,,,,,完了,2026/06/22 09:24:12
CASE-PO-000188,CASE-PN-000188,2,CASE-PO-000188_2,一次組立,A020,MB000101,MG001,WC000052,110,180,25,205,2026/06/22 14:43:17,2026/06/23 09:08:00,,EQ-A020,9001,山田 太郎,25,107,97.3,0,0.0,2026/06/22 14:43:17,2026/06/23 08:57:42,,,,,,完了,2026/06/23 08:57:42
CASE-PO-000188,CASE-PN-000188,3,CASE-PO-000188_3,二次組立,A030,MB000101,MG001,WC000053,110,150,20,170,2026/06/23 19:40:11,2026/06/24 11:20:00,,EQ-A030,9001,山田 太郎,20,109,99.1,2,1.8,2026/06/24 08:30:00,2026/06/24 11:29:47,,,,,,完了,2026/06/24 11:29:47
CASE-PO-000188,CASE-PN-000188,4,CASE-PO-000188_4,完成検査,A040,MB000101,MG001,WC000054,110,60,0,60,2026/06/24 16:18:45,2026/06/24 17:18:45,,EQ-A040,9001,山田 太郎,0,109,99.1,2,1.8,2026/06/24 16:18:45,2026/06/24 17:10:00,,,,,,完了,2026/06/24 17:10:00
CASE-PO-000189,CASE-PN-000189,1,CASE-PO-000189_1,部品準備,A010,MB000101,MG001,WC000051,87,45,10,55,2026/05/14 08:30:00,2026/05/14 09:25:00,,EQ-A010,9001,山田 太郎,10,86,98.9,0,0.0,2026/05/14 08:30:00,2026/05/14 09:12:04,,,,,,完了,2026/05/14 09:12:04
CASE-PO-000189,CASE-PN-000189,2,CASE-PO-000189_2,一次組立,A020,MB000101,MG001,WC000052,87,180,25,205,2026/05/14 14:00:07,2026/05/14 17:25:07,,EQ-A020,9001,山田 太郎,25,86,98.9,1,1.1,2026/05/14 14:00:07,2026/05/14 17:00:53,,,,,,完了,2026/05/14 17:00:53
CASE-PO-000189,CASE-PN-000189,3,CASE-PO-000189_3,二次組立,A030,MB000101,MG001,WC000053,87,150,20,170,2026/05/14 21:43:34,2026/05/15 11:20:00,,EQ-A030,9001,山田 太郎,20,86,98.9,0,0.0,2026/05/15 08:30:00,2026/05/15 11:14:41,,,,,,完了,2026/05/15 11:14:41
CASE-PO-000189,CASE-PN-000189,4,CASE-PO-000189_4,完成検査,A040,MB000101,MG001,WC000054,87,60,0,60,2026/05/15 20:53:11,2026/05/18 09:30:00,,EQ-A040,9001,山田 太郎,0,86,98.9,1,1.1,2026/05/18 08:30:00,2026/05/18 09:29:46,,,,,,完了,2026/05/18 09:29:46
CASE-PO-000190,CASE-PN-000190,1,CASE-PO-000190_1,部品準備,A010,MB000101,MG001,WC000051,58,45,10,55,2026/05/28 08:30:00,2026/05/28 09:25:00,,EQ-A010,9003,佐藤 次郎,10,57,98.3,1,1.7,2026/05/28 08:30:00,2026/05/28 09:19:07,,,,,,完了,2026/05/28 09:19:07
CASE-PO-000190,CASE-PN-000190,2,CASE-PO-000190_2,一次組立,A020,MB000101,MG001,WC000052,58,180,25,205,2026/05/28 13:27:22,2026/05/28 16:52:22,,EQ-A020,9003,佐藤 次郎,25,57,98.3,0,0.0,2026/05/28 13:27:22,2026/05/28 16:06:01,,,,,,完了,2026/05/28 16:06:01
CASE-PO-000190,CASE-PN-000190,3,CASE-PO-000190_3,二次組立,A030,MB000101,MG001,WC000053,58,150,20,170,2026/05/28 18:56:10,2026/05/29 11:20:00,,EQ-A030,9003,佐藤 次郎,20,57,98.3,1,1.7,,2026/05/29 11:10:23,,,,,,完了,2026/05/29 11:10:23
CASE-PO-000190,CASE-PN-000190,4,CASE-PO-000190_4,完成検査,A040,MB000101,MG001,WC000054,58,60,0,60,2026/05/29 17:53:50,2026/06/01 09:30:00,,EQ-A040,9003,佐藤 次郎,0,57,98.3,1,1.7,2026/06/01 08:30:00,2026/06/01 09:41:51,,,,,,完了,2026/06/01 09:41:51
CASE-PO-000191,CASE-PN-000191,1,CASE-PO-000191_1,部品準備,A010,MB000101,MG001,WC000051,73,45,10,55,2026/06/17 08:30:00,2026/06/17 09:25:00,,EQ-A010,9001,山田 太郎,10,73,100.0,0,0.0,2026/06/17 08:30:00,2026/06/17 09:22:11,,,,,,完了,2026/06/17 09:22:11
CASE-PO-000191,CASE-PN-000191,2,CASE-PO-000191_2,一次組立,A020,MB000101,MG001,WC000052,73,180,25,205,2026/06/17 12:56:08,2026/06/17 16:21:08,,EQ-A020,9001,山田 太郎,25,71,97.3,1,1.4,2026/06/17 12:56:08,2026/06/17 16:25:42,,,,,,完了,2026/06/17 16:25:42
CASE-PO-000191,CASE-PN-000191,3,CASE-PO-000191_3,二次組立,A030,MB000101,MG001,WC000053,73,150,20,170,2026/06/18 01:25:27,2026/06/18 11:20:00,,EQ-A030,9001,山田 太郎,20,73,100.0,1,1.4,2026/06/18 08:30:00,2026/06/18 11:17:27,,,,,,完了,2026/06/18 11:17:27
CASE-PO-000191,CASE-PN-000191,4,CASE-PO-000191_4,完成検査,A040,MB000101,MG001,WC000054,73,60,0,60,2026/06/18 19:44:03,2026/06/19 09:30:00,,EQ-A040,9001,山田 太郎,0,71,97.3,0,0.0,2026/06/19 08:30:00,2026/06/19 09:43:16,,,,,,完了,2026/06/19 09:43:16
CASE-PO-000192,CASE-PN-000192,1,CASE-PO-000192_1,部品準備,A010,MB000103,MG001,WC000051,45,45,10,55,2026/06/12 08:30:00,2026/06/12 09:25:00,,EQ-A010,9005,高橋 四郎,10,44,97.8,1,2.2,2026/06/12 08:30:00,2026/06/12 09:18:45,,,,,,完了,2026/06/12 09:18:45
CASE-PO-000192,CASE-PN-000192,2,CASE-PO-000192_2,一次組立,A020,MB000103,MG001,WC000052,45,180,25,205,2026/06/12 16:39:14,2026/06/15 11:04:00,,EQ-A020,9005,高橋 四郎,25,44,97.8,0,0.0,2026/06/12 16:39:14,2026/06/15 10:34:13,,,,,,完了,2026/06/15 10:34:13
CASE-PO-000192,CASE-PN-000192,3,CASE-PO-000192_3,二次組立,A030,MB000103,MG001,WC000053,45,150,20,170,2026/06/15 21:20:16,2026/06/16 11:20:00,,EQ-A030,9005,高橋 四郎,20,44,97.8,1,2.2,2026/06/16 08:30:00,2026/06/16 11:05:55,,,,,,完了,2026/06/16 11:05:55
CASE-PO-000192,CASE-PN-000192,4,CASE-PO-000192_4,完成検査,A040,MB000103,MG001,WC000054,45,60,0,60,2026/06/16 17:28:29,2026/06/17 09:28:00,,EQ-A040,9005,高橋 四郎,0,45,100.0,1,2.2,2026/06/16 17:28:29,2026/06/17 09:19:17,,,,,,完了,2026/06/17 09:19:17
CASE-PO-000193,CASE-PN-000193,1,CASE-PO-000193_1,部品準備,A010,MB000102,MG001,WC000051,180,45,10,55,2026/05/07 08:30:00,2026/05/07 09:25:00,,EQ-A010,9005,高橋 四郎,10,180,100.0,1,0.6,2026/05/07 08:30:00,2026/05/07 09:14:43,,,,,,完了,2026/05/07 09:14:43
CASE-PO-000193,CASE-PN-000193,2,CASE-PO-000193_2,一次組立,A020,MB000102,MG001,WC000052,180,180,25,205,2026/05/07 17:00:12,2026/05/08 11:25:00,,EQ-A020,9005,高橋 四郎,25,177,98.3,0,0.0,2026/05/07 17:00:12,2026/05/08 10:55:35,,,,,,完了,2026/05/08 10:55:35
CASE-PO-000193,CASE-PN-000193,3,CASE-PO-000193_3,二次組立,A030,MB000102,MG001,WC000053,180,150,20,170,2026/05/08 19:49:00,2026/05/11 11:20:00,,EQ-A030,9005,高橋 四郎,20,177,98.3,1,0.6,2026/05/11 08:30:00,2026/05/11 11:29:44,,,,,,完了,2026/05/11 11:29:44
CASE-PO-000193,CASE-PN-000193,4,CASE-PO-000193_4,完成検査,A040,MB000102,MG001,WC000054,180,60,0,60,2026/05/11 17:56:03,2026/05/12 09:30:00,,EQ-A040,9005,高橋 四郎,0,176,97.8,3,1.7,2026/05/12 08:30:00,2026/05/12 09:31:12,,,,,,完了,2026/05/12 09:31:12
CASE-PO-000194,CASE-PN-000194,1,CASE-PO-000194_1,部品準備,A010,MB000102,MG001,WC000051,127,45,10,55,2026/06/11 08:30:00,2026/06/11 09:25:00,,EQ-A010,9005,高橋 四郎,10,126,99.2,2,1.6,2026/06/11 08:30:00,2026/06/11 09:12:09,,,,,,完了,2026/06/11 09:12:09
CASE-PO-000194,CASE-PN-000194,2,CASE-PO-000194_2,一次組立,A020,MB000102,MG001,WC000052,127,180,25,205,2026/06/11 16:14:43,2026/06/12 10:39:00,,EQ-A020,9005,高橋 四郎,25,123,96.9,0,0.0,2026/06/11 16:14:43,2026/06/12 10:20:02,,,,,,完了,2026/06/12 10:20:02
CASE-PO-000194,CASE-PN-000194,3,CASE-PO-000194_3,二次組立,A030,MB000102,MG001,WC000053,127,150,20,170,2026/06/12 22:08:10,2026/06/15 11:20:00,,EQ-A030,9005,高橋 四郎,20,125,98.4,2,1.6,2026/06/15 08:30:00,2026/06/15 10:50:42,,,,,,完了,2026/06/15 10:50:42
CASE-PO-000194,CASE-PN-000194,4,CASE-PO-000194_4,完成検査,A040,MB000102,MG001,WC000054,127,60,0,60,2026/06/15 16:42:35,2026/06/16 08:42:00,,EQ-A040,9005,高橋 四郎,0,124,97.6,1,0.8,2026/06/15 16:42:35,2026/06/16 08:45:22,,,,,,完了,2026/06/16 08:45:22
CASE-PO-000195,CASE-PN-000195,1,CASE-PO-000195_1,部品準備,A010,MB000101,MG001,WC000051,118,45,10,55,2026/06/30 08:30:00,2026/06/30 09:25:00,,EQ-A010,9005,高橋 四郎,10,116,98.3,1,0.8,2026/06/30 08:30:00,2026/06/30 09:21:08,,,,,,完了,2026/06/30 09:21:08
CASE-PO-000195,CASE-PN-000195,2,CASE-PO-000195_2,一次組立,A020,MB000101,MG001,WC000052,118,180,25,205,2026/06/30 15:52:36,2026/07/01 10:17:00,,EQ-A020,9005,高橋 四郎,25,115,97.5,0,0.0,2026/06/30 15:52:36,2026/07/01 10:18:29,,,,,,完了,2026/07/01 10:18:29
CASE-PO-000195,CASE-PN-000195,3,CASE-PO-000195_3,二次組立,A030,MB000101,MG001,WC000053,118,150,20,170,2026/07/01 17:29:03,2026/07/02 11:19:00,,EQ-A030,9005,高橋 四郎,20,115,97.5,1,0.8,2026/07/01 17:29:03,2026/07/02 10:36:32,,,,,,完了,2026/07/02 10:36:32
CASE-PO-000195,CASE-PN-000195,4,CASE-PO-000195_4,完成検査,A040,MB000101,MG001,WC000054,118,60,0,60,2026/07/02 14:14:12,2026/07/02 15:14:12,,EQ-A040,9005,高橋 四郎,0,118,100.0,1,0.8,2026/07/02 14:14:12,2026/07/02 15:15:34,,,,,,完了,2026/07/02 15:15:34
CASE-PO-000196,CASE-PN-000196,1,CASE-PO-000196_1,部品準備,A010,MB000102,MG001,WC000051,192,45,10,55,2026/06/12 08:30:00,2026/06/12 09:25:00,,EQ-A010,9005,高橋 四郎,10,189,98.4,1,0.5,2026/06/12 08:30:00,2026/06/12 09:09:36,,,,,,完了,2026/06/12 09:09:36
CASE-PO-000196,CASE-PN-000196,2,CASE-PO-000196_2,一次組立,A020,MB000102,MG001,WC000052,192,180,25,205,2026/06/12 16:00:28,2026/06/15 10:25:00,,EQ-A020,9005,高橋 四郎,25,188,97.9,3,1.6,2026/06/12 16:00:28,2026/06/15 10:32:25,,,,,,完了,2026/06/15 10:32:25
CASE-PO-000196,CASE-PN-000196,3,CASE-PO-000196_3,二次組立,A030,MB000102,MG001,WC000053,192,150,20,170,2026/06/15 21:36:26,2026/06/16 11:20:00,,EQ-A030,9005,高橋 四郎,20,192,100.0,1,0.5,2026/06/16 08:30:00,2026/06/16 11:25:39,,,,,,完了,2026/06/16 11:25:39
CASE-PO-000196,CASE-PN-000196,4,CASE-PO-000196_4,完成検査,A040,MB000102,MG001,WC000054,192,60,0,60,2026/06/16 18:58:02,2026/06/17 09:30:00,,EQ-A040,9005,高橋 四郎,0,190,99.0,2,1.0,2026/06/17 08:30:00,2026/06/17 09:40:33,,,,,,完了,2026/06/17 09:40:33
CASE-PO-000197,CASE-PN-000197,1,CASE-PO-000197_1,部品準備,A010,MB000102,MG001,WC000051,184,45,10,55,2026/06/02 08:30:00,2026/06/02 09:25:00,,EQ-A010,9005,高橋 四郎,10,183,99.5,3,1.6,2026/06/02 08:30:00,2026/06/02 09:10:29,,,,,,完了,2026/06/02 09:10:29
CASE-PO-000197,CASE-PN-000197,2,CASE-PO-000197_2,一次組立,A020,MB000102,MG001,WC000052,184,180,25,205,2026/06/02 11:59:38,2026/06/02 15:24:38,,EQ-A020,9005,高橋 四郎,25,181,98.4,0,0.0,2026/06/02 11:59:38,2026/06/02 15:34:47,,,,,,完了,2026/06/02 15:34:47
CASE-PO-000197,CASE-PN-000197,3,CASE-PO-000197_3,二次組立,A030,MB000102,MG001,WC000053,184,150,20,170,2026/06/03 03:28:33,2026/06/03 11:20:00,,EQ-A030,9005,高橋 四郎,20,179,97.3,2,1.1,2026/06/03 08:30:00,2026/06/03 11:05:04,,,,,,完了,2026/06/03 11:05:04
CASE-PO-000197,CASE-PN-000197,4,CASE-PO-000197_4,完成検査,A040,MB000102,MG001,WC000054,184,60,0,60,2026/06/03 17:26:02,2026/06/04 09:26:00,,EQ-A040,9005,高橋 四郎,0,181,98.4,0,0.0,2026/06/03 17:26:02,2026/06/04 09:27:42,,,,,,完了,2026/06/04 09:27:42
CASE-PO-000198,CASE-PN-000198,1,CASE-PO-000198_1,部品準備,A010,MB000103,MG001,WC000051,43,45,10,55,2026/05/15 08:30:00,2026/05/15 09:25:00,,EQ-A010,9002,鈴木 花子,10,43,100.0,1,2.3,2026/05/15 08:30:00,2026/05/15 09:12:47,,,,,,完了,2026/05/15 09:12:47
CASE-PO-000198,CASE-PN-000198,2,CASE-PO-000198_2,一次組立,A020,MB000103,MG001,WC000052,43,180,25,205,2026/05/15 10:57:12,2026/05/15 14:22:12,,EQ-A020,9002,鈴木 花子,25,42,97.7,0,0.0,2026/05/15 10:57:12,2026/05/15 14:20:16,,,,,,完了,2026/05/15 14:20:16
CASE-PO-000198,CASE-PN-000198,3,CASE-PO-000198_3,二次組立,A030,MB000103,MG001,WC000053,43,150,20,170,2026/05/16 01:29:15,2026/05/18 11:20:00,,EQ-A030,9002,鈴木 花子,20,42,97.7,0,0.0,2026/05/18 08:30:00,2026/05/18 11:37:03,,,,,,完了,2026/05/18 11:37:03
CASE-PO-000198,CASE-PN-000198,4,CASE-PO-000198_4,完成検査,A040,MB000103,MG001,WC000054,43,60,0,60,2026/05/18 13:21:43,2026/05/18 14:21:43,,EQ-A040,9002,鈴木 花子,0,42,97.7,1,2.3,2026/05/18 13:21:43,2026/05/18 14:29:32,,,,,,完了,2026/05/18 14:29:32
CASE-PO-000199,CASE-PN-000199,1,CASE-PO-000199_1,部品準備,A010,MB000103,MG001,WC000051,59,45,10,55,2026/05/08 08:30:00,2026/05/08 09:25:00,,EQ-A010,9003,佐藤 次郎,10,58,98.3,1,1.7,2026/05/08 08:30:00,2026/05/08 09:08:18,,,,,,完了,2026/05/08 09:08:18
CASE-PO-000199,CASE-PN-000199,2,CASE-PO-000199_2,一次組立,A020,MB000103,MG001,WC000052,59,180,25,205,2026/05/08 12:49:40,2026/05/08 16:14:40,,EQ-A020,9003,佐藤 次郎,25,59,100.0,1,1.7,2026/05/08 12:49:40,2026/05/08 15:53:45,,,,,,完了,2026/05/08 15:53:45
CASE-PO-000199,CASE-PN-000199,3,CASE-PO-000199_3,二次組立,A030,MB000103,MG001,WC000053,59,150,20,170,2026/05/08 17:54:44,2026/05/11 11:20:00,,EQ-A030,9003,佐藤 次郎,20,58,98.3,0,0.0,2026/05/11 08:30:00,2026/05/11 11:24:43,,,,,,完了,2026/05/11 11:24:43
CASE-PO-000199,CASE-PN-000199,4,CASE-PO-000199_4,完成検査,A040,MB000103,MG001,WC000054,59,60,0,60,2026/05/11 16:35:05,2026/05/12 08:35:00,,EQ-A040,9003,佐藤 次郎,0,58,98.3,0,0.0,2026/05/11 16:35:05,2026/05/12 08:43:33,,,,,,完了,2026/05/12 08:43:33
CASE-PO-000200,CASE-PN-000200,1,CASE-PO-000200_1,部品準備,A010,MB000101,MG001,WC000051,55,45,10,55,2026/06/15 08:30:00,2026/06/15 09:25:00,,EQ-A010,9005,高橋 四郎,10,54,98.2,1,1.8,2026/06/15 08:30:00,2026/06/15 09:24:21,,,,,,完了,2026/06/15 09:24:21
CASE-PO-000200,CASE-PN-000200,2,CASE-PO-000200_2,一次組立,A020,MB000101,MG001,WC000052,55,180,25,205,2026/06/15 13:55:20,2026/06/15 17:20:20,,EQ-A020,9005,高橋 四郎,25,54,98.2,1,1.8,2026/06/15 13:55:20,2026/06/15 16:53:10,,,,,,完了,2026/06/15 16:53:10
CASE-PO-000200,CASE-PN-000200,3,CASE-PO-000200_3,二次組立,A030,MB000101,MG001,WC000053,55,150,20,170,2026/06/16 04:00:44,2026/06/16 11:20:00,,EQ-A030,9005,高橋 四郎,20,54,98.2,0,0.0,2026/06/16 08:30:00,2026/06/16 11:20:49,,,,,,完了,2026/06/16 11:20:49
CASE-PO-000200,CASE-PN-000200,4,CASE-PO-000200_4,完成検査,A040,MB000101,MG001,WC000054,55,60,0,60,2026/06/16 19:56:21,2026/06/17 09:30:00,,EQ-A040,9005,高橋 四郎,0,54,98.2,1,1.8,2026/06/17 08:30:00,2026/06/17 09:42:17,,,,,,完了,2026/06/17 09:42:17
CASE-PO-000201,CASE-PN-000201,1,CASE-PO-000201_1,部品準備,A010,MB000103,MG001,WC000051,48,45,10,55,2026/06/22 08:30:00,2026/06/22 09:25:00,,EQ-A010,9004,田中 三郎,10,48,100.0,0,0.0,2026/06/22 08:30:00,2026/06/22 09:08:17,,,,,,完了,2026/06/22 09:08:17
CASE-PO-000201,CASE-PN-000201,2,CASE-PO-000201_2,一次組立,A020,MB000103,MG001,WC000052,48,180,25,205,2026/06/22 14:21:38,2026/06/23 08:46:00,,EQ-A020,9004,田中 三郎,25,47,97.9,0,0.0,2026/06/22 14:21:38,2026/06/22 17:05:24,,,,,,完了,2026/06/22 17:05:24
CASE-PO-000201,CASE-PN-000201,3,CASE-PO-000201_3,二次組立,A030,MB000103,MG001,WC000053,48,150,20,170,2026/06/23 01:01:11,2026/06/23 11:20:00,,EQ-A030,9004,田中 三郎,20,47,97.9,0,0.0,2026/06/23 08:30:00,2026/06/23 11:19:01,,,,,,完了,2026/06/23 11:19:01
CASE-PO-000201,CASE-PN-000201,4,CASE-PO-000201_4,完成検査,A040,MB000103,MG001,WC000054,48,60,0,60,2026/06/23 13:29:35,2026/06/23 14:29:35,,EQ-A040,9004,田中 三郎,0,47,97.9,0,0.0,2026/06/23 13:29:35,2026/06/23 14:39:25,,,,,,完了,2026/06/23 14:39:25
CASE-PO-000202,CASE-PN-000202,1,CASE-PO-000202_1,部品準備,A010,MB000102,MG001,WC000051,116,45,10,55,2026/05/13 08:30:00,2026/05/13 09:25:00,,EQ-A010,9001,山田 太郎,10,113,97.4,2,1.7,2026/05/13 08:30:00,2026/05/13 09:14:51,,,,,,完了,2026/05/13 09:14:51
CASE-PO-000202,CASE-PN-000202,2,CASE-PO-000202_2,一次組立,A020,MB000102,MG001,WC000052,116,180,25,205,2026/05/13 14:20:46,2026/05/14 08:45:00,,EQ-A020,9001,山田 太郎,25,115,99.1,0,0.0,2026/05/13 14:20:46,2026/05/13 17:20:14,,,,,,完了,2026/05/13 17:20:14
CASE-PO-000202,CASE-PN-000202,3,CASE-PO-000202_3,二次組立,A030,MB000102,MG001,WC000053,116,150,20,170,2026/05/13 20:00:32,2026/05/14 11:20:00,,EQ-A030,9001,山田 太郎,20,113,97.4,1,0.9,2026/05/14 08:30:00,2026/05/14 10:38:45,,,,,,完了,2026/05/14 10:38:45
CASE-PO-000202,CASE-PN-000202,4,CASE-PO-000202_4,完成検査,A040,MB000102,MG001,WC000054,116,60,0,60,2026/05/14 17:54:29,2026/05/15 09:30:00,,EQ-A040,9001,山田 太郎,0,116,100.0,2,1.7,2026/05/15 08:30:00,2026/05/15 09:36:18,,,,,,完了,2026/05/15 09:36:18
CASE-PO-000203,CASE-PN-000203,1,CASE-PO-000203_1,部品準備,A010,MB000102,MG001,WC000051,157,45,10,55,2026/05/07 08:30:00,2026/05/07 09:25:00,,EQ-A010,9004,田中 三郎,10,155,98.7,2,1.3,2026/05/07 08:30:00,2026/05/07 09:08:36,,,,,,完了,2026/05/07 09:08:36
CASE-PO-000203,CASE-PN-000203,2,CASE-PO-000203_2,一次組立,A020,MB000102,MG001,WC000052,157,180,25,205,2026/05/07 16:39:10,2026/05/08 11:04:00,,EQ-A020,9004,田中 三郎,25,155,98.7,2,1.3,2026/05/07 16:39:10,2026/05/08 10:17:40,,,,,,完了,2026/05/08 10:17:40
CASE-PO-000203,CASE-PN-000203,3,CASE-PO-000203_3,二次組立,A030,MB000102,MG001,WC000053,157,150,20,170,2026/05/08 16:13:44,2026/05/11 10:03:00,,EQ-A030,9004,田中 三郎,20,154,98.1,0,0.0,2026/05/08 16:13:44,2026/05/11 09:53:49,,,,,,完了,2026/05/11 09:53:49
CASE-PO-000203,CASE-PN-000203,4,CASE-PO-000203_4,完成検査,A040,MB000102,MG001,WC000054,157,60,0,60,2026/05/11 16:54:37,2026/05/12 08:54:00,,EQ-A040,9004,田中 三郎,0,155,98.7,1,0.6,2026/05/11 16:54:37,2026/05/12 09:02:37,,,,,,完了,2026/05/12 09:02:37
CASE-PO-000204,CASE-PN-000204,1,CASE-PO-000204_1,部品準備,A010,MB000101,MG001,WC000051,84,45,10,55,2026/05/15 08:30:00,2026/05/15 09:25:00,,EQ-A010,9004,田中 三郎,10,83,98.8,0,0.0,2026/05/15 08:30:00,2026/05/15 09:19:52,,,,,,完了,2026/05/15 09:19:52
CASE-PO-000204,CASE-PN-000204,2,CASE-PO-000204_2,一次組立,A020,MB000101,MG001,WC000052,84,180,25,205,2026/05/15 10:26:21,2026/05/15 13:51:21,,EQ-A020,9004,田中 三郎,25,83,98.8,1,1.2,2026/05/15 10:26:21,2026/05/15 13:08:41,,,,,,完了,2026/05/15 13:08:41
CASE-PO-000204,CASE-PN-000204,3,CASE-PO-000204_3,二次組立,A030,MB000101,MG001,WC000053,84,150,20,170,2026/05/15 18:33:40,2026/05/18 11:20:00,,EQ-A030,9004,田中 三郎,20,83,98.8,1,1.2,2026/05/18 08:30:00,2026/05/18 11:13:17,,,,,,完了,2026/05/18 11:13:17
CASE-PO-000204,CASE-PN-000204,4,CASE-PO-000204_4,完成検査,A040,MB000101,MG001,WC000054,84,60,0,60,2026/05/18 20:43:35,2026/05/19 09:30:00,,EQ-A040,9004,田中 三郎,0,82,97.6,1,1.2,2026/05/19 08:30:00,2026/05/19 09:24:59,,,,,,完了,2026/05/19 09:24:59
CASE-PO-000205,CASE-PN-000205,1,CASE-PO-000205_1,部品準備,A010,MB000101,MG001,WC000051,104,45,10,55,2026/05/14 08:30:00,2026/05/14 09:25:00,,EQ-A010,9001,山田 太郎,10,104,100.0,0,0.0,2026/05/14 08:30:00,2026/05/14 09:10:37,,,,,,完了,2026/05/14 09:10:37
CASE-PO-000205,CASE-PN-000205,2,CASE-PO-000205_2,一次組立,A020,MB000101,MG001,WC000052,104,180,25,205,2026/05/14 15:53:33,2026/05/15 10:18:00,,EQ-A020,9001,山田 太郎,25,102,98.1,1,1.0,2026/05/14 15:53:33,2026/05/15 09:39:02,,,,,,完了,2026/05/15 09:39:02
CASE-PO-000205,CASE-PN-000205,3,CASE-PO-000205_3,二次組立,A030,MB000101,MG001,WC000053,104,150,20,170,2026/05/15 17:31:03,2026/05/18 11:20:00,,EQ-A030,9001,山田 太郎,20,102,98.1,2,1.9,2026/05/18 08:30:00,2026/05/18 10:48:20,,,,,,完了,2026/05/18 10:48:20
CASE-PO-000205,CASE-PN-000205,4,CASE-PO-000205_4,完成検査,A040,MB000101,MG001,WC000054,104,60,0,60,2026/05/18 20:11:14,2026/05/19 09:30:00,,EQ-A040,9001,山田 太郎,0,103,99.0,1,1.0,2026/05/19 08:30:00,2026/05/19 09:38:40,,,,,,完了,2026/05/19 09:38:40
CASE-PO-000206,CASE-PN-000206,1,CASE-PO-000206_1,部品準備,A010,MB000102,MG001,WC000051,93,45,10,55,2026/05/08 08:30:00,2026/05/08 09:25:00,,EQ-A010,9001,山田 太郎,10,93,100.0,1,1.1,2026/05/08 08:30:00,2026/05/08 09:22:02,,,,,,完了,2026/05/08 09:22:02
CASE-PO-000206,CASE-PN-000206,2,CASE-PO-000206_2,一次組立,A020,MB000102,MG001,WC000052,93,180,25,205,2026/05/08 12:05:58,2026/05/08 15:30:58,,EQ-A020,9001,山田 太郎,25,90,96.8,0,0.0,2026/05/08 12:05:58,2026/05/08 15:02:32,,,,,,完了,2026/05/08 15:02:32
CASE-PO-000206,CASE-PN-000206,3,CASE-PO-000206_3,二次組立,A030,MB000102,MG001,WC000053,93,150,20,170,2026/05/08 17:09:34,2026/05/11 10:59:00,,EQ-A030,9001,山田 太郎,20,91,97.8,1,1.1,2026/05/08 17:09:34,2026/05/11 11:06:38,,,,,,完了,2026/05/11 11:06:38
CASE-PO-000206,CASE-PN-000206,4,CASE-PO-000206_4,完成検査,A040,MB000102,MG001,WC000054,93,60,0,60,2026/05/11 17:06:06,2026/05/12 09:06:00,,EQ-A040,9001,山田 太郎,0,91,97.8,1,1.1,2026/05/11 17:06:06,2026/05/12 09:00:41,,,,,,完了,2026/05/12 09:00:41
CASE-PO-000207,CASE-PN-000207,1,CASE-PO-000207_1,部品準備,A010,MB000101,MG001,WC000051,79,45,10,55,2026/05/20 08:30:00,2026/05/20 09:25:00,,EQ-A010,9002,鈴木 花子,10,77,97.5,1,1.3,2026/05/20 08:30:00,2026/05/20 09:20:21,,,,,,完了,2026/05/20 09:20:21
CASE-PO-000207,CASE-PN-000207,2,CASE-PO-000207_2,一次組立,A020,MB000101,MG001,WC000052,79,180,25,205,2026/05/20 13:58:58,2026/05/20 17:23:58,,EQ-A020,9002,鈴木 花子,25,78,98.7,0,0.0,2026/05/20 13:58:58,2026/05/20 17:09:34,,,,,,完了,2026/05/20 17:09:34
CASE-PO-000207,CASE-PN-000207,3,CASE-PO-000207_3,二次組立,A030,MB000101,MG001,WC000053,79,150,20,170,2026/05/21 03:29:34,2026/05/21 11:20:00,,EQ-A030,9002,鈴木 花子,20,79,100.0,1,1.3,2026/05/21 08:30:00,2026/05/21 11:31:43,,,,,,完了,2026/05/21 11:31:43
CASE-PO-000207,CASE-PN-000207,4,CASE-PO-000207_4,完成検査,A040,MB000101,MG001,WC000054,79,60,0,60,2026/05/21 21:13:12,2026/05/22 09:30:00,,EQ-A040,9002,鈴木 花子,0,78,98.7,1,1.3,2026/05/22 08:30:00,2026/05/22 09:41:15,,,,,,完了,2026/05/22 09:41:15
CASE-PO-000208,CASE-PN-000208,1,CASE-PO-000208_1,部品準備,A010,MB000101,MG001,WC000051,105,45,10,55,2026/05/20 08:30:00,2026/05/20 09:25:00,,EQ-A010,9005,高橋 四郎,10,102,97.1,2,1.9,2026/05/20 08:30:00,2026/05/20 09:15:09,,,,,,完了,2026/05/20 09:15:09
CASE-PO-000208,CASE-PN-000208,2,CASE-PO-000208_2,一次組立,A020,MB000101,MG001,WC000052,105,180,25,205,2026/05/20 16:16:55,2026/05/21 10:41:00,,EQ-A020,9005,高橋 四郎,25,104,99.0,0,0.0,2026/05/20 16:16:55,2026/05/21 10:16:26,,,,,,完了,2026/05/21 10:16:26
CASE-PO-000208,CASE-PN-000208,3,CASE-PO-000208_3,二次組立,A030,MB000101,MG001,WC000053,105,150,20,170,2026/05/21 17:12:35,2026/05/22 11:02:00,,EQ-A030,9005,高橋 四郎,20,102,97.1,1,1.0,2026/05/21 17:12:35,2026/05/22 11:15:13,,,,,,完了,2026/05/22 11:15:13
CASE-PO-000208,CASE-PN-000208,4,CASE-PO-000208_4,完成検査,A040,MB000101,MG001,WC000054,105,60,0,60,2026/05/22 20:48:06,2026/05/25 09:30:00,,EQ-A040,9005,高橋 四郎,0,105,100.0,0,0.0,2026/05/25 08:30:00,2026/05/25 09:30:18,,,,,,完了,2026/05/25 09:30:18
CASE-PO-000209,CASE-PN-000209,1,CASE-PO-000209_1,部品準備,A010,MB000103,MG001,WC000051,43,45,10,55,2026/06/01 08:30:00,2026/06/01 09:25:00,,EQ-A010,9003,佐藤 次郎,10,43,100.0,1,2.3,2026/06/01 08:30:00,2026/06/01 09:11:53,,,,,,完了,2026/06/01 09:11:53
CASE-PO-000209,CASE-PN-000209,2,CASE-PO-000209_2,一次組立,A020,MB000103,MG001,WC000052,43,180,25,205,2026/06/01 13:08:22,2026/06/01 16:33:22,,EQ-A020,9003,佐藤 次郎,25,42,97.7,1,2.3,2026/06/01 13:08:22,2026/06/01 16:32:35,,,,,,完了,2026/06/01 16:32:35
CASE-PO-000209,CASE-PN-000209,3,CASE-PO-000209_3,二次組立,A030,MB000103,MG001,WC000053,43,150,20,170,2026/06/02 00:02:37,2026/06/02 11:20:00,,EQ-A030,9003,佐藤 次郎,20,42,97.7,0,0.0,2026/06/02 08:30:00,2026/06/02 11:15:43,,,,,,完了,2026/06/02 11:15:43
CASE-PO-000209,CASE-PN-000209,4,CASE-PO-000209_4,完成検査,A040,MB000103,MG001,WC000054,43,60,0,60,2026/06/02 16:55:17,2026/06/03 08:55:00,,EQ-A040,9003,佐藤 次郎,0,42,97.7,0,0.0,2026/06/02 08:15:43,2026/06/03 09:09:12,,,,,,完了,2026/06/03 09:09:12
CASE-PO-000210,CASE-PN-000210,1,CASE-PO-000210_1,部品準備,A010,MB000102,MG001,WC000051,154,45,10,55,2026/06/09 08:30:00,2026/06/09 09:25:00,,EQ-A010,9004,田中 三郎,10,151,98.1,2,1.3,2026/06/09 08:30:00,2026/06/09 09:15:50,,,,,,完了,2026/06/09 09:15:50
CASE-PO-000210,CASE-PN-000210,2,CASE-PO-000210_2,一次組立,A020,MB000102,MG001,WC000052,154,180,25,205,2026/06/09 12:03:06,2026/06/09 15:28:06,,EQ-A020,9004,田中 三郎,25,152,98.7,1,0.6,2026/06/09 12:03:06,2026/06/09 15:36:04,,,,,,完了,2026/06/09 15:36:04
CASE-PO-000210,CASE-PN-000210,3,CASE-PO-000210_3,二次組立,A030,MB000102,MG001,WC000053,154,150,20,170,2026/06/10 01:58:41,2026/06/10 11:20:00,,EQ-A030,9004,田中 三郎,20,150,97.4,2,1.3,2026/06/10 08:30:00,2026/06/10 11:28:22,,,,,,完了,2026/06/10 11:28:22
CASE-PO-000210,CASE-PN-000210,4,CASE-PO-000210_4,完成検査,A040,MB000102,MG001,WC000054,154,60,0,60,2026/06/10 18:26:59,2026/06/11 09:30:00,,EQ-A040,9004,田中 三郎,0,150,97.4,0,0.0,2026/06/11 08:30:00,2026/06/11 09:34:49,,,,,,完了,2026/06/11 09:34:49
CASE-PO-000211,CASE-PN-000211,1,CASE-PO-000211_1,部品準備,A010,MB000103,MG001,WC000051,41,45,10,55,2026/06/04 08:30:00,2026/06/04 09:25:00,,EQ-A010,9003,佐藤 次郎,10,40,97.6,1,2.4,2026/06/04 08:30:00,2026/06/04 09:16:40,,,,,,完了,2026/06/04 09:16:40
CASE-PO-000211,CASE-PN-000211,2,CASE-PO-000211_2,一次組立,A020,MB000103,MG001,WC000052,41,180,25,205,2026/06/04 16:00:39,2026/06/05 10:25:00,,EQ-A020,9003,佐藤 次郎,25,41,100.0,1,2.4,2026/06/04 16:00:39,2026/06/05 10:34:17,,,,,,完了,2026/06/05 10:34:17
CASE-PO-000211,CASE-PN-000211,3,CASE-PO-000211_3,二次組立,A030,MB000103,MG001,WC000053,41,150,20,170,2026/06/05 14:18:57,2026/06/05 17:08:57,,EQ-A030,9003,佐藤 次郎,20,40,97.6,0,0.0,2026/06/05 14:18:57,2026/06/05 16:47:44,,,,,,完了,2026/06/05 16:47:44
CASE-PO-000211,CASE-PN-000211,4,CASE-PO-000211_4,完成検査,A040,MB000103,MG001,WC000054,41,60,0,60,2026/06/06 00:00:48,2026/06/08 09:30:00,,EQ-A040,9003,佐藤 次郎,0,40,97.6,0,0.0,2026/06/05 13:47:44,2026/06/08 09:26:28,,,,,,完了,2026/06/08 09:26:28
CASE-PO-000212,CASE-PN-000212,1,CASE-PO-000212_1,部品準備,A010,MB000101,MG001,WC000051,111,45,10,55,2026/06/29 08:30:00,2026/06/29 09:25:00,,EQ-A010,9001,山田 太郎,10,109,98.2,0,0.0,2026/06/29 08:30:00,2026/06/29 09:15:27,,,,,,完了,2026/06/29 09:15:27
CASE-PO-000212,CASE-PN-000212,2,CASE-PO-000212_2,一次組立,A020,MB000101,MG001,WC000052,111,180,25,205,2026/06/29 14:29:15,2026/06/30 08:54:00,,EQ-A020,9001,山田 太郎,25,109,98.2,1,0.9,2026/06/29 14:29:15,2026/06/30 08:58:58,,,,,,完了,2026/06/30 08:58:58
CASE-PO-000212,CASE-PN-000212,3,CASE-PO-000212_3,二次組立,A030,MB000101,MG001,WC000053,111,150,20,170,2026/06/30 15:19:44,2026/07/01 09:09:00,,EQ-A030,9001,山田 太郎,20,110,99.1,2,1.8,2026/06/30 15:19:44,2026/07/01 08:55:56,,,,,,完了,2026/07/01 08:55:56
CASE-PO-000212,CASE-PN-000212,4,CASE-PO-000212_4,完成検査,A040,MB000101,MG001,WC000054,111,60,0,60,2026/07/01 14:38:46,2026/07/01 15:38:46,,EQ-A040,9001,山田 太郎,0,108,97.3,1,0.9,2026/07/01 14:38:46,2026/07/01 15:38:45,,,,,,完了,2026/07/01 15:38:45
CASE-PO-000213,CASE-PN-000213,1,CASE-PO-000213_1,部品準備,A010,MB000101,MG001,WC000051,86,45,10,55,2026/05/25 08:30:00,2026/05/25 09:25:00,,EQ-A010,9005,高橋 四郎,10,84,97.7,2,2.3,2026/05/25 08:30:00,2026/05/25 09:14:38,,,,,,完了,2026/05/25 09:14:38
CASE-PO-000213,CASE-PN-000213,2,CASE-PO-000213_2,一次組立,A020,MB000101,MG001,WC000052,86,180,25,205,2026/05/25 11:08:25,2026/05/25 14:33:25,,EQ-A020,9005,高橋 四郎,25,84,97.7,2,2.3,2026/05/25 11:08:25,2026/05/25 14:05:59,,,,,,完了,2026/05/25 14:05:59
CASE-PO-000213,CASE-PN-000213,3,CASE-PO-000213_3,二次組立,A030,MB000101,MG001,WC000053,86,150,20,170,2026/05/25 17:19:57,2026/05/26 11:09:00,,EQ-A030,9005,高橋 四郎,20,86,100.0,2,2.3,2026/05/25 17:19:57,2026/05/26 10:47:15,,,,,,完了,2026/05/26 10:47:15
CASE-PO-000213,CASE-PN-000213,4,CASE-PO-000213_4,完成検査,A040,MB000101,MG001,WC000054,86,60,0,60,2026/05/26 19:24:26,2026/05/27 09:30:00,,EQ-A040,9005,高橋 四郎,0,84,97.7,1,1.2,2026/05/27 08:30:00,2026/05/27 09:29:41,,,,,,完了,2026/05/27 09:29:41
CASE-PO-000214,CASE-PN-000214,1,CASE-PO-000214_1,部品準備,A010,MB000102,MG001,WC000051,167,45,10,55,2026/06/08 08:30:00,2026/06/08 09:25:00,,EQ-A010,9005,高橋 四郎,10,162,97.0,1,0.6,2026/06/08 08:30:00,2026/06/08 09:09:57,,,,,,完了,2026/06/08 09:09:57
CASE-PO-000214,CASE-PN-000214,2,CASE-PO-000214_2,一次組立,A020,MB000102,MG001,WC000052,167,180,25,205,2026/06/08 14:15:04,2026/06/09 08:40:00,,EQ-A020,9005,高橋 四郎,25,166,99.4,1,0.6,2026/06/08 14:15:04,2026/06/08 16:59:34,,,,,,完了,2026/06/08 16:59:34
CASE-PO-000214,CASE-PN-000214,3,CASE-PO-000214_3,二次組立,A030,MB000102,MG001,WC000053,167,150,20,170,2026/06/08 19:17:13,2026/06/09 11:20:00,,EQ-A030,9005,高橋 四郎,20,163,97.6,1,0.6,2026/06/09 08:30:00,2026/06/09 10:41:18,,,,,,完了,2026/06/09 10:41:18
CASE-PO-000214,CASE-PN-000214,4,CASE-PO-000214_4,完成検査,A040,MB000102,MG001,WC000054,167,60,0,60,2026/06/09 12:05:54,2026/06/09 13:05:54,,EQ-A040,9005,高橋 四郎,0,166,99.4,3,1.8,2026/06/09 12:05:54,2026/06/09 13:14:52,,,,,,完了,2026/06/09 13:14:52
CASE-PO-000215,CASE-PN-000215,1,CASE-PO-000215_1,部品準備,A010,MB000101,MG001,WC000051,120,45,10,55,2026/06/25 08:30:00,2026/06/25 09:25:00,,EQ-A010,9001,山田 太郎,10,117,97.5,1,0.8,2026/06/25 08:30:00,2026/06/25 09:25:15,,,,,,完了,2026/06/25 09:25:15
CASE-PO-000215,CASE-PN-000215,2,CASE-PO-000215_2,一次組立,A020,MB000101,MG001,WC000052,120,180,25,205,2026/06/25 12:47:56,2026/06/25 16:12:56,,EQ-A020,9001,山田 太郎,25,120,100.0,1,0.8,2026/06/25 12:47:56,2026/06/25 16:17:52,,,,,,完了,2026/06/25 16:17:52
CASE-PO-000215,CASE-PN-000215,3,CASE-PO-000215_3,二次組立,A030,MB000101,MG001,WC000053,120,150,20,170,2026/06/25 18:50:46,2026/06/26 11:20:00,,EQ-A030,9001,山田 太郎,20,119,99.2,2,1.7,2026/06/26 08:30:00,2026/06/26 11:07:41,,,,,,完了,2026/06/26 11:07:41
CASE-PO-000215,CASE-PN-000215,4,CASE-PO-000215_4,完成検査,A040,MB000101,MG001,WC000054,120,60,0,60,2026/06/26 16:26:39,2026/06/26 17:26:39,,EQ-A040,9001,山田 太郎,0,119,99.2,1,0.8,2026/06/26 16:26:39,2026/06/26 17:19:25,,,,,,完了,2026/06/26 17:19:25
CASE-PO-000216,CASE-PN-000216,1,CASE-PO-000216_1,部品準備,A010,MB000102,MG001,WC000051,70,45,10,55,2026/05/22 08:30:00,2026/05/22 09:25:00,,EQ-A010,9003,佐藤 次郎,10,68,97.1,1,1.4,2026/05/22 08:30:00,2026/05/22 09:13:36,,,,,,完了,2026/05/22 09:13:36
CASE-PO-000216,CASE-PN-000216,2,CASE-PO-000216_2,一次組立,A020,MB000102,MG001,WC000052,70,180,25,205,2026/05/22 13:05:40,2026/05/22 16:30:40,,EQ-A020,9003,佐藤 次郎,25,68,97.1,1,1.4,2026/05/22 13:05:40,2026/05/22 15:48:21,,,,,,完了,2026/05/22 15:48:21
CASE-PO-000216,CASE-PN-000216,3,CASE-PO-000216_3,二次組立,A030,MB000102,MG001,WC000053,70,150,20,170,2026/05/23 00:04:22,2026/05/25 11:20:00,,EQ-A030,9003,佐藤 次郎,20,69,98.6,0,0.0,2026/05/25 08:30:00,2026/05/25 11:31:09,,,,,,完了,2026/05/25 11:31:09
CASE-PO-000216,CASE-PN-000216,4,CASE-PO-000216_4,完成検査,A040,MB000102,MG001,WC000054,70,60,0,60,2026/05/25 20:24:26,2026/05/26 09:30:00,,EQ-A040,9003,佐藤 次郎,0,68,97.1,1,1.4,2026/05/26 08:30:00,2026/05/26 09:37:27,,,,,,完了,2026/05/26 09:37:27
CASE-PO-000217,CASE-PN-000217,1,CASE-PO-000217_1,部品準備,A010,MB000102,MG001,WC000051,165,45,10,55,2026/06/15 08:30:00,2026/06/15 09:25:00,,EQ-A010,9001,山田 太郎,10,165,100.0,0,0.0,2026/06/15 08:30:00,2026/06/15 09:09:36,,,,,,完了,2026/06/15 09:09:36
CASE-PO-000217,CASE-PN-000217,2,CASE-PO-000217_2,一次組立,A020,MB000102,MG001,WC000052,165,180,25,205,2026/06/15 16:08:02,2026/06/16 10:33:00,,EQ-A020,9001,山田 太郎,25,163,98.8,2,1.2,2026/06/15 16:08:02,2026/06/16 09:57:48,,,,,,完了,2026/06/16 09:57:48
CASE-PO-000217,CASE-PN-000217,3,CASE-PO-000217_3,二次組立,A030,MB000102,MG001,WC000053,165,150,20,170,2026/06/16 12:32:43,2026/06/16 15:22:43,,EQ-A030,9001,山田 太郎,20,165,100.0,0,0.0,2026/06/16 12:32:43,2026/06/16 14:58:28,,,,,,完了,2026/06/16 14:58:28
CASE-PO-000217,CASE-PN-000217,4,CASE-PO-000217_4,完成検査,A040,MB000102,MG001,WC000054,165,60,0,60,2026/06/16 23:56:59,2026/06/17 09:30:00,,EQ-A040,9001,山田 太郎,0,161,97.6,3,1.8,2026/06/17 08:30:00,2026/06/17 09:36:13,,,,,,完了,2026/06/17 09:36:13
CASE-PO-000218,CASE-PN-000218,1,CASE-PO-000218_1,部品準備,A010,MB000102,MG001,WC000051,147,45,10,55,2026/06/23 08:30:00,2026/06/23 09:25:00,,EQ-A010,9003,佐藤 次郎,10,143,97.3,0,0.0,2026/06/23 08:30:00,2026/06/23 09:15:46,,,,,,完了,2026/06/23 09:15:46
CASE-PO-000218,CASE-PN-000218,2,CASE-PO-000218_2,一次組立,A020,MB000102,MG001,WC000052,147,180,25,205,2026/06/23 14:05:52,2026/06/23 17:30:52,,EQ-A020,9003,佐藤 次郎,25,146,99.3,1,0.7,2026/06/23 14:05:52,2026/06/23 17:10:33,,,,,,完了,2026/06/23 17:10:33
CASE-PO-000218,CASE-PN-000218,3,CASE-PO-000218_3,二次組立,A030,MB000102,MG001,WC000053,147,150,20,170,2026/06/23 23:35:51,2026/06/24 11:20:00,,EQ-A030,9003,佐藤 次郎,20,147,100.0,1,0.7,,2026/06/24 10:47:49,,,,,,完了,2026/06/24 10:47:49
CASE-PO-000218,CASE-PN-000218,4,CASE-PO-000218_4,完成検査,A040,MB000102,MG001,WC000054,147,60,0,60,2026/06/24 13:30:13,2026/06/24 14:30:13,,EQ-A040,9003,佐藤 次郎,0,147,100.0,2,1.4,2026/06/24 13:30:13,2026/06/24 14:39:15,,,,,,完了,2026/06/24 14:39:15
CASE-PO-000219,CASE-PN-000219,1,CASE-PO-000219_1,部品準備,A010,MB000101,MG001,WC000051,71,45,10,55,2026/06/22 08:30:00,2026/06/22 09:25:00,,EQ-A010,9003,佐藤 次郎,10,71,100.0,1,1.4,2026/06/22 08:30:00,2026/06/22 09:22:31,,,,,,完了,2026/06/22 09:22:31
CASE-PO-000219,CASE-PN-000219,2,CASE-PO-000219_2,一次組立,A020,MB000101,MG001,WC000052,71,180,25,205,2026/06/22 16:56:25,2026/06/23 11:21:00,,EQ-A020,9003,佐藤 次郎,25,71,100.0,1,1.4,2026/06/22 16:56:25,2026/06/23 10:32:26,,,,,,完了,2026/06/23 10:32:26
CASE-PO-000219,CASE-PN-000219,3,CASE-PO-000219_3,二次組立,A030,MB000101,MG001,WC000053,71,150,20,170,2026/06/23 19:15:14,2026/06/24 11:20:00,,EQ-A030,9003,佐藤 次郎,20,70,98.6,1,1.4,2026/06/24 08:30:00,2026/06/24 10:59:36,,,,,,完了,2026/06/24 10:59:36
CASE-PO-000219,CASE-PN-000219,4,CASE-PO-000219_4,完成検査,A040,MB000101,MG001,WC000054,71,60,0,60,2026/06/24 20:03:50,2026/06/25 09:30:00,,EQ-A040,9003,佐藤 次郎,0,69,97.2,1,1.4,2026/06/25 08:30:00,2026/06/25 09:33:40,,,,,,完了,2026/06/25 09:33:40
CASE-PO-000220,CASE-PN-000220,1,CASE-PO-000220_1,部品準備,A010,MB000101,MG001,WC000051,62,45,10,55,2026/06/05 08:30:00,2026/06/05 09:25:00,,EQ-A010,9004,田中 三郎,10,61,98.4,1,1.6,2026/06/05 08:30:00,2026/06/05 09:13:16,,,,,,完了,2026/06/05 09:13:16
CASE-PO-000220,CASE-PN-000220,2,CASE-PO-000220_2,一次組立,A020,MB000101,MG001,WC000052,62,180,25,205,2026/06/05 16:36:15,2026/06/08 11:01:00,,EQ-A020,9004,田中 三郎,25,61,98.4,0,0.0,2026/06/05 16:36:15,2026/06/08 10:58:43,,,,,,完了,2026/06/08 10:58:43
CASE-PO-000220,CASE-PN-000220,3,CASE-PO-000220_3,二次組立,A030,MB000101,MG001,WC000053,62,150,20,170,2026/06/08 14:08:11,2026/06/08 16:58:11,,EQ-A030,9004,田中 三郎,20,61,98.4,1,1.6,2026/06/08 14:08:11,2026/06/08 16:19:25,,,,,,完了,2026/06/08 16:19:25
CASE-PO-000220,CASE-PN-000220,4,CASE-PO-000220_4,完成検査,A040,MB000101,MG001,WC000054,62,60,0,60,2026/06/09 01:08:30,2026/06/09 09:30:00,,EQ-A040,9004,田中 三郎,,,,,,2026/06/09 08:30:00,,,,,,,生産中,2026/06/09 09:30:00
CASE-PO-000221,CASE-PN-000221,1,CASE-PO-000221_1,部品準備,A010,MB000102,MG001,WC000051,196,45,10,55,2026/06/08 08:30:00,2026/06/08 09:25:00,,EQ-A010,9005,高橋 四郎,10,191,97.4,1,0.5,2026/06/08 08:30:00,2026/06/08 09:17:04,,,,,,完了,2026/06/08 09:17:04
CASE-PO-000221,CASE-PN-000221,2,CASE-PO-000221_2,一次組立,A020,MB000102,MG001,WC000052,196,180,25,205,2026/06/08 15:01:06,2026/06/09 09:26:00,,EQ-A020,9005,高橋 四郎,25,194,99.0,1,0.5,2026/06/08 15:01:06,2026/06/09 09:33:20,,,,,,完了,2026/06/09 09:33:20
CASE-PO-000221,CASE-PN-000221,3,CASE-PO-000221_3,二次組立,A030,MB000102,MG001,WC000053,196,150,20,170,2026/06/09 14:16:52,2026/06/09 17:06:52,,EQ-A030,9005,高橋 四郎,20,194,99.0,1,0.5,2026/06/09 14:16:52,2026/06/09 16:35:48,,,,,,完了,2026/06/09 16:35:48
CASE-PO-000221,CASE-PN-000221,4,CASE-PO-000221_4,完成検査,A040,MB000102,MG001,WC000054,196,60,0,60,2026/06/09 23:37:14,2026/06/10 09:30:00,,EQ-A040,9005,高橋 四郎,0,195,99.5,0,0.0,2026/06/10 08:30:00,2026/06/10 09:27:00,,,,,,完了,2026/06/10 09:27:00
CASE-PO-000222,CASE-PN-000222,1,CASE-PO-000222_1,部品準備,A010,MB000103,MG001,WC000051,87,45,10,55,2026/06/01 08:30:00,2026/06/01 09:25:00,,EQ-A010,9003,佐藤 次郎,10,86,98.9,0,0.0,2026/06/01 08:30:00,2026/06/01 09:25:33,,,,,,完了,2026/06/01 09:25:33
CASE-PO-000222,CASE-PN-000222,2,CASE-PO-000222_2,一次組立,A020,MB000103,MG001,WC000052,87,180,25,205,2026/06/01 15:53:55,2026/06/02 10:18:00,,EQ-A020,9003,佐藤 次郎,25,86,98.9,1,1.1,2026/06/01 15:53:55,2026/06/02 10:18:30,,,,,,完了,2026/06/02 10:18:30
CASE-PO-000222,CASE-PN-000222,3,CASE-PO-000222_3,二次組立,A030,MB000103,MG001,WC000053,87,150,20,170,2026/06/02 17:13:06,2026/06/03 11:03:00,,EQ-A030,9003,佐藤 次郎,20,86,98.9,0,0.0,2026/06/02 17:13:06,2026/06/03 11:07:16,,,,,,完了,2026/06/03 11:07:16
CASE-PO-000222,CASE-PN-000222,4,CASE-PO-000222_4,完成検査,A040,MB000103,MG001,WC000054,87,60,0,60,2026/06/03 19:05:20,2026/06/04 09:30:00,,EQ-A040,9003,佐藤 次郎,0,86,98.9,1,1.1,2026/06/04 08:30:00,2026/06/04 09:43:18,,,,,,完了,2026/06/04 09:43:18
CASE-PO-000223,CASE-PN-000223,1,CASE-PO-000223_1,部品準備,A010,MB000102,MG001,WC000051,97,45,10,55,2026/06/17 08:30:00,2026/06/17 09:25:00,,EQ-A010,9004,田中 三郎,10,94,96.9,1,1.0,2026/06/17 08:30:00,2026/06/17 09:24:10,,,,,,完了,2026/06/17 09:24:10
CASE-PO-000223,CASE-PN-000223,2,CASE-PO-000223_2,一次組立,A020,MB000102,MG001,WC000052,97,180,25,205,2026/06/17 14:49:55,2026/06/18 09:14:00,,EQ-A020,9004,田中 三郎,25,96,99.0,1,1.0,2026/06/17 14:49:55,2026/06/18 08:56:11,,,,,,完了,2026/06/18 08:56:11
CASE-PO-000223,CASE-PN-000223,3,CASE-PO-000223_3,二次組立,A030,MB000102,MG001,WC000053,97,150,20,170,2026/06/18 20:25:58,2026/06/19 11:20:00,,EQ-A030,9004,田中 三郎,20,95,97.9,0,0.0,2026/06/19 08:30:00,2026/06/19 11:29:31,,,,,,完了,2026/06/19 11:29:31
CASE-PO-000223,CASE-PN-000223,4,CASE-PO-000223_4,完成検査,A040,MB000102,MG001,WC000054,97,60,0,60,2026/06/19 15:33:20,2026/06/19 16:33:20,,EQ-A040,9004,田中 三郎,0,94,96.9,1,1.0,2026/06/19 15:33:20,2026/06/19 16:38:11,,,,,,完了,2026/06/19 16:38:11
CASE-PO-000224,CASE-PN-000224,1,CASE-PO-000224_1,部品準備,A010,MB000103,MG001,WC000051,68,45,10,55,2026/05/14 08:30:00,2026/05/14 09:25:00,,EQ-A010,9002,鈴木 花子,10,67,98.5,1,1.5,2026/05/14 08:30:00,2026/05/14 09:10:46,,,,,,完了,2026/05/14 09:10:46
CASE-PO-000224,CASE-PN-000224,2,CASE-PO-000224_2,一次組立,A020,MB000103,MG001,WC000052,68,180,25,205,2026/05/14 16:24:58,2026/05/15 10:49:00,,EQ-A020,9002,鈴木 花子,25,68,100.0,1,1.5,2026/05/14 16:24:58,2026/05/15 10:48:12,,,,,,完了,2026/05/15 10:48:12
CASE-PO-000224,CASE-PN-000224,3,CASE-PO-000224_3,二次組立,A030,MB000103,MG001,WC000053,68,150,20,170,2026/05/15 16:10:30,2026/05/18 10:00:00,,EQ-A030,9002,鈴木 花子,20,67,98.5,1,1.5,2026/05/15 16:10:30,2026/05/18 10:05:04,,,,,,完了,2026/05/18 10:05:04
CASE-PO-000224,CASE-PN-000224,4,CASE-PO-000224_4,完成検査,A040,MB000103,MG001,WC000054,68,60,0,60,2026/05/18 15:55:09,2026/05/18 16:55:09,,EQ-A040,9002,鈴木 花子,0,66,97.1,0,0.0,2026/05/18 15:55:09,2026/05/18 16:53:48,,,,,,完了,2026/05/18 16:53:48
CASE-PO-000225,CASE-PN-000225,1,CASE-PO-000225_1,部品準備,A010,MB000101,MG001,WC000051,100,45,10,55,2026/06/08 08:30:00,2026/06/08 09:25:00,,EQ-A010,9002,鈴木 花子,10,99,99.0,1,1.0,2026/06/08 08:30:00,2026/06/08 09:25:33,,,,,,完了,2026/06/08 09:25:33
CASE-PO-000225,CASE-PN-000225,2,CASE-PO-000225_2,一次組立,A020,MB000101,MG001,WC000052,100,180,25,205,2026/06/08 12:44:43,2026/06/08 16:09:43,,EQ-A020,9002,鈴木 花子,25,100,100.0,1,1.0,2026/06/08 12:44:43,2026/06/08 16:18:51,,,,,,完了,2026/06/08 16:18:51
CASE-PO-000225,CASE-PN-000225,3,CASE-PO-000225_3,二次組立,A030,MB000101,MG001,WC000053,100,150,20,170,2026/06/08 18:19:25,2026/06/09 11:20:00,,EQ-A030,9002,鈴木 花子,20,98,98.0,1,1.0,2026/06/09 08:30:00,2026/06/09 11:21:15,,,,,,完了,2026/06/09 11:21:15
CASE-PO-000225,CASE-PN-000225,4,CASE-PO-000225_4,完成検査,A040,MB000101,MG001,WC000054,100,60,0,60,2026/06/09 20:47:43,2026/06/10 09:30:00,,EQ-A040,9002,鈴木 花子,0,98,98.0,0,0.0,2026/06/10 08:30:00,2026/06/10 09:34:31,,,,,,完了,2026/06/10 09:34:31
CASE-PO-000226,CASE-PN-000226,1,CASE-PO-000226_1,部品準備,A010,MB000103,MG001,WC000051,82,45,10,55,2026/05/13 08:30:00,2026/05/13 09:25:00,,EQ-A010,9001,山田 太郎,10,80,97.6,2,2.4,2026/05/13 08:30:00,2026/05/13 09:14:13,,,,,,完了,2026/05/13 09:14:13
CASE-PO-000226,CASE-PN-000226,2,CASE-PO-000226_2,一次組立,A020,MB000103,MG001,WC000052,82,180,25,205,2026/05/13 13:58:19,2026/05/13 17:23:19,,EQ-A020,9001,山田 太郎,25,82,100.0,0,0.0,2026/05/13 13:58:19,2026/05/13 16:39:31,,,,,,完了,2026/05/13 16:39:31
CASE-PO-000226,CASE-PN-000226,3,CASE-PO-000226_3,二次組立,A030,MB000103,MG001,WC000053,82,150,20,170,2026/05/14 03:57:05,2026/05/14 11:20:00,,EQ-A030,9001,山田 太郎,20,80,97.6,1,1.2,2026/05/14 08:30:00,2026/05/14 11:05:09,,,,,,完了,2026/05/14 11:05:09
CASE-PO-000226,CASE-PN-000226,4,CASE-PO-000226_4,完成検査,A040,MB000103,MG001,WC000054,82,60,0,60,2026/05/14 15:33:53,2026/05/14 16:33:53,,EQ-A040,9001,山田 太郎,0,80,97.6,0,0.0,2026/05/14 15:33:53,2026/05/14 16:41:32,,,,,,完了,2026/05/14 16:41:32
CASE-PO-000227,CASE-PN-000227,1,CASE-PO-000227_1,部品準備,A010,MB000102,MG001,WC000051,185,45,10,55,2026/06/24 08:30:00,2026/06/24 09:25:00,,EQ-A010,9001,山田 太郎,10,180,97.3,0,0.0,2026/06/24 08:30:00,2026/06/24 09:22:40,,,,,,完了,2026/06/24 09:22:40
CASE-PO-000227,CASE-PN-000227,2,CASE-PO-000227_2,一次組立,A020,MB000102,MG001,WC000052,185,180,25,205,2026/06/24 14:15:17,2026/06/25 08:40:00,,EQ-A020,9001,山田 太郎,25,183,98.9,3,1.6,2026/06/24 14:15:17,2026/06/24 17:07:03,,,,,,完了,2026/06/24 17:07:03
CASE-PO-000227,CASE-PN-000227,3,CASE-PO-000227_3,二次組立,A030,MB000102,MG001,WC000053,185,150,20,170,2026/06/25 04:51:49,2026/06/25 11:20:00,,EQ-A030,9001,山田 太郎,20,180,97.3,2,1.1,2026/06/25 08:30:00,2026/06/25 10:57:17,,,,,,完了,2026/06/25 10:57:17
CASE-PO-000227,CASE-PN-000227,4,CASE-PO-000227_4,完成検査,A040,MB000102,MG001,WC000054,185,60,0,60,2026/06/25 20:28:32,2026/06/26 09:30:00,,EQ-A040,9001,山田 太郎,0,182,98.4,2,1.1,2026/06/26 08:30:00,2026/06/26 09:29:59,,,,,,完了,2026/06/26 09:29:59
CASE-PO-000228,CASE-PN-000228,1,CASE-PO-000228_1,部品準備,A010,MB000103,MG001,WC000051,31,45,10,55,2026/07/01 08:30:00,2026/07/01 09:25:00,,EQ-A010,9004,田中 三郎,10,30,96.8,1,3.2,2026/07/01 08:30:00,2026/07/01 09:19:27,,,,,,完了,2026/07/01 09:19:27
CASE-PO-000228,CASE-PN-000228,2,CASE-PO-000228_2,一次組立,A020,MB000103,MG001,WC000052,31,180,25,205,2026/07/01 10:25:53,2026/07/01 13:50:53,,EQ-A020,9004,田中 三郎,25,31,100.0,0,0.0,2026/07/01 10:25:53,2026/07/01 12:59:16,,,,,,完了,2026/07/01 12:59:16
CASE-PO-000228,CASE-PN-000228,3,CASE-PO-000228_3,二次組立,A030,MB000103,MG001,WC000053,31,150,20,170,2026/07/01 22:49:04,2026/07/02 11:20:00,,EQ-A030,9004,田中 三郎,20,30,96.8,0,0.0,2026/07/02 08:30:00,2026/07/02 10:43:26,,,,,,完了,2026/07/02 10:43:26
CASE-PO-000228,CASE-PN-000228,4,CASE-PO-000228_4,完成検査,A040,MB000103,MG001,WC000054,31,60,0,60,2026/07/02 12:51:44,2026/07/02 13:51:44,,EQ-A040,9004,田中 三郎,0,31,100.0,0,0.0,2026/07/02 12:51:44,2026/07/02 13:45:24,,,,,,完了,2026/07/02 13:45:24
CASE-PO-000229,CASE-PN-000229,1,CASE-PO-000229_1,部品準備,A010,MB000102,MG001,WC000051,155,45,10,55,2026/06/29 08:30:00,2026/06/29 09:25:00,,EQ-A010,9005,高橋 四郎,10,151,97.4,0,0.0,2026/06/29 08:30:00,2026/06/29 09:15:34,,,,,,完了,2026/06/29 09:15:34
CASE-PO-000229,CASE-PN-000229,2,CASE-PO-000229_2,一次組立,A020,MB000102,MG001,WC000052,155,180,25,205,2026/06/29 14:14:42,2026/06/30 08:39:00,,EQ-A020,9005,高橋 四郎,25,155,100.0,3,1.9,2026/06/29 14:14:42,2026/06/29 17:22:25,,,,,,完了,2026/06/29 17:22:25
CASE-PO-000229,CASE-PN-000229,3,CASE-PO-000229_3,二次組立,A030,MB000102,MG001,WC000053,155,150,20,170,2026/06/30 05:03:29,2026/06/30 11:20:00,,EQ-A030,9005,高橋 四郎,20,155,100.0,3,1.9,2026/06/30 08:30:00,2026/06/30 11:27:22,,,,,,完了,2026/06/30 11:27:22
CASE-PO-000229,CASE-PN-000229,4,CASE-PO-000229_4,完成検査,A040,MB000102,MG001,WC000054,155,60,0,60,2026/06/30 17:16:30,2026/07/01 09:16:00,,EQ-A040,9005,高橋 四郎,0,155,100.0,1,0.6,2026/06/30 17:16:30,2026/07/01 09:18:18,,,,,,完了,2026/07/01 09:18:18
CASE-PO-000230,CASE-PN-000230,1,CASE-PO-000230_1,部品準備,A010,MB000103,MG001,WC000051,41,45,10,55,2026/06/15 08:30:00,2026/06/15 09:25:00,,EQ-A010,9001,山田 太郎,10,41,100.0,1,2.4,2026/06/15 08:30:00,2026/06/15 09:15:28,,,,,,完了,2026/06/15 09:15:28
CASE-PO-000230,CASE-PN-000230,2,CASE-PO-000230_2,一次組立,A020,MB000103,MG001,WC000052,41,180,25,205,2026/06/15 11:56:10,2026/06/15 15:21:10,,EQ-A020,9001,山田 太郎,25,41,100.0,0,0.0,2026/06/15 11:56:10,2026/06/15 15:14:26,,,,,,完了,2026/06/15 15:14:26
CASE-PO-000230,CASE-PN-000230,3,CASE-PO-000230_3,二次組立,A030,MB000103,MG001,WC000053,41,150,20,170,2026/06/15 20:58:04,2026/06/16 11:20:00,,EQ-A030,9001,山田 太郎,20,40,97.6,1,2.4,2026/06/16 08:30:00,2026/06/16 10:39:09,,,,,,完了,2026/06/16 10:39:09
CASE-PO-000230,CASE-PN-000230,4,CASE-PO-000230_4,完成検査,A040,MB000103,MG001,WC000054,41,60,0,60,2026/06/16 11:53:05,2026/06/16 12:53:05,,EQ-A040,9001,山田 太郎,0,40,97.6,0,0.0,2026/06/16 11:53:05,2026/06/16 13:00:56,,,,,,完了,2026/06/16 13:00:56
CASE-PO-000231,CASE-PN-000231,1,CASE-PO-000231_1,部品準備,A010,MB000102,MG001,WC000051,160,45,10,55,2026/07/02 08:30:00,2026/07/02 09:25:00,,EQ-A010,9003,佐藤 次郎,10,158,98.8,1,0.6,2026/07/02 08:30:00,2026/07/02 09:21:30,,,,,,完了,2026/07/02 09:21:30
CASE-PO-000231,CASE-PN-000231,2,CASE-PO-000231_2,一次組立,A020,MB000102,MG001,WC000052,160,180,25,205,2026/07/02 11:32:05,2026/07/02 14:57:05,,EQ-A020,9003,佐藤 次郎,25,156,97.5,0,0.0,2026/07/02 11:32:05,2026/07/02 14:06:55,,,,,,完了,2026/07/02 14:06:55
CASE-PO-000231,CASE-PN-000231,3,CASE-PO-000231_3,二次組立,A030,MB000102,MG001,WC000053,160,150,20,170,2026/07/02 17:36:51,2026/07/03 11:20:00,,EQ-A030,9003,佐藤 次郎,20,158,98.8,3,1.9,2026/07/03 08:30:00,2026/07/03 10:53:54,,,,,,完了,2026/07/03 10:53:54
CASE-PO-000231,CASE-PN-000231,4,CASE-PO-000231_4,完成検査,A040,MB000102,MG001,WC000054,160,60,0,60,2026/07/03 15:19:13,2026/07/03 16:19:13,,EQ-A040,9003,佐藤 次郎,0,157,98.1,2,1.3,2026/07/03 15:19:13,2026/07/03 16:29:23,,,,,,完了,2026/07/03 16:29:23
CASE-PO-000232,CASE-PN-000232,1,CASE-PO-000232_1,部品準備,A010,MB000101,MG001,WC000051,96,45,10,55,2026/05/27 08:30:00,2026/05/27 09:25:00,,EQ-A010,9002,鈴木 花子,10,95,99.0,2,2.1,2026/05/27 08:30:00,2026/05/27 09:21:35,,,,,,完了,2026/05/27 09:21:35
CASE-PO-000232,CASE-PN-000232,2,CASE-PO-000232_2,一次組立,A020,MB000101,MG001,WC000052,96,180,25,205,2026/05/27 13:57:11,2026/05/27 17:22:11,,EQ-A020,9002,鈴木 花子,25,95,99.0,0,0.0,2026/05/27 13:57:11,2026/05/28 08:37:22,,,,,,完了,2026/05/28 08:37:22
CASE-PO-000232,CASE-PN-000232,3,CASE-PO-000232_3,二次組立,A030,MB000101,MG001,WC000053,96,150,20,170,2026/05/28 11:24:42,2026/05/28 14:14:42,,EQ-A030,9002,鈴木 花子,20,95,99.0,0,0.0,2026/05/28 11:24:42,2026/05/28 13:59:36,,,,,,完了,2026/05/28 13:59:36
CASE-PO-000232,CASE-PN-000232,4,CASE-PO-000232_4,完成検査,A040,MB000101,MG001,WC000054,96,60,0,60,2026/05/28 20:28:00,2026/05/29 09:30:00,,EQ-A040,9002,鈴木 花子,0,93,96.9,1,1.0,2026/05/29 08:30:00,2026/05/29 09:34:45,,,,,,完了,2026/05/29 09:34:45
CASE-PO-000233,CASE-PN-000233,1,CASE-PO-000233_1,部品準備,A010,MB000102,MG001,WC000051,123,45,10,55,2026/06/05 08:30:00,2026/06/05 09:25:00,,EQ-A010,9003,佐藤 次郎,10,121,98.4,2,1.6,2026/06/05 08:30:00,2026/06/05 09:10:18,,,,,,完了,2026/06/05 09:10:18
CASE-PO-000233,CASE-PN-000233,2,CASE-PO-000233_2,一次組立,A020,MB000102,MG001,WC000052,123,180,25,205,2026/06/05 12:03:34,2026/06/05 15:28:34,,EQ-A020,9003,佐藤 次郎,25,121,98.4,1,0.8,2026/06/05 12:03:34,2026/06/05 15:24:25,,,,,,完了,2026/06/05 15:24:25
CASE-PO-000233,CASE-PN-000233,3,CASE-PO-000233_3,二次組立,A030,MB000102,MG001,WC000053,123,150,20,170,2026/06/06 01:30:27,2026/06/08 11:20:00,,EQ-A030,9003,佐藤 次郎,20,121,98.4,1,0.8,2026/06/08 08:30:00,2026/06/08 11:09:40,,,,,,完了,2026/06/08 11:09:40
CASE-PO-000233,CASE-PN-000233,4,CASE-PO-000233_4,完成検査,A040,MB000102,MG001,WC000054,123,60,0,60,2026/06/08 14:44:51,2026/06/08 15:44:51,,EQ-A040,9003,佐藤 次郎,0,121,98.4,0,0.0,2026/06/08 14:44:51,2026/06/08 15:52:21,,,,,,完了,2026/06/08 15:52:21
CASE-PO-000234,CASE-PN-000234,1,CASE-PO-000234_1,部品準備,A010,MB000101,MG001,WC000051,71,45,10,55,2026/06/19 08:30:00,2026/06/19 09:25:00,,EQ-A010,9003,佐藤 次郎,10,69,97.2,0,0.0,2026/06/19 08:30:00,2026/06/19 09:26:02,,,,,,完了,2026/06/19 09:26:02
CASE-PO-000234,CASE-PN-000234,2,CASE-PO-000234_2,一次組立,A020,MB000101,MG001,WC000052,71,180,25,205,2026/06/19 12:22:08,2026/06/19 15:47:08,,EQ-A020,9003,佐藤 次郎,25,70,98.6,1,1.4,2026/06/19 12:22:08,2026/06/19 15:10:14,,,,,,完了,2026/06/19 15:10:14
CASE-PO-000234,CASE-PN-000234,3,CASE-PO-000234_3,二次組立,A030,MB000101,MG001,WC000053,71,150,20,170,2026/06/19 23:48:47,2026/06/22 11:20:00,,EQ-A030,9003,佐藤 次郎,20,71,100.0,1,1.4,2026/06/22 08:30:00,2026/06/22 11:11:12,,,,,,完了,2026/06/22 11:11:12
CASE-PO-000234,CASE-PN-000234,4,CASE-PO-000234_4,完成検査,A040,MB000101,MG001,WC000054,71,60,0,60,2026/06/22 13:37:21,2026/06/22 14:37:21,,EQ-A040,9003,佐藤 次郎,0,70,98.6,1,1.4,2026/06/22 13:37:21,2026/06/22 14:49:31,,,,,,完了,2026/06/22 14:49:31
CASE-PO-000235,CASE-PN-000235,1,CASE-PO-000235_1,部品準備,A010,MB000101,MG001,WC000051,70,45,10,55,2026/05/18 08:30:00,2026/05/18 09:25:00,,EQ-A010,9001,山田 太郎,10,68,97.1,0,0.0,2026/05/18 08:30:00,2026/05/18 09:14:10,,,,,,完了,2026/05/18 09:14:10
CASE-PO-000235,CASE-PN-000235,2,CASE-PO-000235_2,一次組立,A020,MB000101,MG001,WC000052,70,180,25,205,2026/05/18 15:49:48,2026/05/19 10:14:00,,EQ-A020,9001,山田 太郎,25,68,97.1,0,0.0,2026/05/18 15:49:48,2026/05/19 09:56:50,,,,,,完了,2026/05/19 09:56:50
CASE-PO-000235,CASE-PN-000235,3,CASE-PO-000235_3,二次組立,A030,MB000101,MG001,WC000053,70,150,20,170,2026/05/19 20:39:47,2026/05/20 11:20:00,,EQ-A030,9001,山田 太郎,20,69,98.6,1,1.4,2026/05/20 08:30:00,2026/05/20 10:43:11,,,,,,完了,2026/05/20 10:43:11
CASE-PO-000235,CASE-PN-000235,4,CASE-PO-000235_4,完成検査,A040,MB000101,MG001,WC000054,70,60,0,60,2026/05/20 20:24:22,2026/05/21 09:30:00,,EQ-A040,9001,山田 太郎,0,68,97.1,0,0.0,2026/05/21 08:30:00,2026/05/21 09:22:52,,,,,,完了,2026/05/21 09:22:52
CASE-PO-000236,CASE-PN-000236,1,CASE-PO-000236_1,部品準備,A010,MB000103,MG001,WC000051,57,45,10,55,2026/05/25 08:30:00,2026/05/25 09:25:00,,EQ-A010,9002,鈴木 花子,10,55,96.5,1,1.8,2026/05/25 08:30:00,2026/05/25 09:11:26,,,,,,完了,2026/05/25 09:11:26
CASE-PO-000236,CASE-PN-000236,2,CASE-PO-000236_2,一次組立,A020,MB000103,MG001,WC000052,57,180,25,205,2026/05/25 10:59:01,2026/05/25 14:24:01,,EQ-A020,9002,鈴木 花子,25,56,98.2,0,0.0,2026/05/25 10:59:01,2026/05/25 13:48:33,,,,,,完了,2026/05/25 13:48:33
CASE-PO-000236,CASE-PN-000236,3,CASE-PO-000236_3,二次組立,A030,MB000103,MG001,WC000053,57,150,20,170,2026/05/25 18:38:57,2026/05/26 11:20:00,,EQ-A030,9002,鈴木 花子,20,56,98.2,0,0.0,2026/05/26 08:30:00,2026/05/26 11:02:54,,,,,,完了,2026/05/26 11:02:54
CASE-PO-000236,CASE-PN-000236,4,CASE-PO-000236_4,完成検査,A040,MB000103,MG001,WC000054,57,60,0,60,2026/05/26 19:40:46,2026/05/27 09:30:00,,EQ-A040,9002,鈴木 花子,0,57,100.0,1,1.8,2026/05/27 08:30:00,2026/05/27 09:25:48,,,,,,完了,2026/05/27 09:25:48
CASE-PO-000237,CASE-PN-000237,1,CASE-PO-000237_1,部品準備,A010,MB000102,MG001,WC000051,185,45,10,55,2026/06/24 08:30:00,2026/06/24 09:25:00,,EQ-A010,9005,高橋 四郎,10,183,98.9,3,1.6,2026/06/24 08:30:00,2026/06/24 09:11:50,,,,,,完了,2026/06/24 09:11:50
CASE-PO-000237,CASE-PN-000237,2,CASE-PO-000237_2,一次組立,A020,MB000102,MG001,WC000052,185,180,25,205,2026/06/24 16:57:17,2026/06/25 11:22:00,,EQ-A020,9005,高橋 四郎,25,184,99.5,0,0.0,2026/06/24 16:57:17,2026/06/25 10:36:41,,,,,,完了,2026/06/25 10:36:41
CASE-PO-000237,CASE-PN-000237,3,CASE-PO-000237_3,二次組立,A030,MB000102,MG001,WC000053,185,150,20,170,2026/06/25 15:23:13,2026/06/26 09:13:00,,EQ-A030,9005,高橋 四郎,20,182,98.4,3,1.6,2026/06/25 15:23:13,2026/06/26 08:44:34,,,,,,完了,2026/06/26 08:44:34
CASE-PO-000237,CASE-PN-000237,4,CASE-PO-000237_4,完成検査,A040,MB000102,MG001,WC000054,185,60,0,60,2026/06/26 18:28:36,2026/06/29 09:30:00,,EQ-A040,9005,高橋 四郎,0,184,99.5,1,0.5,2026/06/29 08:30:00,2026/06/29 09:25:52,,,,,,完了,2026/06/29 09:25:52
CASE-PO-000238,CASE-PN-000238,1,CASE-PO-000238_1,部品準備,A010,MB000102,MG001,WC000051,183,45,10,55,2026/06/30 08:30:00,2026/06/30 09:25:00,,EQ-A010,9005,高橋 四郎,10,182,99.5,0,0.0,2026/06/30 08:30:00,2026/06/30 09:25:50,,,,,,完了,2026/06/30 09:25:50
CASE-PO-000238,CASE-PN-000238,2,CASE-PO-000238_2,一次組立,A020,MB000102,MG001,WC000052,183,180,25,205,2026/06/30 17:20:27,2026/07/01 11:45:00,,EQ-A020,9005,高橋 四郎,25,178,97.3,2,1.1,2026/06/30 17:20:27,2026/07/01 11:44:48,,,,,,完了,2026/07/01 11:44:48
CASE-PO-000238,CASE-PN-000238,3,CASE-PO-000238_3,二次組立,A030,MB000102,MG001,WC000053,183,150,20,170,2026/07/01 22:23:43,2026/07/02 11:20:00,,EQ-A030,9005,高橋 四郎,20,181,98.9,3,1.6,2026/07/02 08:30:00,2026/07/02 11:32:08,,,,,,完了,2026/07/02 11:32:08
CASE-PO-000238,CASE-PN-000238,4,CASE-PO-000238_4,完成検査,A040,MB000102,MG001,WC000054,183,60,0,60,2026/07/02 18:18:43,2026/07/03 09:30:00,,EQ-A040,9005,高橋 四郎,0,178,97.3,3,1.6,2026/07/03 08:30:00,2026/07/03 09:37:53,,,,,,完了,2026/07/03 09:37:53
CASE-PO-000239,CASE-PN-000239,1,CASE-PO-000239_1,部品準備,A010,MB000102,MG001,WC000051,121,45,10,55,2026/05/18 08:30:00,2026/05/18 09:25:00,,EQ-A010,9004,田中 三郎,10,120,99.2,0,0.0,2026/05/18 08:30:00,2026/05/18 09:08:34,,,,,,完了,2026/05/18 09:08:34
CASE-PO-000239,CASE-PN-000239,2,CASE-PO-000239_2,一次組立,A020,MB000102,MG001,WC000052,121,180,25,205,2026/05/18 12:32:05,2026/05/18 15:57:05,,EQ-A020,9004,田中 三郎,25,118,97.5,1,0.8,2026/05/18 12:32:05,2026/05/18 15:47:07,,,,,,完了,2026/05/18 15:47:07
CASE-PO-000239,CASE-PN-000239,3,CASE-PO-000239_3,二次組立,A030,MB000102,MG001,WC000053,121,150,20,170,2026/05/18 22:51:19,2026/05/19 11:20:00,,EQ-A030,9004,田中 三郎,20,120,99.2,0,0.0,2026/05/19 08:30:00,2026/05/19 11:37:21,,,,,,完了,2026/05/19 11:37:21
CASE-PO-000239,CASE-PN-000239,4,CASE-PO-000239_4,完成検査,A040,MB000102,MG001,WC000054,121,60,0,60,2026/05/19 20:32:56,2026/05/20 09:30:00,,EQ-A040,9004,田中 三郎,0,121,100.0,2,1.7,2026/05/20 08:30:00,2026/05/20 09:29:26,,,,,,完了,2026/05/20 09:29:26
CASE-PO-000240,CASE-PN-000240,1,CASE-PO-000240_1,部品準備,A010,MB000102,MG001,WC000051,84,45,10,55,2026/05/07 08:30:00,2026/05/07 09:25:00,,EQ-A010,9005,高橋 四郎,10,83,98.8,2,2.4,2026/05/07 08:30:00,2026/05/07 09:09:27,,,,,,完了,2026/05/07 09:09:27
CASE-PO-000240,CASE-PN-000240,2,CASE-PO-000240_2,一次組立,A020,MB000102,MG001,WC000052,84,180,25,205,2026/05/07 11:08:56,2026/05/07 14:33:56,,EQ-A020,9005,高橋 四郎,25,82,97.6,1,1.2,2026/05/07 11:08:56,2026/05/07 13:58:28,,,,,,完了,2026/05/07 13:58:28
CASE-PO-000240,CASE-PN-000240,3,CASE-PO-000240_3,二次組立,A030,MB000102,MG001,WC000053,84,150,20,170,2026/05/07 21:23:59,2026/05/08 11:20:00,,EQ-A030,9005,高橋 四郎,20,83,98.8,0,0.0,2026/05/08 08:30:00,2026/05/08 10:44:50,,,,,,完了,2026/05/08 10:44:50
CASE-PO-000240,CASE-PN-000240,4,CASE-PO-000240_4,完成検査,A040,MB000102,MG001,WC000054,84,60,0,60,2026/05/08 12:37:10,2026/05/08 13:37:10,,EQ-A040,9005,高橋 四郎,0,84,100.0,1,1.2,2026/05/08 12:37:10,2026/05/08 13:41:07,,,,,,完了,2026/05/08 13:41:07
CASE-PO-000241,CASE-PN-000241,1,CASE-PO-000241_1,部品準備,A010,MB000102,MG001,WC000051,81,45,10,55,2026/06/23 08:30:00,2026/06/23 09:25:00,,EQ-A010,9003,佐藤 次郎,10,81,100.0,1,1.2,2026/06/23 08:30:00,2026/06/23 09:21:25,,,,,,完了,2026/06/23 09:21:25
CASE-PO-000241,CASE-PN-000241,2,CASE-PO-000241_2,一次組立,A020,MB000102,MG001,WC000052,81,180,25,205,2026/06/23 16:11:17,2026/06/24 10:36:00,,EQ-A020,9003,佐藤 次郎,25,81,100.0,0,0.0,2026/06/23 16:11:17,2026/06/24 10:39:59,,,,,,完了,2026/06/24 10:39:59
CASE-PO-000241,CASE-PN-000241,3,CASE-PO-000241_3,二次組立,A030,MB000102,MG001,WC000053,81,150,20,170,2026/06/24 18:17:36,2026/06/25 11:20:00,,EQ-A030,9003,佐藤 次郎,20,80,98.8,1,1.2,2026/06/25 08:30:00,2026/06/25 11:25:54,,,,,,完了,2026/06/25 11:25:54
CASE-PO-000241,CASE-PN-000241,4,CASE-PO-000241_4,完成検査,A040,MB000102,MG001,WC000054,81,60,0,60,2026/06/25 16:26:21,2026/06/25 17:26:21,,EQ-A040,9003,佐藤 次郎,0,79,97.5,1,1.2,2026/06/25 16:26:21,2026/06/25 17:22:31,,,,,,完了,2026/06/25 17:22:31
CASE-PO-000242,CASE-PN-000242,1,CASE-PO-000242_1,部品準備,A010,MB000103,MG001,WC000051,40,45,10,55,2026/06/22 08:30:00,2026/06/22 09:25:00,,EQ-A010,9002,鈴木 花子,10,39,97.5,0,0.0,2026/06/22 08:30:00,2026/06/22 09:17:49,,,,,,完了,2026/06/22 09:17:49
CASE-PO-000242,CASE-PN-000242,2,CASE-PO-000242_2,一次組立,A020,MB000103,MG001,WC000052,40,180,25,205,2026/06/22 10:18:41,2026/06/22 13:43:41,,EQ-A020,9002,鈴木 花子,25,40,100.0,0,0.0,2026/06/22 10:18:41,2026/06/22 13:05:58,,,,,,完了,2026/06/22 13:05:58
CASE-PO-000242,CASE-PN-000242,3,CASE-PO-000242_3,二次組立,A030,MB000103,MG001,WC000053,40,150,20,170,2026/06/23 00:37:56,2026/06/23 11:20:00,,EQ-A030,9002,鈴木 花子,20,40,100.0,0,0.0,2026/06/23 08:30:00,2026/06/23 11:07:14,,,,,,完了,2026/06/23 11:07:14
CASE-PO-000242,CASE-PN-000242,4,CASE-PO-000242_4,完成検査,A040,MB000103,MG001,WC000054,40,60,0,60,2026/06/23 14:11:49,2026/06/23 15:11:49,,EQ-A040,9002,鈴木 花子,0,40,100.0,0,0.0,2026/06/23 14:11:49,2026/06/23 15:25:08,,,,,,完了,2026/06/23 15:25:08
CASE-PO-000243,CASE-PN-000243,1,CASE-PO-000243_1,部品準備,A010,MB000101,MG001,WC000051,65,45,10,55,2026/05/28 08:30:00,2026/05/28 09:25:00,,EQ-A010,9004,田中 三郎,10,64,98.5,1,1.5,2026/05/28 08:30:00,2026/05/28 09:18:46,,,,,,完了,2026/05/28 09:18:46
CASE-PO-000243,CASE-PN-000243,2,CASE-PO-000243_2,一次組立,A020,MB000101,MG001,WC000052,65,180,25,205,2026/05/28 10:54:12,2026/05/28 14:19:12,,EQ-A020,9004,田中 三郎,25,63,96.9,1,1.5,2026/05/28 10:54:12,2026/05/28 13:30:59,,,,,,完了,2026/05/28 13:30:59
CASE-PO-000243,CASE-PN-000243,3,CASE-PO-000243_3,二次組立,A030,MB000101,MG001,WC000053,65,150,20,170,2026/05/28 18:17:06,2026/05/29 11:20:00,,EQ-A030,9004,田中 三郎,20,63,96.9,0,0.0,2026/05/29 08:30:00,2026/05/29 11:26:26,,,,,,完了,2026/05/29 11:26:26
CASE-PO-000243,CASE-PN-000243,4,CASE-PO-000243_4,完成検査,A040,MB000101,MG001,WC000054,65,60,0,60,2026/05/29 20:31:50,2026/06/01 09:30:00,,EQ-A040,9004,田中 三郎,0,64,98.5,0,0.0,2026/06/01 08:30:00,2026/06/01 09:25:57,,,,,,完了,2026/06/01 09:25:57
CASE-PO-000244,CASE-PN-000244,1,CASE-PO-000244_1,部品準備,A010,MB000101,MG001,WC000051,68,45,10,55,2026/06/01 08:30:00,2026/06/01 09:25:00,,EQ-A010,9001,山田 太郎,10,67,98.5,1,1.5,2026/06/01 08:30:00,2026/06/01 09:12:01,,,,,,完了,2026/06/01 09:12:01
CASE-PO-000244,CASE-PN-000244,2,CASE-PO-000244_2,一次組立,A020,MB000101,MG001,WC000052,68,180,25,205,2026/06/01 14:31:37,2026/06/02 08:56:00,,EQ-A020,9001,山田 太郎,25,66,97.1,1,1.5,2026/06/01 14:31:37,2026/06/02 08:42:29,,,,,,完了,2026/06/02 08:42:29
CASE-PO-000244,CASE-PN-000244,3,CASE-PO-000244_3,二次組立,A030,MB000101,MG001,WC000053,68,150,20,170,2026/06/02 17:34:11,2026/06/03 11:20:00,,EQ-A030,9001,山田 太郎,20,67,98.5,1,1.5,2026/06/03 08:30:00,2026/06/03 10:50:04,,,,,,完了,2026/06/03 10:50:04
CASE-PO-000244,CASE-PN-000244,4,CASE-PO-000244_4,完成検査,A040,MB000101,MG001,WC000054,68,60,0,60,2026/06/03 15:36:13,2026/06/03 16:36:13,,EQ-A040,9001,山田 太郎,0,67,98.5,1,1.5,2026/06/03 15:36:13,2026/06/03 16:37:02,,,,,,完了,2026/06/03 16:37:02
CASE-PO-000245,CASE-PN-000245,1,CASE-PO-000245_1,部品準備,A010,MB000102,MG001,WC000051,149,45,10,55,2026/05/11 08:30:00,2026/05/11 09:25:00,,EQ-A010,9001,山田 太郎,10,145,97.3,2,1.3,2026/05/11 08:30:00,2026/05/11 09:22:04,,,,,,完了,2026/05/11 09:22:04
CASE-PO-000245,CASE-PN-000245,2,CASE-PO-000245_2,一次組立,A020,MB000102,MG001,WC000052,149,180,25,205,2026/05/11 13:14:19,2026/05/11 16:39:19,,EQ-A020,9001,山田 太郎,25,146,98.0,1,0.7,2026/05/11 13:14:19,2026/05/11 16:34:41,,,,,,完了,2026/05/11 16:34:41
CASE-PO-000245,CASE-PN-000245,3,CASE-PO-000245_3,二次組立,A030,MB000102,MG001,WC000053,149,150,20,170,2026/05/11 23:06:03,2026/05/12 11:20:00,,EQ-A030,9001,山田 太郎,20,146,98.0,2,1.3,2026/05/12 08:30:00,2026/05/12 10:58:16,,,,,,完了,2026/05/12 10:58:16
CASE-PO-000245,CASE-PN-000245,4,CASE-PO-000245_4,完成検査,A040,MB000102,MG001,WC000054,149,60,0,60,2026/05/12 19:14:42,2026/05/13 09:30:00,,EQ-A040,9001,山田 太郎,0,148,99.3,2,1.3,2026/05/13 08:30:00,2026/05/13 09:28:45,,,,,,完了,2026/05/13 09:28:45
CASE-PO-000246,CASE-PN-000246,1,CASE-PO-000246_1,部品準備,A010,MB000103,MG001,WC000051,34,45,10,55,2026/05/28 08:30:00,2026/05/28 09:25:00,,EQ-A010,9005,高橋 四郎,10,33,97.1,0,0.0,2026/05/28 08:30:00,2026/05/28 09:14:20,,,,,,完了,2026/05/28 09:14:20
CASE-PO-000246,CASE-PN-000246,2,CASE-PO-000246_2,一次組立,A020,MB000103,MG001,WC000052,34,180,25,205,2026/05/28 13:16:39,2026/05/28 16:41:39,,EQ-A020,9005,高橋 四郎,25,33,97.1,0,0.0,2026/05/28 13:16:39,2026/05/28 16:02:47,,,,,,完了,2026/05/28 16:02:47
CASE-PO-000246,CASE-PN-000246,3,CASE-PO-000246_3,二次組立,A030,MB000103,MG001,WC000053,34,150,20,170,2026/05/28 21:06:53,2026/05/29 11:20:00,,EQ-A030,9005,高橋 四郎,20,34,100.0,1,2.9,2026/05/29 08:30:00,2026/05/29 10:47:48,,,,,,完了,2026/05/29 10:47:48
CASE-PO-000246,CASE-PN-000246,4,CASE-PO-000246_4,完成検査,A040,MB000103,MG001,WC000054,34,60,0,60,2026/05/29 14:49:37,2026/05/29 15:49:37,,EQ-A040,9005,高橋 四郎,0,34,100.0,0,0.0,2026/05/29 14:49:37,2026/05/29 16:00:35,,,,,,完了,2026/05/29 16:00:35
CASE-PO-000247,CASE-PN-000247,1,CASE-PO-000247_1,部品準備,A010,MB000103,MG001,WC000051,67,45,10,55,2026/06/15 08:30:00,2026/06/15 09:25:00,,EQ-A010,9002,鈴木 花子,10,66,98.5,0,0.0,2026/06/15 08:30:00,2026/06/15 09:15:41,,,,,,完了,2026/06/15 09:15:41
CASE-PO-000247,CASE-PN-000247,2,CASE-PO-000247_2,一次組立,A020,MB000103,MG001,WC000052,67,180,25,205,2026/06/15 16:40:33,2026/06/16 11:05:00,,EQ-A020,9002,鈴木 花子,25,66,98.5,0,0.0,2026/06/15 16:40:33,2026/06/16 10:28:44,,,,,,完了,2026/06/16 10:28:44
CASE-PO-000247,CASE-PN-000247,3,CASE-PO-000247_3,二次組立,A030,MB000103,MG001,WC000053,67,150,20,170,2026/06/16 12:38:00,2026/06/16 15:28:00,,EQ-A030,9002,鈴木 花子,20,66,98.5,1,1.5,2026/06/16 12:38:00,2026/06/16 15:44:05,,,,,,完了,2026/06/16 15:44:05
CASE-PO-000247,CASE-PN-000247,4,CASE-PO-000247_4,完成検査,A040,MB000103,MG001,WC000054,67,60,0,60,2026/06/16 21:53:27,2026/06/17 09:30:00,,EQ-A040,9002,鈴木 花子,0,67,100.0,1,1.5,2026/06/17 08:30:00,2026/06/17 09:40:35,,,,,,完了,2026/06/17 09:40:35
CASE-PO-000248,CASE-PN-000248,1,CASE-PO-000248_1,部品準備,A010,MB000102,MG001,WC000051,180,45,10,55,2026/07/01 08:30:00,2026/07/01 09:25:00,,EQ-A010,9002,鈴木 花子,10,179,99.4,3,1.7,2026/07/01 08:30:00,2026/07/01 09:22:30,,,,,,完了,2026/07/01 09:22:30
CASE-PO-000248,CASE-PN-000248,2,CASE-PO-000248_2,一次組立,A020,MB000102,MG001,WC000052,180,180,25,205,2026/07/01 14:26:01,2026/07/02 08:51:00,,EQ-A020,9002,鈴木 花子,25,175,97.2,1,0.6,2026/07/01 14:26:01,2026/07/01 17:22:44,,,,,,完了,2026/07/01 17:22:44
CASE-PO-000248,CASE-PN-000248,3,CASE-PO-000248_3,二次組立,A030,MB000102,MG001,WC000053,180,150,20,170,2026/07/02 04:43:10,2026/07/02 11:20:00,,EQ-A030,9002,鈴木 花子,20,177,98.3,0,0.0,2026/07/02 08:30:00,2026/07/02 11:10:47,,,,,,完了,2026/07/02 11:10:47
CASE-PO-000248,CASE-PN-000248,4,CASE-PO-000248_4,完成検査,A040,MB000102,MG001,WC000054,180,60,0,60,2026/07/02 20:43:02,2026/07/03 09:30:00,,EQ-A040,9002,鈴木 花子,0,177,98.3,1,0.6,2026/07/03 08:30:00,2026/07/03 09:35:49,,,,,,完了,2026/07/03 09:35:49
CASE-PO-000249,CASE-PN-000249,1,CASE-PO-000249_1,部品準備,A010,MB000103,MG001,WC000051,73,45,10,55,2026/05/25 08:30:00,2026/05/25 09:25:00,,EQ-A010,9004,田中 三郎,10,72,98.6,1,1.4,2026/05/25 08:30:00,2026/05/25 09:15:51,,,,,,完了,2026/05/25 09:15:51
CASE-PO-000249,CASE-PN-000249,2,CASE-PO-000249_2,一次組立,A020,MB000103,MG001,WC000052,73,180,25,205,2026/05/25 10:56:42,2026/05/25 14:21:42,,EQ-A020,9004,田中 三郎,25,73,100.0,0,0.0,2026/05/25 10:56:42,2026/05/25 13:39:51,,,,,,完了,2026/05/25 13:39:51
CASE-PO-000249,CASE-PN-000249,3,CASE-PO-000249_3,二次組立,A030,MB000103,MG001,WC000053,73,150,20,170,2026/05/25 19:34:52,2026/05/26 11:20:00,,EQ-A030,9004,田中 三郎,20,71,97.3,1,1.4,2026/05/26 08:30:00,2026/05/26 10:46:27,,,,,,完了,2026/05/26 10:46:27
CASE-PO-000249,CASE-PN-000249,4,CASE-PO-000249_4,完成検査,A040,MB000103,MG001,WC000054,73,60,0,60,2026/05/26 14:45:10,2026/05/26 15:45:10,,EQ-A040,9004,田中 三郎,,,,,,2026/05/26 14:45:10,,,,,,,生産中,2026/05/26 15:45:10
CASE-PO-000250,CASE-PN-000250,1,CASE-PO-000250_1,部品準備,A010,MB000101,MG001,WC000051,55,45,10,55,2026/07/02 08:30:00,2026/07/02 09:25:00,,EQ-A010,9001,山田 太郎,10,54,98.2,0,0.0,2026/07/02 08:30:00,2026/07/02 09:19:00,,,,,,完了,2026/07/02 09:19:00
CASE-PO-000250,CASE-PN-000250,2,CASE-PO-000250_2,一次組立,A020,MB000101,MG001,WC000052,55,180,25,205,2026/07/02 11:06:32,2026/07/02 14:31:32,,EQ-A020,9001,山田 太郎,25,53,96.4,0,0.0,2026/07/02 11:06:32,2026/07/02 14:35:43,,,,,,完了,2026/07/02 14:35:43
CASE-PO-000250,CASE-PN-000250,3,CASE-PO-000250_3,二次組立,A030,MB000101,MG001,WC000053,55,150,20,170,2026/07/02 19:09:59,2026/07/03 11:20:00,,EQ-A030,9001,山田 太郎,,,,,,2026/07/03 08:30:00,,,,,,,生産中,2026/07/03 11:20:00
CASE-PO-000250,CASE-PN-000250,4,CASE-PO-000250_4,完成検査,A040,MB000101,MG001,WC000054,55,60,0,60,2026/07/03 14:34:58,2026/07/03 15:34:58,,EQ-A040,9001,山田 太郎,,,,,,,,,,,,,開始待ち,2026/07/03 15:34:58
CASE-PO-000251,CASE-PN-000251,1,CASE-PO-000251_1,部品準備,A010,MB000102,MG001,WC000051,93,45,10,55,2026/06/24 08:30:00,2026/06/24 09:25:00,,EQ-A010,9003,佐藤 次郎,10,90,96.8,2,2.2,2026/06/24 08:30:00,2026/06/24 09:19:54,,,,,,完了,2026/06/24 09:19:54
CASE-PO-000251,CASE-PN-000251,2,CASE-PO-000251_2,一次組立,A020,MB000102,MG001,WC000052,93,180,25,205,2026/06/24 14:53:25,2026/06/25 09:18:00,,EQ-A020,9003,佐藤 次郎,25,91,97.8,0,0.0,2026/06/24 14:53:25,2026/06/25 08:56:30,,,,,,完了,2026/06/25 08:56:30
CASE-PO-000251,CASE-PN-000251,3,CASE-PO-000251_3,二次組立,A030,MB000102,MG001,WC000053,93,150,20,170,2026/06/25 14:00:51,2026/06/25 16:50:51,,EQ-A030,9003,佐藤 次郎,20,92,98.9,2,2.2,2026/06/25 14:00:51,2026/06/25 16:12:02,,,,,,完了,2026/06/25 16:12:02
CASE-PO-000251,CASE-PN-000251,4,CASE-PO-000251_4,完成検査,A040,MB000102,MG001,WC000054,93,60,0,60,2026/06/25 21:34:02,2026/06/26 09:30:00,,EQ-A040,9003,佐藤 次郎,0,92,98.9,0,0.0,2026/06/26 08:30:00,2026/06/26 09:28:21,,,,,,完了,2026/06/26 09:28:21
CASE-PO-000252,CASE-PN-000252,1,CASE-PO-000252_1,部品準備,A010,MB000103,MG001,WC000051,36,45,10,55,2026/06/11 08:30:00,2026/06/11 09:25:00,,EQ-A010,9004,田中 三郎,10,35,97.2,0,0.0,2026/06/11 08:30:00,2026/06/11 09:13:48,,,,,,完了,2026/06/11 09:13:48
CASE-PO-000252,CASE-PN-000252,2,CASE-PO-000252_2,一次組立,A020,MB000103,MG001,WC000052,36,180,25,205,2026/06/11 15:40:30,2026/06/12 10:05:00,,EQ-A020,9004,田中 三郎,25,36,100.0,1,2.8,2026/06/11 15:40:30,2026/06/12 09:37:04,,,,,,完了,2026/06/12 09:37:04
CASE-PO-000252,CASE-PN-000252,3,CASE-PO-000252_3,二次組立,A030,MB000103,MG001,WC000053,36,150,20,170,2026/06/12 16:26:09,2026/06/15 10:16:00,,EQ-A030,9004,田中 三郎,,,,,,2026/06/12 16:26:09,,,,,,,生産中,2026/06/15 10:16:00
CASE-PO-000252,CASE-PN-000252,4,CASE-PO-000252_4,完成検査,A040,MB000103,MG001,WC000054,36,60,0,60,2026/06/15 19:09:50,2026/06/16 09:30:00,,EQ-A040,9004,田中 三郎,,,,,,,,,,,,,開始待ち,2026/06/16 09:30:00
CASE-PO-000253,CASE-PN-000253,1,CASE-PO-000253_1,部品準備,A010,MB000103,MG001,WC000051,58,45,10,55,2026/05/25 08:30:00,2026/05/25 09:25:00,,EQ-A010,9005,高橋 四郎,10,57,98.3,1,1.7,2026/05/25 08:30:00,2026/05/25 09:09:20,,,,,,完了,2026/05/25 09:09:20
CASE-PO-000253,CASE-PN-000253,2,CASE-PO-000253_2,一次組立,A020,MB000103,MG001,WC000052,58,180,25,205,2026/05/25 12:48:53,2026/05/25 16:13:53,,EQ-A020,9005,高橋 四郎,25,56,96.6,0,0.0,2026/05/25 12:48:53,2026/05/25 16:08:29,,,,,,完了,2026/05/25 16:08:29
CASE-PO-000253,CASE-PN-000253,3,CASE-PO-000253_3,二次組立,A030,MB000103,MG001,WC000053,58,150,20,170,2026/05/26 03:04:55,2026/05/26 11:20:00,,EQ-A030,9005,高橋 四郎,20,57,98.3,1,1.7,2026/05/26 08:30:00,2026/05/26 10:40:12,,,,,,完了,2026/05/26 10:40:12
CASE-PO-000253,CASE-PN-000253,4,CASE-PO-000253_4,完成検査,A040,MB000103,MG001,WC000054,58,60,0,60,2026/05/26 16:59:57,2026/05/27 08:59:00,,EQ-A040,9005,高橋 四郎,0,57,98.3,1,1.7,2026/05/26 16:59:57,2026/05/27 09:08:42,,,,,,完了,2026/05/27 09:08:42
CASE-PO-000254,CASE-PN-000254,1,CASE-PO-000254_1,部品準備,A010,MB000102,MG001,WC000051,132,45,10,55,2026/05/18 08:30:00,2026/05/18 09:25:00,,EQ-A010,9003,佐藤 次郎,10,129,97.7,0,0.0,2026/05/18 08:30:00,2026/05/18 09:15:58,,,,,,完了,2026/05/18 09:15:58
CASE-PO-000254,CASE-PN-000254,2,CASE-PO-000254_2,一次組立,A020,MB000102,MG001,WC000052,132,180,25,205,2026/05/18 12:26:46,2026/05/18 15:51:46,,EQ-A020,9003,佐藤 次郎,25,132,100.0,2,1.5,2026/05/18 12:26:46,2026/05/18 15:49:23,,,,,,完了,2026/05/18 15:49:23
CASE-PO-000254,CASE-PN-000254,3,CASE-PO-000254_3,二次組立,A030,MB000102,MG001,WC000053,132,150,20,170,2026/05/19 02:21:23,2026/05/19 11:20:00,,EQ-A030,9003,佐藤 次郎,20,130,98.5,0,0.0,2026/05/19 08:30:00,2026/05/19 11:24:34,,,,,,完了,2026/05/19 11:24:34
CASE-PO-000254,CASE-PN-000254,4,CASE-PO-000254_4,完成検査,A040,MB000102,MG001,WC000054,132,60,0,60,2026/05/19 20:44:21,2026/05/20 09:30:00,,EQ-A040,9003,佐藤 次郎,0,131,99.2,2,1.5,2026/05/20 08:30:00,2026/05/20 09:26:49,,,,,,完了,2026/05/20 09:26:49
CASE-PO-000255,CASE-PN-000255,1,CASE-PO-000255_1,部品準備,A010,MB000103,MG001,WC000051,51,45,10,55,2026/07/06 08:30:00,2026/07/06 09:25:00,,EQ-A010,9003,佐藤 次郎,10,51,100.0,1,2.0,2026/07/06 08:30:00,2026/07/06 09:13:23,,,,,,完了,2026/07/06 09:13:23
CASE-PO-000255,CASE-PN-000255,2,CASE-PO-000255_2,一次組立,A020,MB000103,MG001,WC000052,51,180,25,205,2026/07/06 12:38:53,2026/07/06 16:03:53,,EQ-A020,9003,佐藤 次郎,25,50,98.0,1,2.0,2026/07/06 12:38:53,2026/07/06 15:45:39,,,,,,完了,2026/07/06 15:45:39
CASE-PO-000255,CASE-PN-000255,3,CASE-PO-000255_3,二次組立,A030,MB000103,MG001,WC000053,51,150,20,170,2026/07/06 20:31:41,2026/07/07 11:20:00,,EQ-A030,9003,佐藤 次郎,20,50,98.0,1,2.0,2026/07/07 08:30:00,2026/07/07 10:42:58,,,,,,完了,2026/07/07 10:42:58
CASE-PO-000255,CASE-PN-000255,4,CASE-PO-000255_4,完成検査,A040,MB000103,MG001,WC000054,51,60,0,60,2026/07/07 16:54:22,2026/07/08 08:54:00,,EQ-A040,9003,佐藤 次郎,0,50,98.0,1,2.0,2026/07/07 16:54:22,2026/07/08 08:52:54,,,,,,完了,2026/07/08 08:52:54
CASE-PO-000256,CASE-PN-000256,1,CASE-PO-000256_1,部品準備,A010,MB000102,MG001,WC000051,176,45,10,55,2026/06/01 08:30:00,2026/06/01 09:25:00,,EQ-A010,9003,佐藤 次郎,10,172,97.7,2,1.1,2026/06/01 08:30:00,2026/06/01 09:16:33,,,,,,完了,2026/06/01 09:16:33
CASE-PO-000256,CASE-PN-000256,2,CASE-PO-000256_2,一次組立,A020,MB000102,MG001,WC000052,176,180,25,205,2026/06/01 13:56:07,2026/06/01 17:21:07,,EQ-A020,9003,佐藤 次郎,25,173,98.3,1,0.6,2026/06/01 13:56:07,2026/06/01 17:10:08,,,,,,完了,2026/06/01 17:10:08
CASE-PO-000256,CASE-PN-000256,3,CASE-PO-000256_3,二次組立,A030,MB000102,MG001,WC000053,176,150,20,170,2026/06/01 23:22:03,2026/06/02 11:20:00,,EQ-A030,9003,佐藤 次郎,20,176,100.0,3,1.7,2026/06/02 08:30:00,2026/06/02 10:44:33,,,,,,完了,2026/06/02 10:44:33
CASE-PO-000256,CASE-PN-000256,4,CASE-PO-000256_4,完成検査,A040,MB000102,MG001,WC000054,176,60,0,60,2026/06/02 16:43:57,2026/06/03 08:43:00,,EQ-A040,9003,佐藤 次郎,0,175,99.4,2,1.1,2026/06/02 16:43:57,2026/06/03 08:42:24,,,,,,完了,2026/06/03 08:42:24
CASE-PO-000257,CASE-PN-000257,1,CASE-PO-000257_1,部品準備,A010,MB000101,MG001,WC000051,116,45,10,55,2026/05/21 08:30:00,2026/05/21 09:25:00,,EQ-A010,9003,佐藤 次郎,10,115,99.1,2,1.7,2026/05/21 08:30:00,2026/05/21 09:20:30,,,,,,完了,2026/05/21 09:20:30
CASE-PO-000257,CASE-PN-000257,2,CASE-PO-000257_2,一次組立,A020,MB000101,MG001,WC000052,116,180,25,205,2026/05/21 16:20:59,2026/05/22 10:45:00,,EQ-A020,9003,佐藤 次郎,25,114,98.3,2,1.7,2026/05/21 16:20:59,2026/05/22 10:15:18,,,,,,完了,2026/05/22 10:15:18
CASE-PO-000257,CASE-PN-000257,3,CASE-PO-000257_3,二次組立,A030,MB000101,MG001,WC000053,116,150,20,170,2026/05/22 20:26:35,2026/05/25 11:20:00,,EQ-A030,9003,佐藤 次郎,20,113,97.4,2,1.7,2026/05/25 08:30:00,2026/05/25 10:41:37,,,,,,完了,2026/05/25 10:41:37
CASE-PO-000257,CASE-PN-000257,4,CASE-PO-000257_4,完成検査,A040,MB000101,MG001,WC000054,116,60,0,60,2026/05/25 19:09:32,2026/05/26 09:30:00,,EQ-A040,9003,佐藤 次郎,0,113,97.4,2,1.7,2026/05/26 08:30:00,2026/05/26 09:21:58,,,,,,完了,2026/05/26 09:21:58
CASE-PO-000258,CASE-PN-000258,1,CASE-PO-000258_1,部品準備,A010,MB000101,MG001,WC000051,108,45,10,55,2026/06/24 08:30:00,2026/06/24 09:25:00,,EQ-A010,9003,佐藤 次郎,10,107,99.1,2,1.9,2026/06/24 08:30:00,2026/06/24 09:12:49,,,,,,完了,2026/06/24 09:12:49
CASE-PO-000258,CASE-PN-000258,2,CASE-PO-000258_2,一次組立,A020,MB000101,MG001,WC000052,108,180,25,205,2026/06/24 14:39:07,2026/06/25 09:04:00,,EQ-A020,9003,佐藤 次郎,25,105,97.2,2,1.9,2026/06/24 14:39:07,2026/06/25 08:50:06,,,,,,完了,2026/06/25 08:50:06
CASE-PO-000258,CASE-PN-000258,3,CASE-PO-000258_3,二次組立,A030,MB000101,MG001,WC000053,108,150,20,170,2026/06/25 15:40:05,2026/06/26 09:30:00,,EQ-A030,9003,佐藤 次郎,20,106,98.1,1,0.9,2026/06/25 15:40:05,2026/06/26 09:17:49,,,,,,完了,2026/06/26 09:17:49
CASE-PO-000258,CASE-PN-000258,4,CASE-PO-000258_4,完成検査,A040,MB000101,MG001,WC000054,108,60,0,60,2026/06/26 18:45:48,2026/06/29 09:30:00,,EQ-A040,9003,佐藤 次郎,0,105,97.2,1,0.9,2026/06/29 08:30:00,2026/06/29 09:22:02,,,,,,完了,2026/06/29 09:22:02
CASE-PO-000259,CASE-PN-000259,1,CASE-PO-000259_1,部品準備,A010,MB000102,MG001,WC000051,167,45,10,55,2026/06/29 08:30:00,2026/06/29 09:25:00,,EQ-A010,9001,山田 太郎,10,164,98.2,1,0.6,2026/06/29 08:30:00,2026/06/29 09:11:17,,,,,,完了,2026/06/29 09:11:17
CASE-PO-000259,CASE-PN-000259,2,CASE-PO-000259_2,一次組立,A020,MB000102,MG001,WC000052,167,180,25,205,2026/06/29 16:03:37,2026/06/30 10:28:00,,EQ-A020,9001,山田 太郎,25,163,97.6,1,0.6,2026/06/29 16:03:37,2026/06/30 09:50:53,,,,,,完了,2026/06/30 09:50:53
CASE-PO-000259,CASE-PN-000259,3,CASE-PO-000259_3,二次組立,A030,MB000102,MG001,WC000053,167,150,20,170,2026/06/30 14:22:46,2026/06/30 17:12:46,,EQ-A030,9001,山田 太郎,20,166,99.4,0,0.0,2026/06/30 14:22:46,2026/06/30 17:15:05,,,,,,完了,2026/06/30 17:15:05
CASE-PO-000259,CASE-PN-000259,4,CASE-PO-000259_4,完成検査,A040,MB000102,MG001,WC000054,167,60,0,60,2026/06/30 19:09:58,2026/07/01 09:30:00,,EQ-A040,9001,山田 太郎,0,163,97.6,0,0.0,2026/07/01 08:30:00,2026/07/01 09:22:19,,,,,,完了,2026/07/01 09:22:19
CASE-PO-000260,CASE-PN-000260,1,CASE-PO-000260_1,部品準備,A010,MB000103,MG001,WC000051,88,45,10,55,2026/06/30 08:30:00,2026/06/30 09:25:00,,EQ-A010,9005,高橋 四郎,10,87,98.9,1,1.1,2026/06/30 08:30:00,2026/06/30 09:24:53,,,,,,完了,2026/06/30 09:24:53
CASE-PO-000260,CASE-PN-000260,2,CASE-PO-000260_2,一次組立,A020,MB000103,MG001,WC000052,88,180,25,205,2026/06/30 10:35:00,2026/06/30 14:00:00,,EQ-A020,9005,高橋 四郎,25,88,100.0,1,1.1,2026/06/30 10:35:00,2026/06/30 14:06:20,,,,,,完了,2026/06/30 14:06:20
CASE-PO-000260,CASE-PN-000260,3,CASE-PO-000260_3,二次組立,A030,MB000103,MG001,WC000053,88,150,20,170,2026/06/30 16:40:14,2026/07/01 10:30:00,,EQ-A030,9005,高橋 四郎,,,,,,2026/06/30 16:40:14,,,,,,,生産中,2026/07/01 10:30:00
CASE-PO-000260,CASE-PN-000260,4,CASE-PO-000260_4,完成検査,A040,MB000103,MG001,WC000054,88,60,0,60,2026/07/01 20:10:08,2026/07/02 09:30:00,,EQ-A040,9005,高橋 四郎,,,,,,,,,,,,,開始待ち,2026/07/02 09:30:00
CASE-PO-000261,CASE-PN-000261,1,CASE-PO-000261_1,部品準備,A010,MB000102,MG001,WC000051,194,45,10,55,2026/06/29 08:30:00,2026/06/29 09:25:00,,EQ-A010,9003,佐藤 次郎,10,193,99.5,2,1.0,2026/06/29 08:30:00,2026/06/29 09:20:08,,,,,,完了,2026/06/29 09:20:08
CASE-PO-000261,CASE-PN-000261,2,CASE-PO-000261_2,一次組立,A020,MB000102,MG001,WC000052,194,180,25,205,2026/06/29 12:46:53,2026/06/29 16:11:53,,EQ-A020,9003,佐藤 次郎,25,192,99.0,1,0.5,2026/06/29 12:46:53,2026/06/29 15:59:49,,,,,,完了,2026/06/29 15:59:49
CASE-PO-000261,CASE-PN-000261,3,CASE-PO-000261_3,二次組立,A030,MB000102,MG001,WC000053,194,150,20,170,2026/06/30 01:33:55,2026/06/30 11:20:00,,EQ-A030,9003,佐藤 次郎,20,188,96.9,3,1.5,2026/06/30 08:30:00,2026/06/30 11:34:21,,,,,,完了,2026/06/30 11:34:21
CASE-PO-000261,CASE-PN-000261,4,CASE-PO-000261_4,完成検査,A040,MB000102,MG001,WC000054,194,60,0,60,2026/06/30 12:46:17,2026/06/30 13:46:17,,EQ-A040,9003,佐藤 次郎,0,190,97.9,2,1.0,2026/06/30 12:46:17,2026/06/30 13:56:01,,,,,,完了,2026/06/30 13:56:01
CASE-PO-000262,CASE-PN-000262,1,CASE-PO-000262_1,部品準備,A010,MB000103,MG001,WC000051,64,45,10,55,2026/05/11 08:30:00,2026/05/11 09:25:00,,EQ-A010,9004,田中 三郎,10,63,98.4,1,1.6,2026/05/11 08:30:00,2026/05/11 09:15:02,,,,,,完了,2026/05/11 09:15:02
CASE-PO-000262,CASE-PN-000262,2,CASE-PO-000262_2,一次組立,A020,MB000103,MG001,WC000052,64,180,25,205,2026/05/11 15:20:42,2026/05/12 09:45:00,,EQ-A020,9004,田中 三郎,25,63,98.4,1,1.6,2026/05/11 15:20:42,2026/05/12 09:27:09,,,,,,完了,2026/05/12 09:27:09
CASE-PO-000262,CASE-PN-000262,3,CASE-PO-000262_3,二次組立,A030,MB000103,MG001,WC000053,64,150,20,170,2026/05/12 15:28:17,2026/05/13 09:18:00,,EQ-A030,9004,田中 三郎,20,62,96.9,1,1.6,2026/05/12 15:28:17,2026/05/13 09:34:57,,,,,,完了,2026/05/13 09:34:57
CASE-PO-000262,CASE-PN-000262,4,CASE-PO-000262_4,完成検査,A040,MB000103,MG001,WC000054,64,60,0,60,2026/05/13 15:36:58,2026/05/13 16:36:58,,EQ-A040,9004,田中 三郎,0,64,100.0,1,1.6,2026/05/13 15:36:58,2026/05/13 16:30:44,,,,,,完了,2026/05/13 16:30:44
CASE-PO-000263,CASE-PN-000263,1,CASE-PO-000263_1,部品準備,A010,MB000103,MG001,WC000051,61,45,10,55,2026/05/26 08:30:00,2026/05/26 09:25:00,,EQ-A010,9001,山田 太郎,10,61,100.0,0,0.0,2026/05/26 08:30:00,2026/05/26 09:25:40,,,,,,完了,2026/05/26 09:25:40
CASE-PO-000263,CASE-PN-000263,2,CASE-PO-000263_2,一次組立,A020,MB000103,MG001,WC000052,61,180,25,205,2026/05/26 16:19:49,2026/05/27 10:44:00,,EQ-A020,9001,山田 太郎,25,60,98.4,0,0.0,2026/05/26 16:19:49,2026/05/27 10:54:12,,,,,,完了,2026/05/27 10:54:12
CASE-PO-000263,CASE-PN-000263,3,CASE-PO-000263_3,二次組立,A030,MB000103,MG001,WC000053,61,150,20,170,2026/05/27 21:47:45,2026/05/28 11:20:00,,EQ-A030,9001,山田 太郎,20,59,96.7,1,1.6,2026/05/28 08:30:00,2026/05/28 11:04:57,,,,,,完了,2026/05/28 11:04:57
CASE-PO-000263,CASE-PN-000263,4,CASE-PO-000263_4,完成検査,A040,MB000103,MG001,WC000054,61,60,0,60,2026/05/28 18:55:42,2026/05/29 09:30:00,,EQ-A040,9001,山田 太郎,0,61,100.0,0,0.0,2026/05/29 08:30:00,2026/05/29 09:39:34,,,,,,完了,2026/05/29 09:39:34
CASE-PO-000264,CASE-PN-000264,1,CASE-PO-000264_1,部品準備,A010,MB000101,MG001,WC000051,96,45,10,55,2026/06/08 08:30:00,2026/06/08 09:25:00,,EQ-A010,9003,佐藤 次郎,10,96,100.0,1,1.0,2026/06/08 08:30:00,2026/06/08 09:08:46,,,,,,完了,2026/06/08 09:08:46
CASE-PO-000264,CASE-PN-000264,2,CASE-PO-000264_2,一次組立,A020,MB000101,MG001,WC000052,96,180,25,205,2026/06/08 10:20:16,2026/06/08 13:45:16,,EQ-A020,9003,佐藤 次郎,25,96,100.0,1,1.0,2026/06/08 10:20:16,2026/06/08 13:24:24,,,,,,完了,2026/06/08 13:24:24
CASE-PO-000264,CASE-PN-000264,3,CASE-PO-000264_3,二次組立,A030,MB000101,MG001,WC000053,96,150,20,170,2026/06/08 19:28:52,2026/06/09 11:20:00,,EQ-A030,9003,佐藤 次郎,20,94,97.9,1,1.0,2026/06/09 08:30:00,2026/06/09 11:18:30,,,,,,完了,2026/06/09 11:18:30
CASE-PO-000264,CASE-PN-000264,4,CASE-PO-000264_4,完成検査,A040,MB000101,MG001,WC000054,96,60,0,60,2026/06/09 12:21:23,2026/06/09 13:21:23,,EQ-A040,9003,佐藤 次郎,0,94,97.9,1,1.0,2026/06/09 12:21:23,2026/06/09 13:27:26,,,,,,完了,2026/06/09 13:27:26
CASE-PO-000265,CASE-PN-000265,1,CASE-PO-000265_1,部品準備,A010,MB000102,MG001,WC000051,154,45,10,55,2026/05/11 08:30:00,2026/05/11 09:25:00,,EQ-A010,9002,鈴木 花子,10,152,98.7,0,0.0,2026/05/11 08:30:00,2026/05/11 09:15:22,,,,,,完了,2026/05/11 09:15:22
CASE-PO-000265,CASE-PN-000265,2,CASE-PO-000265_2,一次組立,A020,MB000102,MG001,WC000052,154,180,25,205,2026/05/11 15:10:04,2026/05/12 09:35:00,,EQ-A020,9002,鈴木 花子,25,153,99.4,3,1.9,2026/05/11 15:10:04,2026/05/12 08:54:04,,,,,,完了,2026/05/12 08:54:04
CASE-PO-000265,CASE-PN-000265,3,CASE-PO-000265_3,二次組立,A030,MB000102,MG001,WC000053,154,150,20,170,2026/05/12 11:08:38,2026/05/12 13:58:38,,EQ-A030,9002,鈴木 花子,20,151,98.1,1,0.6,2026/05/12 11:08:38,2026/05/12 14:05:15,,,,,,完了,2026/05/12 14:05:15
CASE-PO-000265,CASE-PN-000265,4,CASE-PO-000265_4,完成検査,A040,MB000102,MG001,WC000054,154,60,0,60,2026/05/12 22:37:18,2026/05/13 09:30:00,,EQ-A040,9002,鈴木 花子,0,152,98.7,3,1.9,2026/05/13 08:30:00,2026/05/13 09:38:07,,,,,,完了,2026/05/13 09:38:07
CASE-PO-000266,CASE-PN-000266,1,CASE-PO-000266_1,部品準備,A010,MB000103,MG001,WC000051,72,45,10,55,2026/06/08 08:30:00,2026/06/08 09:25:00,,EQ-A010,9004,田中 三郎,10,71,98.6,1,1.4,2026/06/08 08:30:00,2026/06/08 09:11:03,,,,,,完了,2026/06/08 09:11:03
CASE-PO-000266,CASE-PN-000266,2,CASE-PO-000266_2,一次組立,A020,MB000103,MG001,WC000052,72,180,25,205,2026/06/08 13:35:21,2026/06/08 17:00:21,,EQ-A020,9004,田中 三郎,25,71,98.6,1,1.4,2026/06/08 13:35:21,2026/06/08 16:15:54,,,,,,完了,2026/06/08 16:15:54
CASE-PO-000266,CASE-PN-000266,3,CASE-PO-000266_3,二次組立,A030,MB000103,MG001,WC000053,72,150,20,170,2026/06/08 23:00:06,2026/06/09 11:20:00,,EQ-A030,9004,田中 三郎,,,,,,2026/06/09 08:30:00,,,,,,,生産中,2026/06/09 11:20:00
CASE-PO-000266,CASE-PN-000266,4,CASE-PO-000266_4,完成検査,A040,MB000103,MG001,WC000054,72,60,0,60,2026/06/09 14:24:42,2026/06/09 15:24:42,,EQ-A040,9004,田中 三郎,,,,,,,,,,,,,開始待ち,2026/06/09 15:24:42
CASE-PO-000267,CASE-PN-000267,1,CASE-PO-000267_1,部品準備,A010,MB000102,MG001,WC000051,87,45,10,55,2026/05/26 08:30:00,2026/05/26 09:25:00,,EQ-A010,9005,高橋 四郎,10,86,98.9,1,1.1,2026/05/26 08:30:00,2026/05/26 09:20:35,,,,,,完了,2026/05/26 09:20:35
CASE-PO-000267,CASE-PN-000267,2,CASE-PO-000267_2,一次組立,A020,MB000102,MG001,WC000052,87,180,25,205,2026/05/26 11:51:20,2026/05/26 15:16:20,,EQ-A020,9005,高橋 四郎,25,86,98.9,0,0.0,2026/05/26 11:51:20,2026/05/26 15:25:47,,,,,,完了,2026/05/26 15:25:47
CASE-PO-000267,CASE-PN-000267,3,CASE-PO-000267_3,二次組立,A030,MB000102,MG001,WC000053,87,150,20,170,2026/05/27 02:35:55,2026/05/27 11:20:00,,EQ-A030,9005,高橋 四郎,20,87,100.0,1,1.1,2026/05/27 08:30:00,2026/05/27 11:11:39,,,,,,完了,2026/05/27 11:11:39
CASE-PO-000267,CASE-PN-000267,4,CASE-PO-000267_4,完成検査,A040,MB000102,MG001,WC000054,87,60,0,60,2026/05/27 19:40:39,2026/05/28 09:30:00,,EQ-A040,9005,高橋 四郎,0,85,97.7,1,1.1,2026/05/28 08:30:00,2026/05/28 09:31:09,,,,,,完了,2026/05/28 09:31:09
CASE-PO-000268,CASE-PN-000268,1,CASE-PO-000268_1,部品準備,A010,MB000102,MG001,WC000051,154,45,10,55,2026/05/22 08:30:00,2026/05/22 09:25:00,,EQ-A010,9004,田中 三郎,10,150,97.4,3,1.9,2026/05/22 08:30:00,2026/05/22 09:16:13,,,,,,完了,2026/05/22 09:16:13
CASE-PO-000268,CASE-PN-000268,2,CASE-PO-000268_2,一次組立,A020,MB000102,MG001,WC000052,154,180,25,205,2026/05/22 15:11:12,2026/05/25 09:36:00,,EQ-A020,9004,田中 三郎,25,150,97.4,3,1.9,2026/05/22 15:11:12,2026/05/25 09:33:28,,,,,,完了,2026/05/25 09:33:28
CASE-PO-000268,CASE-PN-000268,3,CASE-PO-000268_3,二次組立,A030,MB000102,MG001,WC000053,154,150,20,170,2026/05/25 12:16:35,2026/05/25 15:06:35,,EQ-A030,9004,田中 三郎,20,150,97.4,1,0.6,2026/05/25 12:16:35,2026/05/25 14:59:15,,,,,,完了,2026/05/25 14:59:15
CASE-PO-000268,CASE-PN-000268,4,CASE-PO-000268_4,完成検査,A040,MB000102,MG001,WC000054,154,60,0,60,2026/05/25 16:57:58,2026/05/26 08:57:00,,EQ-A040,9004,田中 三郎,0,150,97.4,3,1.9,2026/05/25 16:57:58,2026/05/26 09:03:50,,,,,,完了,2026/05/26 09:03:50
CASE-PO-000269,CASE-PN-000269,1,CASE-PO-000269_1,部品準備,A010,MB000103,MG001,WC000051,72,45,10,55,2026/06/11 08:30:00,2026/06/11 09:25:00,,EQ-A010,9003,佐藤 次郎,10,71,98.6,1,1.4,2026/06/11 08:30:00,2026/06/11 09:08:28,,,,,,完了,2026/06/11 09:08:28
CASE-PO-000269,CASE-PN-000269,2,CASE-PO-000269_2,一次組立,A020,MB000103,MG001,WC000052,72,180,25,205,2026/06/11 14:17:39,2026/06/12 08:42:00,,EQ-A020,9003,佐藤 次郎,25,72,100.0,0,0.0,2026/06/11 14:17:39,2026/06/11 17:06:45,,,,,,完了,2026/06/11 17:06:45
CASE-PO-000269,CASE-PN-000269,3,CASE-PO-000269_3,二次組立,A030,MB000103,MG001,WC000053,72,150,20,170,2026/06/11 22:16:59,2026/06/12 11:20:00,,EQ-A030,9003,佐藤 次郎,20,71,98.6,0,0.0,2026/06/12 08:30:00,2026/06/12 10:44:38,,,,,,完了,2026/06/12 10:44:38
CASE-PO-000269,CASE-PN-000269,4,CASE-PO-000269_4,完成検査,A040,MB000103,MG001,WC000054,72,60,0,60,2026/06/12 17:24:34,2026/06/15 09:24:00,,EQ-A040,9003,佐藤 次郎,0,71,98.6,0,0.0,2026/06/12 17:24:34,2026/06/15 09:20:29,,,,,,完了,2026/06/15 09:20:29
CASE-PO-000270,CASE-PN-000270,1,CASE-PO-000270_1,部品準備,A010,MB000101,MG001,WC000051,58,45,10,55,2026/05/11 08:30:00,2026/05/11 09:25:00,,EQ-A010,9001,山田 太郎,10,57,98.3,1,1.7,2026/05/11 08:30:00,2026/05/11 09:25:22,,,,,,完了,2026/05/11 09:25:22
CASE-PO-000270,CASE-PN-000270,2,CASE-PO-000270_2,一次組立,A020,MB000101,MG001,WC000052,58,180,25,205,2026/05/11 10:27:08,2026/05/11 13:52:08,,EQ-A020,9001,山田 太郎,25,56,96.6,0,0.0,2026/05/11 10:27:08,2026/05/11 13:52:28,,,,,,完了,2026/05/11 13:52:28
CASE-PO-000270,CASE-PN-000270,3,CASE-PO-000270_3,二次組立,A030,MB000101,MG001,WC000053,58,150,20,170,2026/05/11 23:00:07,2026/05/12 11:20:00,,EQ-A030,9001,山田 太郎,20,57,98.3,0,0.0,2026/05/12 08:30:00,2026/05/12 11:13:23,,,,,,完了,2026/05/12 11:13:23
CASE-PO-000270,CASE-PN-000270,4,CASE-PO-000270_4,完成検査,A040,MB000101,MG001,WC000054,58,60,0,60,2026/05/12 16:09:49,2026/05/12 17:09:49,,EQ-A040,9001,山田 太郎,0,57,98.3,1,1.7,2026/05/12 16:09:49,2026/05/12 17:23:27,,,,,,完了,2026/05/12 17:23:27
CASE-PO-000271,CASE-PN-000271,1,CASE-PO-000271_1,部品準備,A010,MB000102,MG001,WC000051,91,45,10,55,2026/06/01 08:30:00,2026/06/01 09:25:00,,EQ-A010,9005,高橋 四郎,10,90,98.9,2,2.2,2026/06/01 08:30:00,2026/06/01 09:10:29,,,,,,完了,2026/06/01 09:10:29
CASE-PO-000271,CASE-PN-000271,2,CASE-PO-000271_2,一次組立,A020,MB000102,MG001,WC000052,91,180,25,205,2026/06/01 11:58:44,2026/06/01 15:23:44,,EQ-A020,9005,高橋 四郎,25,90,98.9,0,0.0,2026/06/01 11:58:44,2026/06/01 14:37:10,,,,,,完了,2026/06/01 14:37:10
CASE-PO-000271,CASE-PN-000271,3,CASE-PO-000271_3,二次組立,A030,MB000102,MG001,WC000053,91,150,20,170,2026/06/01 18:30:38,2026/06/02 11:20:00,,EQ-A030,9005,高橋 四郎,20,90,98.9,1,1.1,2026/06/02 08:30:00,2026/06/02 11:35:38,,,,,,完了,2026/06/02 11:35:38
CASE-PO-000271,CASE-PN-000271,4,CASE-PO-000271_4,完成検査,A040,MB000102,MG001,WC000054,91,60,0,60,2026/06/02 19:08:53,2026/06/03 09:30:00,,EQ-A040,9005,高橋 四郎,0,88,96.7,2,2.2,2026/06/03 08:30:00,2026/06/03 09:29:51,,,,,,完了,2026/06/03 09:29:51
CASE-PO-000272,CASE-PN-000272,1,CASE-PO-000272_1,部品準備,A010,MB000102,MG001,WC000051,104,45,10,55,2026/06/18 08:30:00,2026/06/18 09:25:00,,EQ-A010,9004,田中 三郎,10,104,100.0,0,0.0,2026/06/18 08:30:00,2026/06/18 09:15:34,,,,,,完了,2026/06/18 09:15:34
CASE-PO-000272,CASE-PN-000272,2,CASE-PO-000272_2,一次組立,A020,MB000102,MG001,WC000052,104,180,25,205,2026/06/18 12:48:30,2026/06/18 16:13:30,,EQ-A020,9004,田中 三郎,25,103,99.0,1,1.0,2026/06/18 12:48:30,2026/06/18 16:27:12,,,,,,完了,2026/06/18 16:27:12
CASE-PO-000272,CASE-PN-000272,3,CASE-PO-000272_3,二次組立,A030,MB000102,MG001,WC000053,104,150,20,170,2026/06/19 00:42:33,2026/06/19 11:20:00,,EQ-A030,9004,田中 三郎,20,102,98.1,1,1.0,2026/06/19 08:30:00,2026/06/19 11:21:45,,,,,,完了,2026/06/19 11:21:45
CASE-PO-000272,CASE-PN-000272,4,CASE-PO-000272_4,完成検査,A040,MB000102,MG001,WC000054,104,60,0,60,2026/06/19 17:30:36,2026/06/22 09:30:00,,EQ-A040,9004,田中 三郎,0,102,98.1,1,1.0,2026/06/22 08:30:00,2026/06/22 09:31:15,,,,,,完了,2026/06/22 09:31:15
CASE-PO-000273,CASE-PN-000273,1,CASE-PO-000273_1,部品準備,A010,MB000103,MG001,WC000051,65,45,10,55,2026/05/14 08:30:00,2026/05/14 09:25:00,,EQ-A010,9002,鈴木 花子,10,64,98.5,1,1.5,2026/05/14 08:30:00,2026/05/14 09:15:08,,,,,,完了,2026/05/14 09:15:08
CASE-PO-000273,CASE-PN-000273,2,CASE-PO-000273_2,一次組立,A020,MB000103,MG001,WC000052,65,180,25,205,2026/05/14 10:58:56,2026/05/14 14:23:56,,EQ-A020,9002,鈴木 花子,25,63,96.9,1,1.5,2026/05/14 10:58:56,2026/05/14 14:13:47,,,,,,完了,2026/05/14 14:13:47
CASE-PO-000273,CASE-PN-000273,3,CASE-PO-000273_3,二次組立,A030,MB000103,MG001,WC000053,65,150,20,170,2026/05/14 20:12:36,2026/05/15 11:20:00,,EQ-A030,9002,鈴木 花子,20,64,98.5,1,1.5,2026/05/15 08:30:00,2026/05/15 11:22:07,,,,,,完了,2026/05/15 11:22:07
CASE-PO-000273,CASE-PN-000273,4,CASE-PO-000273_4,完成検査,A040,MB000103,MG001,WC000054,65,60,0,60,2026/05/15 16:30:02,2026/05/15 17:30:02,,EQ-A040,9002,鈴木 花子,0,63,96.9,0,0.0,2026/05/15 16:30:02,2026/05/15 17:27:57,,,,,,完了,2026/05/15 17:27:57
CASE-PO-000274,CASE-PN-000274,1,CASE-PO-000274_1,部品準備,A010,MB000101,MG001,WC000051,41,45,10,55,2026/06/15 08:30:00,2026/06/15 09:25:00,,EQ-A010,9003,佐藤 次郎,10,40,97.6,1,2.4,2026/06/15 08:30:00,2026/06/15 09:21:07,,,,,,完了,2026/06/15 09:21:07
CASE-PO-000274,CASE-PN-000274,2,CASE-PO-000274_2,一次組立,A020,MB000101,MG001,WC000052,41,180,25,205,2026/06/15 11:36:26,2026/06/15 15:01:26,,EQ-A020,9003,佐藤 次郎,25,40,97.6,0,0.0,2026/06/15 11:36:26,2026/06/15 14:12:24,,,,,,完了,2026/06/15 14:12:24
CASE-PO-000274,CASE-PN-000274,3,CASE-PO-000274_3,二次組立,A030,MB000101,MG001,WC000053,41,150,20,170,2026/06/15 17:44:03,2026/06/16 11:20:00,,EQ-A030,9003,佐藤 次郎,20,40,97.6,1,2.4,2026/06/16 08:30:00,2026/06/16 10:53:28,,,,,,完了,2026/06/16 10:53:28
CASE-PO-000274,CASE-PN-000274,4,CASE-PO-000274_4,完成検査,A040,MB000101,MG001,WC000054,41,60,0,60,2026/06/16 13:18:13,2026/06/16 14:18:13,,EQ-A040,9003,佐藤 次郎,0,40,97.6,0,0.0,2026/06/16 13:18:13,2026/06/16 14:28:20,,,,,,完了,2026/06/16 14:28:20
CASE-PO-000275,CASE-PN-000275,1,CASE-PO-000275_1,部品準備,A010,MB000103,MG001,WC000051,64,45,10,55,2026/05/11 08:30:00,2026/05/11 09:25:00,,EQ-A010,9005,高橋 四郎,10,63,98.4,0,0.0,2026/05/11 08:30:00,2026/05/11 09:13:13,,,,,,完了,2026/05/11 09:13:13
CASE-PO-000275,CASE-PN-000275,2,CASE-PO-000275_2,一次組立,A020,MB000103,MG001,WC000052,64,180,25,205,2026/05/11 13:43:14,2026/05/11 17:08:14,,EQ-A020,9005,高橋 四郎,25,63,98.4,1,1.6,2026/05/11 13:43:14,2026/05/11 17:12:47,,,,,,完了,2026/05/11 17:12:47
CASE-PO-000275,CASE-PN-000275,3,CASE-PO-000275_3,二次組立,A030,MB000103,MG001,WC000053,64,150,20,170,2026/05/11 21:44:14,2026/05/12 11:20:00,,EQ-A030,9005,高橋 四郎,20,64,100.0,0,0.0,2026/05/12 08:30:00,2026/05/12 11:26:03,,,,,,完了,2026/05/12 11:26:03
CASE-PO-000275,CASE-PN-000275,4,CASE-PO-000275_4,完成検査,A040,MB000103,MG001,WC000054,64,60,0,60,2026/05/12 18:02:36,2026/05/13 09:30:00,,EQ-A040,9005,高橋 四郎,0,64,100.0,0,0.0,2026/05/13 08:30:00,2026/05/13 09:31:10,,,,,,完了,2026/05/13 09:31:10
CASE-PO-000276,CASE-PN-000276,1,CASE-PO-000276_1,部品準備,A010,MB000101,MG001,WC000051,90,45,10,55,2026/05/25 08:30:00,2026/05/25 09:25:00,,EQ-A010,9004,田中 三郎,10,89,98.9,0,0.0,2026/05/25 08:30:00,2026/05/25 09:09:22,,,,,,完了,2026/05/25 09:09:22
CASE-PO-000276,CASE-PN-000276,2,CASE-PO-000276_2,一次組立,A020,MB000101,MG001,WC000052,90,180,25,205,2026/05/25 15:47:47,2026/05/26 10:12:00,,EQ-A020,9004,田中 三郎,25,88,97.8,1,1.1,2026/05/25 15:47:47,2026/05/26 09:37:48,,,,,,完了,2026/05/26 09:37:48
CASE-PO-000276,CASE-PN-000276,3,CASE-PO-000276_3,二次組立,A030,MB000101,MG001,WC000053,90,150,20,170,2026/05/26 19:04:27,2026/05/27 11:20:00,,EQ-A030,9004,田中 三郎,20,88,97.8,0,0.0,2026/05/27 08:30:00,2026/05/27 10:47:09,,,,,,完了,2026/05/27 10:47:09
CASE-PO-000276,CASE-PN-000276,4,CASE-PO-000276_4,完成検査,A040,MB000101,MG001,WC000054,90,60,0,60,2026/05/27 12:08:58,2026/05/27 13:08:58,,EQ-A040,9004,田中 三郎,0,88,97.8,2,2.2,2026/05/27 12:08:58,2026/05/27 13:11:30,,,,,,完了,2026/05/27 13:11:30
CASE-PO-000277,CASE-PN-000277,1,CASE-PO-000277_1,部品準備,A010,MB000103,MG001,WC000051,75,45,10,55,2026/07/06 08:30:00,2026/07/06 09:25:00,,EQ-A010,9004,田中 三郎,10,74,98.7,0,0.0,2026/07/06 08:30:00,2026/07/06 09:16:23,,,,,,完了,2026/07/06 09:16:23
CASE-PO-000277,CASE-PN-000277,2,CASE-PO-000277_2,一次組立,A020,MB000103,MG001,WC000052,75,180,25,205,2026/07/06 10:19:33,2026/07/06 13:44:33,,EQ-A020,9004,田中 三郎,25,75,100.0,1,1.3,2026/07/06 10:19:33,2026/07/06 13:07:37,,,,,,完了,2026/07/06 13:07:37
CASE-PO-000277,CASE-PN-000277,3,CASE-PO-000277_3,二次組立,A030,MB000103,MG001,WC000053,75,150,20,170,2026/07/06 21:24:39,2026/07/07 11:20:00,,EQ-A030,9004,田中 三郎,20,73,97.3,0,0.0,2026/07/07 08:30:00,2026/07/07 11:26:19,,,,,,完了,2026/07/07 11:26:19
CASE-PO-000277,CASE-PN-000277,4,CASE-PO-000277_4,完成検査,A040,MB000103,MG001,WC000054,75,60,0,60,2026/07/07 13:30:16,2026/07/07 14:30:16,,EQ-A040,9004,田中 三郎,0,74,98.7,1,1.3,2026/07/07 08:26:19,2026/07/07 14:38:54,,,,,,完了,2026/07/07 14:38:54
CASE-PO-000278,CASE-PN-000278,1,CASE-PO-000278_1,部品準備,A010,MB000102,MG001,WC000051,125,45,10,55,2026/07/02 08:30:00,2026/07/02 09:25:00,,EQ-A010,9001,山田 太郎,10,125,100.0,0,0.0,2026/07/02 08:30:00,2026/07/02 09:21:36,,,,,,完了,2026/07/02 09:21:36
CASE-PO-000278,CASE-PN-000278,2,CASE-PO-000278_2,一次組立,A020,MB000102,MG001,WC000052,125,180,25,205,2026/07/02 10:43:05,2026/07/02 14:08:05,,EQ-A020,9001,山田 太郎,25,124,99.2,0,0.0,2026/07/02 10:43:05,2026/07/02 13:59:11,,,,,,完了,2026/07/02 13:59:11
CASE-PO-000278,CASE-PN-000278,3,CASE-PO-000278_3,二次組立,A030,MB000102,MG001,WC000053,125,150,20,170,2026/07/03 00:46:11,2026/07/03 11:20:00,,EQ-A030,9001,山田 太郎,20,124,99.2,0,0.0,2026/07/03 08:30:00,2026/07/03 11:15:42,,,,,,完了,2026/07/03 11:15:42
CASE-PO-000278,CASE-PN-000278,4,CASE-PO-000278_4,完成検査,A040,MB000102,MG001,WC000054,125,60,0,60,2026/07/03 12:28:36,2026/07/03 13:28:36,,EQ-A040,9001,山田 太郎,0,122,97.6,2,1.6,2026/07/03 12:28:36,2026/07/03 13:36:53,,,,,,完了,2026/07/03 13:36:53
CASE-PO-000279,CASE-PN-000279,1,CASE-PO-000279_1,部品準備,A010,MB000103,MG001,WC000051,82,45,10,55,2026/05/18 08:30:00,2026/05/18 09:25:00,,EQ-A010,9004,田中 三郎,10,82,100.0,0,0.0,2026/05/18 08:30:00,2026/05/18 09:19:01,,,,,,完了,2026/05/18 09:19:01
CASE-PO-000279,CASE-PN-000279,2,CASE-PO-000279_2,一次組立,A020,MB000103,MG001,WC000052,82,180,25,205,2026/05/18 16:00:07,2026/05/19 10:25:00,,EQ-A020,9004,田中 三郎,25,81,98.8,0,0.0,2026/05/18 16:00:07,2026/05/19 10:40:21,,,,,,完了,2026/05/19 10:40:21
CASE-PO-000279,CASE-PN-000279,3,CASE-PO-000279_3,二次組立,A030,MB000103,MG001,WC000053,82,150,20,170,2026/05/19 19:16:22,2026/05/20 11:20:00,,EQ-A030,9004,田中 三郎,20,81,98.8,2,2.4,2026/05/20 08:30:00,2026/05/20 10:52:58,,,,,,完了,2026/05/20 10:52:58
CASE-PO-000279,CASE-PN-000279,4,CASE-PO-000279_4,完成検査,A040,MB000103,MG001,WC000054,82,60,0,60,2026/05/20 20:18:26,2026/05/21 09:30:00,,EQ-A040,9004,田中 三郎,0,80,97.6,0,0.0,2026/05/21 08:30:00,2026/05/21 09:42:45,,,,,,完了,2026/05/21 09:42:45
CASE-PO-000280,CASE-PN-000280,1,CASE-PO-000280_1,部品準備,A010,MB000101,MG001,WC000051,94,45,10,55,2026/06/01 08:30:00,2026/06/01 09:25:00,,EQ-A010,9003,佐藤 次郎,10,92,97.9,1,1.1,2026/06/01 08:30:00,2026/06/01 09:10:18,,,,,,完了,2026/06/01 09:10:18
CASE-PO-000280,CASE-PN-000280,2,CASE-PO-000280_2,一次組立,A020,MB000101,MG001,WC000052,94,180,25,205,2026/06/01 11:18:58,2026/06/01 14:43:58,,EQ-A020,9003,佐藤 次郎,25,92,97.9,0,0.0,2026/06/01 11:18:58,2026/06/01 14:40:24,,,,,,完了,2026/06/01 14:40:24
CASE-PO-000280,CASE-PN-000280,3,CASE-PO-000280_3,二次組立,A030,MB000101,MG001,WC000053,94,150,20,170,2026/06/01 21:41:57,2026/06/02 11:20:00,,EQ-A030,9003,佐藤 次郎,20,92,97.9,0,0.0,2026/06/02 08:30:00,2026/06/02 11:02:28,,,,,,完了,2026/06/02 11:02:28
CASE-PO-000280,CASE-PN-000280,4,CASE-PO-000280_4,完成検査,A040,MB000101,MG001,WC000054,94,60,0,60,2026/06/02 15:20:05,2026/06/02 16:20:05,,EQ-A040,9003,佐藤 次郎,0,93,98.9,2,2.1,2026/06/02 15:20:05,2026/06/02 16:17:25,,,,,,完了,2026/06/02 16:17:25
CASE-PO-000281,CASE-PN-000281,1,CASE-PO-000281_1,部品準備,A010,MB000101,MG001,WC000051,44,45,10,55,2026/05/25 08:30:00,2026/05/25 09:25:00,,EQ-A010,9001,山田 太郎,10,43,97.7,0,0.0,2026/05/25 08:30:00,2026/05/25 09:09:41,,,,,,完了,2026/05/25 09:09:41
CASE-PO-000281,CASE-PN-000281,2,CASE-PO-000281_2,一次組立,A020,MB000101,MG001,WC000052,44,180,25,205,2026/05/25 14:36:43,2026/05/26 09:01:00,,EQ-A020,9001,山田 太郎,25,44,100.0,0,0.0,2026/05/25 14:36:43,2026/05/25 17:21:12,,,,,,完了,2026/05/25 17:21:12
CASE-PO-000281,CASE-PN-000281,3,CASE-PO-000281_3,二次組立,A030,MB000101,MG001,WC000053,44,150,20,170,2026/05/25 22:51:02,2026/05/26 11:20:00,,EQ-A030,9001,山田 太郎,20,43,97.7,0,0.0,2026/05/26 08:30:00,2026/05/26 11:16:36,,,,,,完了,2026/05/26 11:16:36
CASE-PO-000281,CASE-PN-000281,4,CASE-PO-000281_4,完成検査,A040,MB000101,MG001,WC000054,44,60,0,60,2026/05/26 15:18:42,2026/05/26 16:18:42,,EQ-A040,9001,山田 太郎,0,43,97.7,1,2.3,2026/05/26 15:18:42,2026/05/26 16:27:00,,,,,,完了,2026/05/26 16:27:00
CASE-PO-000282,CASE-PN-000282,1,CASE-PO-000282_1,部品準備,A010,MB000101,MG001,WC000051,42,45,10,55,2026/05/15 08:30:00,2026/05/15 09:25:00,,EQ-A010,9001,山田 太郎,10,42,100.0,1,2.4,2026/05/15 08:30:00,2026/05/15 09:11:00,,,,,,完了,2026/05/15 09:11:00
CASE-PO-000282,CASE-PN-000282,2,CASE-PO-000282_2,一次組立,A020,MB000101,MG001,WC000052,42,180,25,205,2026/05/15 14:21:19,2026/05/18 08:46:00,,EQ-A020,9001,山田 太郎,25,42,100.0,1,2.4,2026/05/15 14:21:19,2026/05/18 08:34:48,,,,,,完了,2026/05/18 08:34:48
CASE-PO-000282,CASE-PN-000282,3,CASE-PO-000282_3,二次組立,A030,MB000101,MG001,WC000053,42,150,20,170,2026/05/18 20:32:26,2026/05/19 11:20:00,,EQ-A030,9001,山田 太郎,20,42,100.0,1,2.4,2026/05/19 08:30:00,2026/05/19 11:26:46,,,,,,完了,2026/05/19 11:26:46
CASE-PO-000282,CASE-PN-000282,4,CASE-PO-000282_4,完成検査,A040,MB000101,MG001,WC000054,42,60,0,60,2026/05/19 12:52:31,2026/05/19 13:52:31,,EQ-A040,9001,山田 太郎,0,42,100.0,0,0.0,2026/05/19 12:52:31,2026/05/19 13:59:21,,,,,,完了,2026/05/19 13:59:21
CASE-PO-000283,CASE-PN-000283,1,CASE-PO-000283_1,部品準備,A010,MB000102,MG001,WC000051,61,45,10,55,2026/06/26 08:30:00,2026/06/26 09:25:00,,EQ-A010,9004,田中 三郎,10,60,98.4,1,1.6,2026/06/26 08:30:00,2026/06/26 09:23:58,,,,,,完了,2026/06/26 09:23:58
CASE-PO-000283,CASE-PN-000283,2,CASE-PO-000283_2,一次組立,A020,MB000102,MG001,WC000052,61,180,25,205,2026/06/26 10:24:52,2026/06/26 13:49:52,,EQ-A020,9004,田中 三郎,25,60,98.4,1,1.6,2026/06/26 10:24:52,2026/06/26 13:33:13,,,,,,完了,2026/06/26 13:33:13
CASE-PO-000283,CASE-PN-000283,3,CASE-PO-000283_3,二次組立,A030,MB000102,MG001,WC000053,61,150,20,170,2026/06/26 18:56:35,2026/06/29 11:20:00,,EQ-A030,9004,田中 三郎,20,59,96.7,0,0.0,2026/06/29 08:30:00,2026/06/29 11:27:25,,,,,,完了,2026/06/29 11:27:25
CASE-PO-000283,CASE-PN-000283,4,CASE-PO-000283_4,完成検査,A040,MB000102,MG001,WC000054,61,60,0,60,2026/06/29 16:07:05,2026/06/29 17:07:05,,EQ-A040,9004,田中 三郎,0,61,100.0,1,1.6,2026/06/29 16:07:05,2026/06/29 16:59:11,,,,,,完了,2026/06/29 16:59:11
CASE-PO-000284,CASE-PN-000284,1,CASE-PO-000284_1,部品準備,A010,MB000102,MG001,WC000051,142,45,10,55,2026/05/12 08:30:00,2026/05/12 09:25:00,,EQ-A010,9004,田中 三郎,10,138,97.2,2,1.4,2026/05/12 08:30:00,2026/05/12 09:09:41,,,,,,完了,2026/05/12 09:09:41
CASE-PO-000284,CASE-PN-000284,2,CASE-PO-000284_2,一次組立,A020,MB000102,MG001,WC000052,142,180,25,205,2026/05/12 14:19:37,2026/05/13 08:44:00,,EQ-A020,9004,田中 三郎,25,139,97.9,2,1.4,2026/05/12 14:19:37,2026/05/12 17:29:58,,,,,,完了,2026/05/12 17:29:58
CASE-PO-000284,CASE-PN-000284,3,CASE-PO-000284_3,二次組立,A030,MB000102,MG001,WC000053,142,150,20,170,2026/05/13 00:17:52,2026/05/13 11:20:00,,EQ-A030,9004,田中 三郎,20,140,98.6,1,0.7,2026/05/13 08:30:00,2026/05/13 11:02:15,,,,,,完了,2026/05/13 11:02:15
CASE-PO-000284,CASE-PN-000284,4,CASE-PO-000284_4,完成検査,A040,MB000102,MG001,WC000054,142,60,0,60,2026/05/13 18:23:04,2026/05/14 09:30:00,,EQ-A040,9004,田中 三郎,0,140,98.6,1,0.7,2026/05/14 08:30:00,2026/05/14 09:39:39,,,,,,完了,2026/05/14 09:39:39
CASE-PO-000285,CASE-PN-000285,1,CASE-PO-000285_1,部品準備,A010,MB000103,MG001,WC000051,68,45,10,55,2026/06/22 08:30:00,2026/06/22 09:25:00,,EQ-A010,9004,田中 三郎,10,67,98.5,0,0.0,2026/06/22 08:30:00,2026/06/22 09:15:32,,,,,,完了,2026/06/22 09:15:32
CASE-PO-000285,CASE-PN-000285,2,CASE-PO-000285_2,一次組立,A020,MB000103,MG001,WC000052,68,180,25,205,2026/06/22 15:14:12,2026/06/23 09:39:00,,EQ-A020,9004,田中 三郎,25,67,98.5,0,0.0,2026/06/22 15:14:12,2026/06/23 08:59:31,,,,,,完了,2026/06/23 08:59:31
CASE-PO-000285,CASE-PN-000285,3,CASE-PO-000285_3,二次組立,A030,MB000103,MG001,WC000053,68,150,20,170,2026/06/23 17:08:04,2026/06/24 10:58:00,,EQ-A030,9004,田中 三郎,20,68,100.0,1,1.5,2026/06/23 17:08:04,2026/06/24 11:12:35,,,,,,完了,2026/06/24 11:12:35
CASE-PO-000285,CASE-PN-000285,4,CASE-PO-000285_4,完成検査,A040,MB000103,MG001,WC000054,68,60,0,60,2026/06/24 17:02:04,2026/06/25 09:02:00,,EQ-A040,9004,田中 三郎,0,67,98.5,0,0.0,2026/06/24 17:02:04,2026/06/25 09:12:49,,,,,,完了,2026/06/25 09:12:49
CASE-PO-000286,CASE-PN-000286,1,CASE-PO-000286_1,部品準備,A010,MB000103,MG001,WC000051,76,45,10,55,2026/05/29 08:30:00,2026/05/29 09:25:00,,EQ-A010,9004,田中 三郎,10,75,98.7,1,1.3,2026/05/29 08:30:00,2026/05/29 09:08:25,,,,,,完了,2026/05/29 09:08:25
CASE-PO-000286,CASE-PN-000286,2,CASE-PO-000286_2,一次組立,A020,MB000103,MG001,WC000052,76,180,25,205,2026/05/29 15:49:47,2026/06/01 10:14:00,,EQ-A020,9004,田中 三郎,25,74,97.4,1,1.3,2026/05/29 15:49:47,2026/06/01 10:13:21,,,,,,完了,2026/06/01 10:13:21
CASE-PO-000286,CASE-PN-000286,3,CASE-PO-000286_3,二次組立,A030,MB000103,MG001,WC000053,76,150,20,170,2026/06/01 12:59:51,2026/06/01 15:49:51,,EQ-A030,9004,田中 三郎,20,76,100.0,1,1.3,2026/06/01 12:59:51,2026/06/01 15:16:18,,,,,,完了,2026/06/01 15:16:18
CASE-PO-000286,CASE-PN-000286,4,CASE-PO-000286_4,完成検査,A040,MB000103,MG001,WC000054,76,60,0,60,2026/06/02 00:34:13,2026/06/02 09:30:00,,EQ-A040,9004,田中 三郎,0,75,98.7,0,0.0,2026/06/02 08:30:00,2026/06/02 09:30:38,,,,,,完了,2026/06/02 09:30:38
CASE-PO-000287,CASE-PN-000287,1,CASE-PO-000287_1,部品準備,A010,MB000102,MG001,WC000051,100,45,10,55,2026/05/11 08:30:00,2026/05/11 09:25:00,,EQ-A010,9005,高橋 四郎,10,98,98.0,0,0.0,2026/05/11 08:30:00,2026/05/11 09:22:58,,,,,,完了,2026/05/11 09:22:58
CASE-PO-000287,CASE-PN-000287,2,CASE-PO-000287_2,一次組立,A020,MB000102,MG001,WC000052,100,180,25,205,2026/05/11 17:04:46,2026/05/12 11:29:00,,EQ-A020,9005,高橋 四郎,25,99,99.0,2,2.0,2026/05/11 17:04:46,2026/05/12 10:43:56,,,,,,完了,2026/05/12 10:43:56
CASE-PO-000287,CASE-PN-000287,3,CASE-PO-000287_3,二次組立,A030,MB000102,MG001,WC000053,100,150,20,170,2026/05/12 14:07:42,2026/05/12 16:57:42,,EQ-A030,9005,高橋 四郎,20,100,100.0,1,1.0,2026/05/12 14:07:42,2026/05/12 16:52:48,,,,,,完了,2026/05/12 16:52:48
CASE-PO-000287,CASE-PN-000287,4,CASE-PO-000287_4,完成検査,A040,MB000102,MG001,WC000054,100,60,0,60,2026/05/13 00:35:29,2026/05/13 09:30:00,,EQ-A040,9005,高橋 四郎,0,100,100.0,0,0.0,2026/05/13 08:30:00,2026/05/13 09:24:52,,,,,,完了,2026/05/13 09:24:52
CASE-PO-000288,CASE-PN-000288,1,CASE-PO-000288_1,部品準備,A010,MB000102,MG001,WC000051,92,45,10,55,2026/06/10 08:30:00,2026/06/10 09:25:00,,EQ-A010,9001,山田 太郎,10,91,98.9,1,1.1,2026/06/10 08:30:00,2026/06/10 09:17:45,,,,,,完了,2026/06/10 09:17:45
CASE-PO-000288,CASE-PN-000288,2,CASE-PO-000288_2,一次組立,A020,MB000102,MG001,WC000052,92,180,25,205,2026/06/10 11:32:40,2026/06/10 14:57:40,,EQ-A020,9001,山田 太郎,25,90,97.8,2,2.2,2026/06/10 11:32:40,2026/06/10 14:19:19,,,,,,完了,2026/06/10 14:19:19
CASE-PO-000288,CASE-PN-000288,3,CASE-PO-000288_3,二次組立,A030,MB000102,MG001,WC000053,92,150,20,170,2026/06/10 19:07:27,2026/06/11 11:20:00,,EQ-A030,9001,山田 太郎,20,90,97.8,1,1.1,2026/06/11 08:30:00,2026/06/11 10:50:52,,,,,,完了,2026/06/11 10:50:52
CASE-PO-000288,CASE-PN-000288,4,CASE-PO-000288_4,完成検査,A040,MB000102,MG001,WC000054,92,60,0,60,2026/06/11 16:17:36,2026/06/11 17:17:36,,EQ-A040,9001,山田 太郎,0,89,96.7,0,0.0,2026/06/11 16:17:36,2026/06/11 17:13:30,,,,,,完了,2026/06/11 17:13:30
CASE-PO-000289,CASE-PN-000289,1,CASE-PO-000289_1,部品準備,A010,MB000102,MG001,WC000051,165,45,10,55,2026/06/29 08:30:00,2026/06/29 09:25:00,,EQ-A010,9002,鈴木 花子,10,164,99.4,2,1.2,2026/06/29 08:30:00,2026/06/29 09:21:49,,,,,,完了,2026/06/29 09:21:49
CASE-PO-000289,CASE-PN-000289,2,CASE-PO-000289_2,一次組立,A020,MB000102,MG001,WC000052,165,180,25,205,2026/06/29 14:19:36,2026/06/30 08:44:00,,EQ-A020,9002,鈴木 花子,25,164,99.4,1,0.6,2026/06/29 14:19:36,2026/06/29 16:54:31,,,,,,完了,2026/06/29 16:54:31
CASE-PO-000289,CASE-PN-000289,3,CASE-PO-000289_3,二次組立,A030,MB000102,MG001,WC000053,165,150,20,170,2026/06/29 22:58:02,2026/06/30 11:20:00,,EQ-A030,9002,鈴木 花子,20,163,98.8,0,0.0,2026/06/30 08:30:00,2026/06/30 11:09:56,,,,,,完了,2026/06/30 11:09:56
CASE-PO-000289,CASE-PN-000289,4,CASE-PO-000289_4,完成検査,A040,MB000102,MG001,WC000054,165,60,0,60,2026/06/30 18:05:07,2026/07/01 09:30:00,,EQ-A040,9002,鈴木 花子,0,164,99.4,2,1.2,2026/07/01 08:30:00,2026/07/01 09:28:44,,,,,,完了,2026/07/01 09:28:44
CASE-PO-000290,CASE-PN-000290,1,CASE-PO-000290_1,部品準備,A010,MB000101,MG001,WC000051,63,45,10,55,2026/06/01 08:30:00,2026/06/01 09:25:00,,EQ-A010,9005,高橋 四郎,10,62,98.4,1,1.6,2026/06/01 08:30:00,2026/06/01 09:11:00,,,,,,完了,2026/06/01 09:11:00
CASE-PO-000290,CASE-PN-000290,2,CASE-PO-000290_2,一次組立,A020,MB000101,MG001,WC000052,63,180,25,205,2026/06/01 15:32:02,2026/06/02 09:57:00,,EQ-A020,9005,高橋 四郎,,,,,,2026/06/01 15:32:02,,,,,,,生産中,2026/06/02 09:57:00
CASE-PO-000290,CASE-PN-000290,3,CASE-PO-000290_3,二次組立,A030,MB000101,MG001,WC000053,63,150,20,170,2026/06/02 14:46:52,2026/06/03 08:36:00,,EQ-A030,9005,高橋 四郎,,,,,,,,,,,,,開始待ち,2026/06/03 08:36:00
CASE-PO-000290,CASE-PN-000290,4,CASE-PO-000290_4,完成検査,A040,MB000101,MG001,WC000054,63,60,0,60,2026/06/03 10:24:49,2026/06/03 11:24:49,,EQ-A040,9005,高橋 四郎,,,,,,,,,,,,,開始待ち,2026/06/03 11:24:49
CASE-PO-000291,CASE-PN-000291,1,CASE-PO-000291_1,部品準備,A010,MB000103,MG001,WC000051,55,45,10,55,2026/05/26 08:30:00,2026/05/26 09:25:00,,EQ-A010,9003,佐藤 次郎,10,54,98.2,1,1.8,2026/05/26 08:30:00,2026/05/26 09:08:55,,,,,,完了,2026/05/26 09:08:55
CASE-PO-000291,CASE-PN-000291,2,CASE-PO-000291_2,一次組立,A020,MB000103,MG001,WC000052,55,180,25,205,2026/05/26 16:28:03,2026/05/27 10:53:00,,EQ-A020,9003,佐藤 次郎,25,54,98.2,1,1.8,2026/05/26 16:28:03,2026/05/27 10:54:53,,,,,,完了,2026/05/27 10:54:53
CASE-PO-000291,CASE-PN-000291,3,CASE-PO-000291_3,二次組立,A030,MB000103,MG001,WC000053,55,150,20,170,2026/05/27 17:02:04,2026/05/28 10:52:00,,EQ-A030,9003,佐藤 次郎,20,55,100.0,0,0.0,2026/05/27 17:02:04,2026/05/28 10:13:32,,,,,,完了,2026/05/28 10:13:32
CASE-PO-000291,CASE-PN-000291,4,CASE-PO-000291_4,完成検査,A040,MB000103,MG001,WC000054,55,60,0,60,2026/05/28 19:20:30,2026/05/29 09:30:00,,EQ-A040,9003,佐藤 次郎,0,55,100.0,1,1.8,2026/05/29 08:30:00,2026/05/29 09:26:42,,,,,,完了,2026/05/29 09:26:42
CASE-PO-000292,CASE-PN-000292,1,CASE-PO-000292_1,部品準備,A010,MB000101,MG001,WC000051,40,45,10,55,2026/05/25 08:30:00,2026/05/25 09:25:00,,EQ-A010,9005,高橋 四郎,10,40,100.0,0,0.0,2026/05/25 08:30:00,2026/05/25 09:14:25,,,,,,完了,2026/05/25 09:14:25
CASE-PO-000292,CASE-PN-000292,2,CASE-PO-000292_2,一次組立,A020,MB000101,MG001,WC000052,40,180,25,205,2026/05/25 16:48:44,2026/05/26 11:13:00,,EQ-A020,9005,高橋 四郎,25,39,97.5,0,0.0,2026/05/25 16:48:44,2026/05/26 10:50:32,,,,,,完了,2026/05/26 10:50:32
CASE-PO-000292,CASE-PN-000292,3,CASE-PO-000292_3,二次組立,A030,MB000101,MG001,WC000053,40,150,20,170,2026/05/26 15:11:19,2026/05/27 09:01:00,,EQ-A030,9005,高橋 四郎,20,40,100.0,0,0.0,2026/05/26 15:11:19,2026/05/27 08:54:42,,,,,,完了,2026/05/27 08:54:42
CASE-PO-000292,CASE-PN-000292,4,CASE-PO-000292_4,完成検査,A040,MB000101,MG001,WC000054,40,60,0,60,2026/05/27 14:14:12,2026/05/27 15:14:12,,EQ-A040,9005,高橋 四郎,0,39,97.5,0,0.0,2026/05/27 14:14:12,2026/05/27 15:28:18,,,,,,完了,2026/05/27 15:28:18
CASE-PO-000293,CASE-PN-000293,1,CASE-PO-000293_1,部品準備,A010,MB000101,MG001,WC000051,84,45,10,55,2026/06/01 08:30:00,2026/06/01 09:25:00,,EQ-A010,9001,山田 太郎,10,84,100.0,2,2.4,2026/06/01 08:30:00,2026/06/01 09:18:07,,,,,,完了,2026/06/01 09:18:07
CASE-PO-000293,CASE-PN-000293,2,CASE-PO-000293_2,一次組立,A020,MB000101,MG001,WC000052,84,180,25,205,2026/06/01 11:24:45,2026/06/01 14:49:45,,EQ-A020,9001,山田 太郎,25,83,98.8,0,0.0,2026/06/01 11:24:45,2026/06/01 14:38:44,,,,,,完了,2026/06/01 14:38:44
CASE-PO-000293,CASE-PN-000293,3,CASE-PO-000293_3,二次組立,A030,MB000101,MG001,WC000053,84,150,20,170,2026/06/01 17:03:12,2026/06/02 10:53:00,,EQ-A030,9001,山田 太郎,20,82,97.6,1,1.2,2026/06/01 17:03:12,2026/06/02 10:54:52,,,,,,完了,2026/06/02 10:54:52
CASE-PO-000293,CASE-PN-000293,4,CASE-PO-000293_4,完成検査,A040,MB000101,MG001,WC000054,84,60,0,60,2026/06/02 15:13:28,2026/06/02 16:13:28,,EQ-A040,9001,山田 太郎,0,82,97.6,0,0.0,2026/06/02 15:13:28,2026/06/02 16:23:43,,,,,,完了,2026/06/02 16:23:43
CASE-PO-000294,CASE-PN-000294,1,CASE-PO-000294_1,部品準備,A010,MB000103,MG001,WC000051,70,45,10,55,2026/07/01 08:30:00,2026/07/01 09:25:00,,EQ-A010,9003,佐藤 次郎,10,70,100.0,0,0.0,2026/07/01 08:30:00,2026/07/01 09:08:33,,,,,,完了,2026/07/01 09:08:33
CASE-PO-000294,CASE-PN-000294,2,CASE-PO-000294_2,一次組立,A020,MB000103,MG001,WC000052,70,180,25,205,2026/07/01 14:48:23,2026/07/02 09:13:00,,EQ-A020,9003,佐藤 次郎,25,68,97.1,0,0.0,2026/07/01 14:48:23,2026/07/02 09:17:04,,,,,,完了,2026/07/02 09:17:04
CASE-PO-000294,CASE-PN-000294,3,CASE-PO-000294_3,二次組立,A030,MB000103,MG001,WC000053,70,150,20,170,2026/07/02 20:44:29,2026/07/03 11:20:00,,EQ-A030,9003,佐藤 次郎,20,69,98.6,1,1.4,2026/07/03 08:30:00,2026/07/03 11:31:45,,,,,,完了,2026/07/03 11:31:45
CASE-PO-000294,CASE-PN-000294,4,CASE-PO-000294_4,完成検査,A040,MB000103,MG001,WC000054,70,60,0,60,2026/07/03 16:34:33,2026/07/06 08:34:00,,EQ-A040,9003,佐藤 次郎,0,69,98.6,1,1.4,2026/07/03 16:34:33,2026/07/03 17:26:46,,,,,,完了,2026/07/03 17:26:46
CASE-PO-000295,CASE-PN-000295,1,CASE-PO-000295_1,部品準備,A010,MB000103,MG001,WC000051,79,45,10,55,2026/06/08 08:30:00,2026/06/08 09:25:00,,EQ-A010,9001,山田 太郎,10,79,100.0,0,0.0,2026/06/08 08:30:00,2026/06/08 09:16:43,,,,,,完了,2026/06/08 09:16:43
CASE-PO-000295,CASE-PN-000295,2,CASE-PO-000295_2,一次組立,A020,MB000103,MG001,WC000052,79,180,25,205,2026/06/08 17:15:14,2026/06/09 11:40:00,,EQ-A020,9001,山田 太郎,25,78,98.7,1,1.3,2026/06/08 17:15:14,2026/06/09 11:57:26,,,,,,完了,2026/06/09 11:57:26
CASE-PO-000295,CASE-PN-000295,3,CASE-PO-000295_3,二次組立,A030,MB000103,MG001,WC000053,79,150,20,170,2026/06/09 21:18:03,2026/06/10 11:20:00,,EQ-A030,9001,山田 太郎,20,78,98.7,1,1.3,2026/06/10 08:30:00,2026/06/10 11:17:19,,,,,,完了,2026/06/10 11:17:19
CASE-PO-000295,CASE-PN-000295,4,CASE-PO-000295_4,完成検査,A040,MB000103,MG001,WC000054,79,60,0,60,2026/06/10 19:32:40,2026/06/11 09:30:00,,EQ-A040,9001,山田 太郎,0,78,98.7,0,0.0,2026/06/11 08:30:00,2026/06/11 09:24:40,,,,,,完了,2026/06/11 09:24:40
CASE-PO-000296,CASE-PN-000296,1,CASE-PO-000296_1,部品準備,A010,MB000101,MG001,WC000051,65,45,10,55,2026/05/25 08:30:00,2026/05/25 09:25:00,,EQ-A010,9003,佐藤 次郎,10,65,100.0,0,0.0,2026/05/25 08:30:00,2026/05/25 09:24:24,,,,,,完了,2026/05/25 09:24:24
CASE-PO-000296,CASE-PN-000296,2,CASE-PO-000296_2,一次組立,A020,MB000101,MG001,WC000052,65,180,25,205,2026/05/25 13:13:14,2026/05/25 16:38:14,,EQ-A020,9003,佐藤 次郎,25,64,98.5,0,0.0,2026/05/25 13:13:14,2026/05/25 16:26:40,,,,,,完了,2026/05/25 16:26:40
CASE-PO-000296,CASE-PN-000296,3,CASE-PO-000296_3,二次組立,A030,MB000101,MG001,WC000053,65,150,20,170,2026/05/25 19:37:28,2026/05/26 11:20:00,,EQ-A030,9003,佐藤 次郎,20,65,100.0,0,0.0,2026/05/26 08:30:00,2026/05/26 11:15:28,,,,,,完了,2026/05/26 11:15:28
CASE-PO-000296,CASE-PN-000296,4,CASE-PO-000296_4,完成検査,A040,MB000101,MG001,WC000054,65,60,0,60,2026/05/26 16:54:42,2026/05/27 08:54:00,,EQ-A040,9003,佐藤 次郎,0,64,98.5,1,1.5,2026/05/26 16:54:42,2026/05/27 08:51:57,,,,,,完了,2026/05/27 08:51:57
CASE-PO-000297,CASE-PN-000297,1,CASE-PO-000297_1,部品準備,A010,MB000103,MG001,WC000051,85,45,10,55,2026/06/24 08:30:00,2026/06/24 09:25:00,,EQ-A010,9005,高橋 四郎,10,85,100.0,1,1.2,2026/06/24 08:30:00,2026/06/24 09:17:13,,,,,,完了,2026/06/24 09:17:13
CASE-PO-000297,CASE-PN-000297,2,CASE-PO-000297_2,一次組立,A020,MB000103,MG001,WC000052,85,180,25,205,2026/06/24 11:11:56,2026/06/24 14:36:56,,EQ-A020,9005,高橋 四郎,25,85,100.0,0,0.0,2026/06/24 11:11:56,2026/06/24 14:36:10,,,,,,完了,2026/06/24 14:36:10
CASE-PO-000297,CASE-PN-000297,3,CASE-PO-000297_3,二次組立,A030,MB000103,MG001,WC000053,85,150,20,170,2026/06/24 17:52:55,2026/06/25 11:20:00,,EQ-A030,9005,高橋 四郎,20,84,98.8,1,1.2,,2026/06/25 11:33:11,,,,,,完了,2026/06/25 11:33:11
CASE-PO-000297,CASE-PN-000297,4,CASE-PO-000297_4,完成検査,A040,MB000103,MG001,WC000054,85,60,0,60,2026/06/25 18:32:32,2026/06/26 09:30:00,,EQ-A040,9005,高橋 四郎,0,83,97.6,1,1.2,2026/06/26 08:30:00,2026/06/26 09:34:40,,,,,,完了,2026/06/26 09:34:40
CASE-PO-000298,CASE-PN-000298,1,CASE-PO-000298_1,部品準備,A010,MB000103,MG001,WC000051,60,45,10,55,2026/05/07 08:30:00,2026/05/07 09:25:00,,EQ-A010,9002,鈴木 花子,10,59,98.3,0,0.0,2026/05/07 08:30:00,2026/05/07 09:19:29,,,,,,完了,2026/05/07 09:19:29
CASE-PO-000298,CASE-PN-000298,2,CASE-PO-000298_2,一次組立,A020,MB000103,MG001,WC000052,60,180,25,205,2026/05/07 13:20:13,2026/05/07 16:45:13,,EQ-A020,9002,鈴木 花子,25,60,100.0,0,0.0,2026/05/07 13:20:13,2026/05/07 17:04:18,,,,,,完了,2026/05/07 17:04:18
CASE-PO-000298,CASE-PN-000298,3,CASE-PO-000298_3,二次組立,A030,MB000103,MG001,WC000053,60,150,20,170,2026/05/08 04:47:25,2026/05/08 11:20:00,,EQ-A030,9002,鈴木 花子,20,59,98.3,1,1.7,2026/05/08 08:30:00,2026/05/08 11:33:30,,,,,,完了,2026/05/08 11:33:30
CASE-PO-000298,CASE-PN-000298,4,CASE-PO-000298_4,完成検査,A040,MB000103,MG001,WC000054,60,60,0,60,2026/05/08 19:55:05,2026/05/11 09:30:00,,EQ-A040,9002,鈴木 花子,0,60,100.0,1,1.7,2026/05/11 08:30:00,2026/05/11 09:34:55,,,,,,完了,2026/05/11 09:34:55
CASE-PO-000299,CASE-PN-000299,1,CASE-PO-000299_1,部品準備,A010,MB000103,MG001,WC000051,75,45,10,55,2026/06/22 08:30:00,2026/06/22 09:25:00,,EQ-A010,9001,山田 太郎,10,74,98.7,1,1.3,2026/06/22 08:30:00,2026/06/22 09:18:31,,,,,,完了,2026/06/22 09:18:31
CASE-PO-000299,CASE-PN-000299,2,CASE-PO-000299_2,一次組立,A020,MB000103,MG001,WC000052,75,180,25,205,2026/06/22 13:44:19,2026/06/22 17:09:19,,EQ-A020,9001,山田 太郎,25,73,97.3,1,1.3,2026/06/22 13:44:19,2026/06/22 17:03:05,,,,,,完了,2026/06/22 17:03:05
CASE-PO-000299,CASE-PN-000299,3,CASE-PO-000299_3,二次組立,A030,MB000103,MG001,WC000053,75,150,20,170,2026/06/22 22:04:18,2026/06/23 11:20:00,,EQ-A030,9001,山田 太郎,20,73,97.3,1,1.3,2026/06/23 08:30:00,2026/06/23 10:50:56,,,,,,完了,2026/06/23 10:50:56
CASE-PO-000299,CASE-PN-000299,4,CASE-PO-000299_4,完成検査,A040,MB000103,MG001,WC000054,75,60,0,60,2026/06/23 14:40:08,2026/06/23 15:40:08,,EQ-A040,9001,山田 太郎,0,73,97.3,1,1.3,2026/06/23 14:40:08,2026/06/23 15:50:50,,,,,,完了,2026/06/23 15:50:50
CASE-PO-000300,CASE-PN-000300,1,CASE-PO-000300_1,部品準備,A010,MB000103,MG001,WC000051,87,45,10,55,2026/06/09 08:30:00,2026/06/09 09:25:00,,EQ-A010,9003,佐藤 次郎,10,85,97.7,1,1.1,2026/06/09 08:30:00,2026/06/09 09:22:59,,,,,,完了,2026/06/09 09:22:59
CASE-PO-000300,CASE-PN-000300,2,CASE-PO-000300_2,一次組立,A020,MB000103,MG001,WC000052,87,180,25,205,2026/06/09 15:19:04,2026/06/10 09:44:00,,EQ-A020,9003,佐藤 次郎,25,87,100.0,0,0.0,2026/06/09 15:19:04,2026/06/10 09:26:58,,,,,,完了,2026/06/10 09:26:58
CASE-PO-000300,CASE-PN-000300,3,CASE-PO-000300_3,二次組立,A030,MB000103,MG001,WC000053,87,150,20,170,2026/06/10 15:27:31,2026/06/11 09:17:00,,EQ-A030,9003,佐藤 次郎,20,85,97.7,0,0.0,2026/06/10 15:27:31,2026/06/11 09:09:03,,,,,,完了,2026/06/11 09:09:03
CASE-PO-000300,CASE-PN-000300,4,CASE-PO-000300_4,完成検査,A040,MB000103,MG001,WC000054,87,60,0,60,2026/06/11 18:49:35,2026/06/12 09:30:00,,EQ-A040,9003,佐藤 次郎,0,87,100.0,1,1.1,2026/06/12 08:30:00,2026/06/12 09:42:47,,,,,,完了,2026/06/12 09:42:47
CASE-PO-000301,CASE-PN-000301,1,CASE-PO-000301_1,部品準備,A010,MB000102,MG001,WC000051,102,45,10,55,2026/06/08 08:30:00,2026/06/08 09:25:00,,EQ-A010,9005,高橋 四郎,10,99,97.1,2,2.0,2026/06/08 08:30:00,2026/06/08 09:23:27,,,,,,完了,2026/06/08 09:23:27
CASE-PO-000301,CASE-PN-000301,2,CASE-PO-000301_2,一次組立,A020,MB000102,MG001,WC000052,102,180,25,205,2026/06/08 11:15:41,2026/06/08 14:40:41,,EQ-A020,9005,高橋 四郎,25,101,99.0,1,1.0,2026/06/08 11:15:41,2026/06/08 14:55:28,,,,,,完了,2026/06/08 14:55:28
CASE-PO-000301,CASE-PN-000301,3,CASE-PO-000301_3,二次組立,A030,MB000102,MG001,WC000053,102,150,20,170,2026/06/08 22:27:16,2026/06/09 11:20:00,,EQ-A030,9005,高橋 四郎,20,101,99.0,0,0.0,2026/06/09 08:30:00,2026/06/09 10:57:18,,,,,,完了,2026/06/09 10:57:18
CASE-PO-000301,CASE-PN-000301,4,CASE-PO-000301_4,完成検査,A040,MB000102,MG001,WC000054,102,60,0,60,2026/06/09 20:46:35,2026/06/10 09:30:00,,EQ-A040,9005,高橋 四郎,0,100,98.0,1,1.0,2026/06/10 08:30:00,2026/06/10 09:24:52,,,,,,完了,2026/06/10 09:24:52
CASE-PO-000302,CASE-PN-000302,1,CASE-PO-000302_1,部品準備,A010,MB000103,MG001,WC000051,38,45,10,55,2026/05/11 08:30:00,2026/05/11 09:25:00,,EQ-A010,9005,高橋 四郎,10,37,97.4,0,0.0,2026/05/11 08:30:00,2026/05/11 09:21:37,,,,,,完了,2026/05/11 09:21:37
CASE-PO-000302,CASE-PN-000302,2,CASE-PO-000302_2,一次組立,A020,MB000103,MG001,WC000052,38,180,25,205,2026/05/11 15:40:14,2026/05/12 10:05:00,,EQ-A020,9005,高橋 四郎,25,37,97.4,0,0.0,2026/05/11 15:40:14,2026/05/12 10:19:16,,,,,,完了,2026/05/12 10:19:16
CASE-PO-000302,CASE-PN-000302,3,CASE-PO-000302_3,二次組立,A030,MB000103,MG001,WC000053,38,150,20,170,2026/05/12 16:41:09,2026/05/13 10:31:00,,EQ-A030,9005,高橋 四郎,20,38,100.0,1,2.6,2026/05/12 16:41:09,2026/05/13 10:38:31,,,,,,完了,2026/05/13 10:38:31
CASE-PO-000302,CASE-PN-000302,4,CASE-PO-000302_4,完成検査,A040,MB000103,MG001,WC000054,38,60,0,60,2026/05/13 13:38:09,2026/05/13 14:38:09,,EQ-A040,9005,高橋 四郎,0,38,100.0,1,2.6,2026/05/13 13:38:09,2026/05/13 14:44:24,,,,,,完了,2026/05/13 14:44:24
CASE-PO-000303,CASE-PN-000303,1,CASE-PO-000303_1,部品準備,A010,MB000102,MG001,WC000051,137,45,10,55,2026/06/22 08:30:00,2026/06/22 09:25:00,,EQ-A010,9002,鈴木 花子,10,133,97.1,2,1.5,2026/06/22 08:30:00,2026/06/22 09:09:06,,,,,,完了,2026/06/22 09:09:06
CASE-PO-000303,CASE-PN-000303,2,CASE-PO-000303_2,一次組立,A020,MB000102,MG001,WC000052,137,180,25,205,2026/06/22 16:36:58,2026/06/23 11:01:00,,EQ-A020,9002,鈴木 花子,25,135,98.5,2,1.5,2026/06/22 16:36:58,2026/06/23 10:52:39,,,,,,完了,2026/06/23 10:52:39
CASE-PO-000303,CASE-PN-000303,3,CASE-PO-000303_3,二次組立,A030,MB000102,MG001,WC000053,137,150,20,170,2026/06/23 22:29:06,2026/06/24 11:20:00,,EQ-A030,9002,鈴木 花子,20,137,100.0,1,0.7,2026/06/24 08:30:00,2026/06/24 11:25:28,,,,,,完了,2026/06/24 11:25:28
CASE-PO-000303,CASE-PN-000303,4,CASE-PO-000303_4,完成検査,A040,MB000102,MG001,WC000054,137,60,0,60,2026/06/24 13:50:02,2026/06/24 14:50:02,,EQ-A040,9002,鈴木 花子,0,134,97.8,2,1.5,2026/06/24 13:50:02,2026/06/24 15:02:34,,,,,,完了,2026/06/24 15:02:34
CASE-PO-000304,CASE-PN-000304,1,CASE-PO-000304_1,部品準備,A010,MB000102,MG001,WC000051,168,45,10,55,2026/05/25 08:30:00,2026/05/25 09:25:00,,EQ-A010,9001,山田 太郎,10,167,99.4,1,0.6,2026/05/25 08:30:00,2026/05/25 09:20:42,,,,,,完了,2026/05/25 09:20:42
CASE-PO-000304,CASE-PN-000304,2,CASE-PO-000304_2,一次組立,A020,MB000102,MG001,WC000052,168,180,25,205,2026/05/25 10:22:17,2026/05/25 13:47:17,,EQ-A020,9001,山田 太郎,25,166,98.8,3,1.8,2026/05/25 10:22:17,2026/05/25 13:46:18,,,,,,完了,2026/05/25 13:46:18
CASE-PO-000304,CASE-PN-000304,3,CASE-PO-000304_3,二次組立,A030,MB000102,MG001,WC000053,168,150,20,170,2026/05/25 18:05:25,2026/05/26 11:20:00,,EQ-A030,9001,山田 太郎,20,166,98.8,3,1.8,2026/05/26 08:30:00,2026/05/26 11:11:34,,,,,,完了,2026/05/26 11:11:34
CASE-PO-000304,CASE-PN-000304,4,CASE-PO-000304_4,完成検査,A040,MB000102,MG001,WC000054,168,60,0,60,2026/05/26 20:15:50,2026/05/27 09:30:00,,EQ-A040,9001,山田 太郎,0,167,99.4,2,1.2,2026/05/27 08:30:00,2026/05/27 09:34:30,,,,,,完了,2026/05/27 09:34:30
CASE-PO-000305,CASE-PN-000305,1,CASE-PO-000305_1,部品準備,A010,MB000103,MG001,WC000051,89,45,10,55,2026/06/10 08:30:00,2026/06/10 09:25:00,,EQ-A010,9001,山田 太郎,10,88,98.9,1,1.1,2026/06/10 08:30:00,2026/06/10 09:18:41,,,,,,完了,2026/06/10 09:18:41
CASE-PO-000305,CASE-PN-000305,2,CASE-PO-000305_2,一次組立,A020,MB000103,MG001,WC000052,89,180,25,205,2026/06/10 12:02:57,2026/06/10 15:27:57,,EQ-A020,9001,山田 太郎,25,89,100.0,1,1.1,2026/06/10 12:02:57,2026/06/10 15:20:27,,,,,,完了,2026/06/10 15:20:27
CASE-PO-000305,CASE-PN-000305,3,CASE-PO-000305_3,二次組立,A030,MB000103,MG001,WC000053,89,150,20,170,2026/06/10 18:22:33,2026/06/11 11:20:00,,EQ-A030,9001,山田 太郎,20,87,97.8,1,1.1,2026/06/11 08:30:00,2026/06/11 11:15:22,,,,,,完了,2026/06/11 11:15:22
CASE-PO-000305,CASE-PN-000305,4,CASE-PO-000305_4,完成検査,A040,MB000103,MG001,WC000054,89,60,0,60,2026/06/11 13:47:27,2026/06/11 14:47:27,,EQ-A040,9001,山田 太郎,0,89,100.0,0,0.0,2026/06/11 13:47:27,2026/06/11 14:55:19,,,,,,完了,2026/06/11 14:55:19
CASE-PO-000306,CASE-PN-000306,1,CASE-PO-000306_1,部品準備,A010,MB000102,MG001,WC000051,125,45,10,55,2026/05/07 08:30:00,2026/05/07 09:25:00,,EQ-A010,9003,佐藤 次郎,10,123,98.4,1,0.8,2026/05/07 08:30:00,2026/05/07 09:11:37,,,,,,完了,2026/05/07 09:11:37
CASE-PO-000306,CASE-PN-000306,2,CASE-PO-000306_2,一次組立,A020,MB000102,MG001,WC000052,125,180,25,205,2026/05/07 17:07:53,2026/05/08 11:32:00,,EQ-A020,9003,佐藤 次郎,25,121,96.8,2,1.6,2026/05/07 17:07:53,2026/05/08 11:08:05,,,,,,完了,2026/05/08 11:08:05
CASE-PO-000306,CASE-PN-000306,3,CASE-PO-000306_3,二次組立,A030,MB000102,MG001,WC000053,125,150,20,170,2026/05/08 19:19:26,2026/05/11 11:20:00,,EQ-A030,9003,佐藤 次郎,20,124,99.2,2,1.6,2026/05/11 08:30:00,2026/05/11 10:38:42,,,,,,完了,2026/05/11 10:38:42
CASE-PO-000306,CASE-PN-000306,4,CASE-PO-000306_4,完成検査,A040,MB000102,MG001,WC000054,125,60,0,60,2026/05/11 19:04:02,2026/05/12 09:30:00,,EQ-A040,9003,佐藤 次郎,0,122,97.6,0,0.0,2026/05/12 08:30:00,2026/05/12 09:44:05,,,,,,完了,2026/05/12 09:44:05
CASE-PO-000307,CASE-PN-000307,1,CASE-PO-000307_1,部品準備,A010,MB000103,MG001,WC000051,30,45,10,55,2026/06/18 08:30:00,2026/06/18 09:25:00,,EQ-A010,9001,山田 太郎,10,30,100.0,0,0.0,2026/06/18 08:30:00,2026/06/18 09:11:08,,,,,,完了,2026/06/18 09:11:08
CASE-PO-000307,CASE-PN-000307,2,CASE-PO-000307_2,一次組立,A020,MB000103,MG001,WC000052,30,180,25,205,2026/06/18 11:03:33,2026/06/18 14:28:33,,EQ-A020,9001,山田 太郎,25,30,100.0,0,0.0,2026/06/18 11:03:33,2026/06/18 13:48:48,,,,,,完了,2026/06/18 13:48:48
CASE-PO-000307,CASE-PN-000307,3,CASE-PO-000307_3,二次組立,A030,MB000103,MG001,WC000053,30,150,20,170,2026/06/18 17:57:41,2026/06/19 11:20:00,,EQ-A030,9001,山田 太郎,20,30,100.0,0,0.0,2026/06/19 08:30:00,2026/06/19 10:55:54,,,,,,完了,2026/06/19 10:55:54
CASE-PO-000307,CASE-PN-000307,4,CASE-PO-000307_4,完成検査,A040,MB000103,MG001,WC000054,30,60,0,60,2026/06/19 16:36:13,2026/06/22 08:36:00,,EQ-A040,9001,山田 太郎,0,30,100.0,0,0.0,2026/06/19 16:36:13,2026/06/19 17:27:27,,,,,,完了,2026/06/19 17:27:27
CASE-PO-000308,CASE-PN-000308,1,CASE-PO-000308_1,部品準備,A010,MB000101,MG001,WC000051,102,45,10,55,2026/05/12 08:30:00,2026/05/12 09:25:00,,EQ-A010,9004,田中 三郎,10,100,98.0,1,1.0,2026/05/12 08:30:00,2026/05/12 09:23:29,,,,,,完了,2026/05/12 09:23:29
CASE-PO-000308,CASE-PN-000308,2,CASE-PO-000308_2,一次組立,A020,MB000101,MG001,WC000052,102,180,25,205,2026/05/12 16:25:35,2026/05/13 10:50:00,,EQ-A020,9004,田中 三郎,25,100,98.0,0,0.0,2026/05/12 16:25:35,2026/05/13 10:55:03,,,,,,完了,2026/05/13 10:55:03
CASE-PO-000308,CASE-PN-000308,3,CASE-PO-000308_3,二次組立,A030,MB000101,MG001,WC000053,102,150,20,170,2026/05/13 20:22:43,2026/05/14 11:20:00,,EQ-A030,9004,田中 三郎,20,99,97.1,1,1.0,2026/05/14 08:30:00,2026/05/14 11:33:36,,,,,,完了,2026/05/14 11:33:36
CASE-PO-000308,CASE-PN-000308,4,CASE-PO-000308_4,完成検査,A040,MB000101,MG001,WC000054,102,60,0,60,2026/05/14 16:15:04,2026/05/14 17:15:04,,EQ-A040,9004,田中 三郎,0,100,98.0,2,2.0,2026/05/14 16:15:04,2026/05/14 17:15:12,,,,,,完了,2026/05/14 17:15:12
CASE-PO-000309,CASE-PN-000309,1,CASE-PO-000309_1,部品準備,A010,MB000102,MG001,WC000051,130,45,10,55,2026/05/14 08:30:00,2026/05/14 09:25:00,,EQ-A010,9002,鈴木 花子,10,129,99.2,1,0.8,2026/05/14 08:30:00,2026/05/14 09:24:35,,,,,,完了,2026/05/14 09:24:35
CASE-PO-000309,CASE-PN-000309,2,CASE-PO-000309_2,一次組立,A020,MB000102,MG001,WC000052,130,180,25,205,2026/05/14 10:48:02,2026/05/14 14:13:02,,EQ-A020,9002,鈴木 花子,25,127,97.7,1,0.8,2026/05/14 10:48:02,2026/05/14 14:18:01,,,,,,完了,2026/05/14 14:18:01
CASE-PO-000309,CASE-PN-000309,3,CASE-PO-000309_3,二次組立,A030,MB000102,MG001,WC000053,130,150,20,170,2026/05/15 00:59:43,2026/05/15 11:20:00,,EQ-A030,9002,鈴木 花子,,,,,,2026/05/15 08:30:00,,,,,,,生産中,2026/05/15 11:20:00
CASE-PO-000309,CASE-PN-000309,4,CASE-PO-000309_4,完成検査,A040,MB000102,MG001,WC000054,130,60,0,60,2026/05/15 13:13:01,2026/05/15 14:13:01,,EQ-A040,9002,鈴木 花子,,,,,,,,,,,,,開始待ち,2026/05/15 14:13:01
CASE-PO-000310,CASE-PN-000310,1,CASE-PO-000310_1,部品準備,A010,MB000102,MG001,WC000051,199,45,10,55,2026/06/24 08:30:00,2026/06/24 09:25:00,,EQ-A010,9005,高橋 四郎,10,194,97.5,0,0.0,2026/06/24 08:30:00,2026/06/24 09:13:18,,,,,,完了,2026/06/24 09:13:18
CASE-PO-000310,CASE-PN-000310,2,CASE-PO-000310_2,一次組立,A020,MB000102,MG001,WC000052,199,180,25,205,2026/06/24 14:58:14,2026/06/25 09:23:00,,EQ-A020,9005,高橋 四郎,25,194,97.5,3,1.5,2026/06/24 14:58:14,2026/06/25 08:38:32,,,,,,完了,2026/06/25 08:38:32
CASE-PO-000310,CASE-PN-000310,3,CASE-PO-000310_3,二次組立,A030,MB000102,MG001,WC000053,199,150,20,170,2026/06/25 18:29:57,2026/06/26 11:20:00,,EQ-A030,9005,高橋 四郎,20,195,98.0,1,0.5,2026/06/26 08:30:00,2026/06/26 10:38:40,,,,,,完了,2026/06/26 10:38:40
CASE-PO-000310,CASE-PN-000310,4,CASE-PO-000310_4,完成検査,A040,MB000102,MG001,WC000054,199,60,0,60,2026/06/26 19:17:48,2026/06/29 09:30:00,,EQ-A040,9005,高橋 四郎,0,199,100.0,2,1.0,2026/06/29 08:30:00,2026/06/29 09:25:55,,,,,,完了,2026/06/29 09:25:55
CASE-PO-000311,CASE-PN-000311,1,CASE-PO-000311_1,部品準備,A010,MB000102,MG001,WC000051,148,45,10,55,2026/06/30 08:30:00,2026/06/30 09:25:00,,EQ-A010,9002,鈴木 花子,10,144,97.3,2,1.4,2026/06/30 08:30:00,2026/06/30 09:14:46,,,,,,完了,2026/06/30 09:14:46
CASE-PO-000311,CASE-PN-000311,2,CASE-PO-000311_2,一次組立,A020,MB000102,MG001,WC000052,148,180,25,205,2026/06/30 14:01:15,2026/06/30 17:26:15,,EQ-A020,9002,鈴木 花子,25,147,99.3,3,2.0,2026/06/30 14:01:15,2026/06/30 17:11:11,,,,,,完了,2026/06/30 17:11:11
CASE-PO-000311,CASE-PN-000311,3,CASE-PO-000311_3,二次組立,A030,MB000102,MG001,WC000053,148,150,20,170,2026/07/01 02:33:17,2026/07/01 11:20:00,,EQ-A030,9002,鈴木 花子,20,144,97.3,3,2.0,2026/07/01 08:30:00,2026/07/01 11:01:39,,,,,,完了,2026/07/01 11:01:39
CASE-PO-000311,CASE-PN-000311,4,CASE-PO-000311_4,完成検査,A040,MB000102,MG001,WC000054,148,60,0,60,2026/07/01 18:23:20,2026/07/02 09:30:00,,EQ-A040,9002,鈴木 花子,0,144,97.3,1,0.7,2026/07/02 08:30:00,2026/07/02 09:39:36,,,,,,完了,2026/07/02 09:39:36
CASE-PO-000312,CASE-PN-000312,1,CASE-PO-000312_1,部品準備,A010,MB000102,MG001,WC000051,97,45,10,55,2026/06/15 08:30:00,2026/06/15 09:25:00,,EQ-A010,9003,佐藤 次郎,10,95,97.9,1,1.0,2026/06/15 08:30:00,2026/06/15 09:19:18,,,,,,完了,2026/06/15 09:19:18
CASE-PO-000312,CASE-PN-000312,2,CASE-PO-000312_2,一次組立,A020,MB000102,MG001,WC000052,97,180,25,205,2026/06/15 12:18:23,2026/06/15 15:43:23,,EQ-A020,9003,佐藤 次郎,,,,,,2026/06/15 12:18:23,,,,,,,生産中,2026/06/15 15:43:23
CASE-PO-000312,CASE-PN-000312,3,CASE-PO-000312_3,二次組立,A030,MB000102,MG001,WC000053,97,150,20,170,2026/06/16 00:42:40,2026/06/16 11:20:00,,EQ-A030,9003,佐藤 次郎,,,,,,,,,,,,,開始待ち,2026/06/16 11:20:00
CASE-PO-000312,CASE-PN-000312,4,CASE-PO-000312_4,完成検査,A040,MB000102,MG001,WC000054,97,60,0,60,2026/06/16 13:37:54,2026/06/16 14:37:54,,EQ-A040,9003,佐藤 次郎,,,,,,,,,,,,,開始待ち,2026/06/16 14:37:54
CASE-PO-000313,CASE-PN-000313,1,CASE-PO-000313_1,部品準備,A010,MB000101,MG001,WC000051,103,45,10,55,2026/07/03 08:30:00,2026/07/03 09:25:00,,EQ-A010,9005,高橋 四郎,10,100,97.1,0,0.0,2026/07/03 08:30:00,2026/07/03 09:21:45,,,,,,完了,2026/07/03 09:21:45
CASE-PO-000313,CASE-PN-000313,2,CASE-PO-000313_2,一次組立,A020,MB000101,MG001,WC000052,103,180,25,205,2026/07/03 13:27:39,2026/07/03 16:52:39,,EQ-A020,9005,高橋 四郎,25,101,98.1,0,0.0,2026/07/03 13:27:39,2026/07/03 17:12:29,,,,,,完了,2026/07/03 17:12:29
CASE-PO-000313,CASE-PN-000313,3,CASE-PO-000313_3,二次組立,A030,MB000101,MG001,WC000053,103,150,20,170,2026/07/04 04:18:06,2026/07/06 11:20:00,,EQ-A030,9005,高橋 四郎,20,101,98.1,0,0.0,2026/07/06 08:30:00,2026/07/06 10:43:38,,,,,,完了,2026/07/06 10:43:38
CASE-PO-000313,CASE-PN-000313,4,CASE-PO-000313_4,完成検査,A040,MB000101,MG001,WC000054,103,60,0,60,2026/07/06 15:46:32,2026/07/06 16:46:32,,EQ-A040,9005,高橋 四郎,0,101,98.1,1,1.0,2026/07/06 15:46:32,2026/07/06 16:43:33,,,,,,完了,2026/07/06 16:43:33
CASE-PO-000314,CASE-PN-000314,1,CASE-PO-000314_1,部品準備,A010,MB000103,MG001,WC000051,72,45,10,55,2026/05/28 08:30:00,2026/05/28 09:25:00,,EQ-A010,9002,鈴木 花子,10,72,100.0,0,0.0,2026/05/28 08:30:00,2026/05/28 09:09:13,,,,,,完了,2026/05/28 09:09:13
CASE-PO-000314,CASE-PN-000314,2,CASE-PO-000314_2,一次組立,A020,MB000103,MG001,WC000052,72,180,25,205,2026/05/28 12:07:19,2026/05/28 15:32:19,,EQ-A020,9002,鈴木 花子,25,70,97.2,1,1.4,2026/05/28 12:07:19,2026/05/28 15:44:17,,,,,,完了,2026/05/28 15:44:17
CASE-PO-000314,CASE-PN-000314,3,CASE-PO-000314_3,二次組立,A030,MB000103,MG001,WC000053,72,150,20,170,2026/05/29 01:34:38,2026/05/29 11:20:00,,EQ-A030,9002,鈴木 花子,20,71,98.6,0,0.0,2026/05/29 08:30:00,2026/05/29 11:22:22,,,,,,完了,2026/05/29 11:22:22
CASE-PO-000314,CASE-PN-000314,4,CASE-PO-000314_4,完成検査,A040,MB000103,MG001,WC000054,72,60,0,60,2026/05/29 20:30:51,2026/06/01 09:30:00,,EQ-A040,9002,鈴木 花子,0,71,98.6,1,1.4,2026/06/01 08:30:00,2026/06/01 09:44:07,,,,,,完了,2026/06/01 09:44:07
CASE-PO-000315,CASE-PN-000315,1,CASE-PO-000315_1,部品準備,A010,MB000103,MG001,WC000051,50,45,10,55,2026/06/15 08:30:00,2026/06/15 09:25:00,,EQ-A010,9004,田中 三郎,10,50,100.0,1,2.0,2026/06/15 08:30:00,2026/06/15 09:24:22,,,,,,完了,2026/06/15 09:24:22
CASE-PO-000315,CASE-PN-000315,2,CASE-PO-000315_2,一次組立,A020,MB000103,MG001,WC000052,50,180,25,205,2026/06/15 13:57:41,2026/06/15 17:22:41,,EQ-A020,9004,田中 三郎,25,50,100.0,0,0.0,2026/06/15 13:57:41,2026/06/16 08:30:53,,,,,,完了,2026/06/16 08:30:53
CASE-PO-000315,CASE-PN-000315,3,CASE-PO-000315_3,二次組立,A030,MB000103,MG001,WC000053,50,150,20,170,2026/06/16 11:21:13,2026/06/16 14:11:13,,EQ-A030,9004,田中 三郎,20,50,100.0,1,2.0,2026/06/16 11:21:13,2026/06/16 14:06:28,,,,,,完了,2026/06/16 14:06:28
CASE-PO-000315,CASE-PN-000315,4,CASE-PO-000315_4,完成検査,A040,MB000103,MG001,WC000054,50,60,0,60,2026/06/16 22:49:28,2026/06/17 09:30:00,,EQ-A040,9004,田中 三郎,0,50,100.0,0,0.0,2026/06/17 08:30:00,2026/06/17 09:25:03,,,,,,完了,2026/06/17 09:25:03
CASE-PO-000316,CASE-PN-000316,1,CASE-PO-000316_1,部品準備,A010,MB000101,MG001,WC000051,49,45,10,55,2026/06/03 08:30:00,2026/06/03 09:25:00,,EQ-A010,9003,佐藤 次郎,10,48,98.0,1,2.0,2026/06/03 08:30:00,2026/06/03 09:18:30,,,,,,完了,2026/06/03 09:18:30
CASE-PO-000316,CASE-PN-000316,2,CASE-PO-000316_2,一次組立,A020,MB000101,MG001,WC000052,49,180,25,205,2026/06/03 15:46:21,2026/06/04 10:11:00,,EQ-A020,9003,佐藤 次郎,25,48,98.0,0,0.0,2026/06/03 15:46:21,2026/06/04 09:37:36,,,,,,完了,2026/06/04 09:37:36
CASE-PO-000316,CASE-PN-000316,3,CASE-PO-000316_3,二次組立,A030,MB000101,MG001,WC000053,49,150,20,170,2026/06/04 17:58:52,2026/06/05 11:20:00,,EQ-A030,9003,佐藤 次郎,20,48,98.0,0,0.0,2026/06/05 08:30:00,2026/06/05 11:19:04,,,,,,完了,2026/06/05 11:19:04
CASE-PO-000316,CASE-PN-000316,4,CASE-PO-000316_4,完成検査,A040,MB000101,MG001,WC000054,49,60,0,60,2026/06/05 19:29:30,2026/06/08 09:30:00,,EQ-A040,9003,佐藤 次郎,0,49,100.0,1,2.0,2026/06/08 08:30:00,2026/06/08 09:22:27,,,,,,完了,2026/06/08 09:22:27
CASE-PO-000317,CASE-PN-000317,1,CASE-PO-000317_1,部品準備,A010,MB000102,MG001,WC000051,95,45,10,55,2026/05/06 08:30:00,2026/05/06 09:25:00,,EQ-A010,9002,鈴木 花子,10,94,98.9,1,1.1,2026/05/06 08:30:00,2026/05/06 09:22:55,,,,,,完了,2026/05/06 09:22:55
CASE-PO-000317,CASE-PN-000317,2,CASE-PO-000317_2,一次組立,A020,MB000102,MG001,WC000052,95,180,25,205,2026/05/06 11:11:33,2026/05/06 14:36:33,,EQ-A020,9002,鈴木 花子,25,94,98.9,1,1.1,2026/05/06 11:11:33,2026/05/06 14:20:56,,,,,,完了,2026/05/06 14:20:56
CASE-PO-000317,CASE-PN-000317,3,CASE-PO-000317_3,二次組立,A030,MB000102,MG001,WC000053,95,150,20,170,2026/05/06 20:40:21,2026/05/07 11:20:00,,EQ-A030,9002,鈴木 花子,20,93,97.9,1,1.1,2026/05/07 08:30:00,2026/05/07 11:08:55,,,,,,完了,2026/05/07 11:08:55
CASE-PO-000317,CASE-PN-000317,4,CASE-PO-000317_4,完成検査,A040,MB000102,MG001,WC000054,95,60,0,60,2026/05/07 20:15:13,2026/05/08 09:30:00,,EQ-A040,9002,鈴木 花子,0,94,98.9,2,2.1,2026/05/08 08:30:00,2026/05/08 09:42:06,,,,,,完了,2026/05/08 09:42:06
CASE-PO-000318,CASE-PN-000318,1,CASE-PO-000318_1,部品準備,A010,MB000103,MG001,WC000051,66,45,10,55,2026/05/12 08:30:00,2026/05/12 09:25:00,,EQ-A010,9001,山田 太郎,10,64,97.0,1,1.5,2026/05/12 08:30:00,2026/05/12 09:26:02,,,,,,完了,2026/05/12 09:26:02
CASE-PO-000318,CASE-PN-000318,2,CASE-PO-000318_2,一次組立,A020,MB000103,MG001,WC000052,66,180,25,205,2026/05/12 11:29:02,2026/05/12 14:54:02,,EQ-A020,9001,山田 太郎,25,66,100.0,0,0.0,2026/05/12 11:29:02,2026/05/12 14:20:57,,,,,,完了,2026/05/12 14:20:57
CASE-PO-000318,CASE-PN-000318,3,CASE-PO-000318_3,二次組立,A030,MB000103,MG001,WC000053,66,150,20,170,2026/05/12 21:52:28,2026/05/13 11:20:00,,EQ-A030,9001,山田 太郎,20,64,97.0,0,0.0,2026/05/13 08:30:00,2026/05/13 11:12:25,,,,,,完了,2026/05/13 11:12:25
CASE-PO-000318,CASE-PN-000318,4,CASE-PO-000318_4,完成検査,A040,MB000103,MG001,WC000054,66,60,0,60,2026/05/13 15:00:22,2026/05/13 16:00:22,,EQ-A040,9001,山田 太郎,0,65,98.5,1,1.5,2026/05/13 15:00:22,2026/05/13 16:04:28,,,,,,完了,2026/05/13 16:04:28
CASE-PO-000319,CASE-PN-000319,1,CASE-PO-000319_1,部品準備,A010,MB000103,MG001,WC000051,68,45,10,55,2026/06/23 08:30:00,2026/06/23 09:25:00,,EQ-A010,9004,田中 三郎,10,68,100.0,1,1.5,2026/06/23 08:30:00,2026/06/23 09:16:21,,,,,,完了,2026/06/23 09:16:21
CASE-PO-000319,CASE-PN-000319,2,CASE-PO-000319_2,一次組立,A020,MB000103,MG001,WC000052,68,180,25,205,2026/06/23 10:37:11,2026/06/23 14:02:11,,EQ-A020,9004,田中 三郎,25,66,97.1,1,1.5,2026/06/23 10:37:11,2026/06/23 14:17:19,,,,,,完了,2026/06/23 14:17:19
CASE-PO-000319,CASE-PN-000319,3,CASE-PO-000319_3,二次組立,A030,MB000103,MG001,WC000053,68,150,20,170,2026/06/24 00:55:05,2026/06/24 11:20:00,,EQ-A030,9004,田中 三郎,20,67,98.5,1,1.5,2026/06/24 08:30:00,2026/06/24 10:43:00,,,,,,完了,2026/06/24 10:43:00
CASE-PO-000319,CASE-PN-000319,4,CASE-PO-000319_4,完成検査,A040,MB000103,MG001,WC000054,68,60,0,60,2026/06/24 17:33:41,2026/06/25 09:30:00,,EQ-A040,9004,田中 三郎,0,66,97.1,1,1.5,2026/06/25 08:30:00,2026/06/25 09:34:38,,,,,,完了,2026/06/25 09:34:38
CASE-PO-000320,CASE-PN-000320,1,CASE-PO-000320_1,部品準備,A010,MB000103,MG001,WC000051,85,45,10,55,2026/05/11 08:30:00,2026/05/11 09:25:00,,EQ-A010,9004,田中 三郎,10,84,98.8,0,0.0,2026/05/11 08:30:00,2026/05/11 09:18:39,,,,,,完了,2026/05/11 09:18:39
CASE-PO-000320,CASE-PN-000320,2,CASE-PO-000320_2,一次組立,A020,MB000103,MG001,WC000052,85,180,25,205,2026/05/11 10:46:00,2026/05/11 14:11:00,,EQ-A020,9004,田中 三郎,25,84,98.8,0,0.0,2026/05/11 10:46:00,2026/05/11 14:10:21,,,,,,完了,2026/05/11 14:10:21
CASE-PO-000320,CASE-PN-000320,3,CASE-PO-000320_3,二次組立,A030,MB000103,MG001,WC000053,85,150,20,170,2026/05/11 18:16:54,2026/05/12 11:20:00,,EQ-A030,9004,田中 三郎,20,84,98.8,1,1.2,2026/05/12 08:30:00,2026/05/12 10:38:54,,,,,,完了,2026/05/12 10:38:54
CASE-PO-000320,CASE-PN-000320,4,CASE-PO-000320_4,完成検査,A040,MB000103,MG001,WC000054,85,60,0,60,2026/05/12 12:41:19,2026/05/12 13:41:19,,EQ-A040,9004,田中 三郎,0,85,100.0,1,1.2,2026/05/12 12:41:19,2026/05/12 13:51:34,,,,,,完了,2026/05/12 13:51:34
CASE-PO-000321,CASE-PN-000321,1,CASE-PO-000321_1,部品準備,A010,MB000103,MG001,WC000051,35,45,10,55,2026/06/23 08:30:00,2026/06/23 09:25:00,,EQ-A010,9005,高橋 四郎,10,34,97.1,0,0.0,2026/06/23 08:30:00,2026/06/23 09:18:06,,,,,,完了,2026/06/23 09:18:06
CASE-PO-000321,CASE-PN-000321,2,CASE-PO-000321_2,一次組立,A020,MB000103,MG001,WC000052,35,180,25,205,2026/06/23 13:58:37,2026/06/23 17:23:37,,EQ-A020,9005,高橋 四郎,25,35,100.0,0,0.0,2026/06/23 13:58:37,2026/06/24 08:33:53,,,,,,完了,2026/06/24 08:33:53
CASE-PO-000321,CASE-PN-000321,3,CASE-PO-000321_3,二次組立,A030,MB000103,MG001,WC000053,35,150,20,170,2026/06/24 13:15:01,2026/06/24 16:05:01,,EQ-A030,9005,高橋 四郎,20,35,100.0,0,0.0,2026/06/24 13:15:01,2026/06/24 16:07:11,,,,,,完了,2026/06/24 16:07:11
CASE-PO-000321,CASE-PN-000321,4,CASE-PO-000321_4,完成検査,A040,MB000103,MG001,WC000054,35,60,0,60,2026/06/24 21:03:41,2026/06/25 09:30:00,,EQ-A040,9005,高橋 四郎,0,35,100.0,0,0.0,2026/06/25 08:30:00,2026/06/25 09:33:05,,,,,,完了,2026/06/25 09:33:05
CASE-PO-000322,CASE-PN-000322,1,CASE-PO-000322_1,部品準備,A010,MB000102,MG001,WC000051,74,45,10,55,2026/05/14 08:30:00,2026/05/14 09:25:00,,EQ-A010,9003,佐藤 次郎,10,73,98.6,1,1.4,2026/05/14 08:30:00,2026/05/14 09:12:12,,,,,,完了,2026/05/14 09:12:12
CASE-PO-000322,CASE-PN-000322,2,CASE-PO-000322_2,一次組立,A020,MB000102,MG001,WC000052,74,180,25,205,2026/05/14 16:42:30,2026/05/15 11:07:00,,EQ-A020,9003,佐藤 次郎,25,72,97.3,1,1.4,2026/05/14 16:42:30,2026/05/15 11:16:48,,,,,,完了,2026/05/15 11:16:48
CASE-PO-000322,CASE-PN-000322,3,CASE-PO-000322_3,二次組立,A030,MB000102,MG001,WC000053,74,150,20,170,2026/05/15 21:22:00,2026/05/18 11:20:00,,EQ-A030,9003,佐藤 次郎,20,72,97.3,1,1.4,2026/05/18 08:30:00,2026/05/18 10:42:33,,,,,,完了,2026/05/18 10:42:33
CASE-PO-000322,CASE-PN-000322,4,CASE-PO-000322_4,完成検査,A040,MB000102,MG001,WC000054,74,60,0,60,2026/05/18 19:07:27,2026/05/19 09:30:00,,EQ-A040,9003,佐藤 次郎,0,72,97.3,1,1.4,2026/05/19 08:30:00,2026/05/19 09:28:47,,,,,,完了,2026/05/19 09:28:47
CASE-PO-000323,CASE-PN-000323,1,CASE-PO-000323_1,部品準備,A010,MB000102,MG001,WC000051,189,45,10,55,2026/06/08 08:30:00,2026/06/08 09:25:00,,EQ-A010,9002,鈴木 花子,10,189,100.0,2,1.1,2026/06/08 08:30:00,2026/06/08 09:21:42,,,,,,完了,2026/06/08 09:21:42
CASE-PO-000323,CASE-PN-000323,2,CASE-PO-000323_2,一次組立,A020,MB000102,MG001,WC000052,189,180,25,205,2026/06/08 11:38:45,2026/06/08 15:03:45,,EQ-A020,9002,鈴木 花子,25,189,100.0,3,1.6,2026/06/08 11:38:45,2026/06/08 14:43:14,,,,,,完了,2026/06/08 14:43:14
CASE-PO-000323,CASE-PN-000323,3,CASE-PO-000323_3,二次組立,A030,MB000102,MG001,WC000053,189,150,20,170,2026/06/09 02:21:51,2026/06/09 11:20:00,,EQ-A030,9002,鈴木 花子,20,187,98.9,1,0.5,2026/06/09 08:30:00,2026/06/09 10:58:14,,,,,,完了,2026/06/09 10:58:14
CASE-PO-000323,CASE-PN-000323,4,CASE-PO-000323_4,完成検査,A040,MB000102,MG001,WC000054,189,60,0,60,2026/06/09 14:33:22,2026/06/09 15:33:22,,EQ-A040,9002,鈴木 花子,0,186,98.4,3,1.6,2026/06/09 14:33:22,2026/06/09 15:29:13,,,,,,完了,2026/06/09 15:29:13
CASE-PO-000324,CASE-PN-000324,1,CASE-PO-000324_1,部品準備,A010,MB000101,MG001,WC000051,71,45,10,55,2026/06/09 08:30:00,2026/06/09 09:25:00,,EQ-A010,9001,山田 太郎,10,71,100.0,1,1.4,2026/06/09 08:30:00,2026/06/09 09:17:17,,,,,,完了,2026/06/09 09:17:17
CASE-PO-000324,CASE-PN-000324,2,CASE-PO-000324_2,一次組立,A020,MB000101,MG001,WC000052,71,180,25,205,2026/06/09 15:30:38,2026/06/10 09:55:00,,EQ-A020,9001,山田 太郎,25,71,100.0,1,1.4,2026/06/09 15:30:38,2026/06/10 09:39:12,,,,,,完了,2026/06/10 09:39:12
CASE-PO-000324,CASE-PN-000324,3,CASE-PO-000324_3,二次組立,A030,MB000101,MG001,WC000053,71,150,20,170,2026/06/10 19:23:56,2026/06/11 11:20:00,,EQ-A030,9001,山田 太郎,20,70,98.6,1,1.4,2026/06/11 08:30:00,2026/06/11 11:11:28,,,,,,完了,2026/06/11 11:11:28
CASE-PO-000324,CASE-PN-000324,4,CASE-PO-000324_4,完成検査,A040,MB000101,MG001,WC000054,71,60,0,60,2026/06/11 12:37:13,2026/06/11 13:37:13,,EQ-A040,9001,山田 太郎,0,71,100.0,1,1.4,2026/06/11 12:37:13,2026/06/11 13:35:34,,,,,,完了,2026/06/11 13:35:34
CASE-PO-000325,CASE-PN-000325,1,CASE-PO-000325_1,部品準備,A010,MB000102,MG001,WC000051,130,45,10,55,2026/06/03 08:30:00,2026/06/03 09:25:00,,EQ-A010,9002,鈴木 花子,10,128,98.5,0,0.0,2026/06/03 08:30:00,2026/06/03 09:14:30,,,,,,完了,2026/06/03 09:14:30
CASE-PO-000325,CASE-PN-000325,2,CASE-PO-000325_2,一次組立,A020,MB000102,MG001,WC000052,130,180,25,205,2026/06/03 12:58:02,2026/06/03 16:23:02,,EQ-A020,9002,鈴木 花子,25,130,100.0,2,1.5,2026/06/03 12:58:02,2026/06/03 15:42:06,,,,,,完了,2026/06/03 15:42:06
CASE-PO-000325,CASE-PN-000325,3,CASE-PO-000325_3,二次組立,A030,MB000102,MG001,WC000053,130,150,20,170,2026/06/03 23:14:01,2026/06/04 11:20:00,,EQ-A030,9002,鈴木 花子,20,129,99.2,1,0.8,2026/06/04 08:30:00,2026/06/04 10:54:19,,,,,,完了,2026/06/04 10:54:19
CASE-PO-000325,CASE-PN-000325,4,CASE-PO-000325_4,完成検査,A040,MB000102,MG001,WC000054,130,60,0,60,2026/06/04 20:18:34,2026/06/05 09:30:00,,EQ-A040,9002,鈴木 花子,0,130,100.0,1,0.8,2026/06/05 08:30:00,2026/06/05 09:27:12,,,,,,完了,2026/06/05 09:27:12
CASE-PO-000326,CASE-PN-000326,1,CASE-PO-000326_1,部品準備,A010,MB000103,MG001,WC000051,85,45,10,55,2026/06/22 08:30:00,2026/06/22 09:25:00,,EQ-A010,9003,佐藤 次郎,10,83,97.6,0,0.0,2026/06/22 08:30:00,2026/06/22 09:21:39,,,,,,完了,2026/06/22 09:21:39
CASE-PO-000326,CASE-PN-000326,2,CASE-PO-000326_2,一次組立,A020,MB000103,MG001,WC000052,85,180,25,205,2026/06/22 16:14:56,2026/06/23 10:39:00,,EQ-A020,9003,佐藤 次郎,25,85,100.0,0,0.0,2026/06/22 16:14:56,2026/06/23 10:54:02,,,,,,完了,2026/06/23 10:54:02
CASE-PO-000326,CASE-PN-000326,3,CASE-PO-000326_3,二次組立,A030,MB000103,MG001,WC000053,85,150,20,170,2026/06/23 19:23:17,2026/06/24 11:20:00,,EQ-A030,9003,佐藤 次郎,20,84,98.8,1,1.2,2026/06/24 08:30:00,2026/06/24 10:59:55,,,,,,完了,2026/06/24 10:59:55
CASE-PO-000326,CASE-PN-000326,4,CASE-PO-000326_4,完成検査,A040,MB000103,MG001,WC000054,85,60,0,60,2026/06/24 19:10:13,2026/06/25 09:30:00,,EQ-A040,9003,佐藤 次郎,0,83,97.6,1,1.2,2026/06/25 08:30:00,2026/06/25 09:21:23,,,,,,完了,2026/06/25 09:21:23
CASE-PO-000327,CASE-PN-000327,1,CASE-PO-000327_1,部品準備,A010,MB000103,MG001,WC000051,76,45,10,55,2026/05/22 08:30:00,2026/05/22 09:25:00,,EQ-A010,9002,鈴木 花子,10,75,98.7,1,1.3,2026/05/22 08:30:00,2026/05/22 09:17:48,,,,,,完了,2026/05/22 09:17:48
CASE-PO-000327,CASE-PN-000327,2,CASE-PO-000327_2,一次組立,A020,MB000103,MG001,WC000052,76,180,25,205,2026/05/22 15:04:47,2026/05/25 09:29:00,,EQ-A020,9002,鈴木 花子,25,76,100.0,1,1.3,2026/05/22 15:04:47,2026/05/25 09:19:16,,,,,,完了,2026/05/25 09:19:16
CASE-PO-000327,CASE-PN-000327,3,CASE-PO-000327_3,二次組立,A030,MB000103,MG001,WC000053,76,150,20,170,2026/05/25 18:44:54,2026/05/26 11:20:00,,EQ-A030,9002,鈴木 花子,20,75,98.7,1,1.3,2026/05/26 08:30:00,2026/05/26 10:53:09,,,,,,完了,2026/05/26 10:53:09
CASE-PO-000327,CASE-PN-000327,4,CASE-PO-000327_4,完成検査,A040,MB000103,MG001,WC000054,76,60,0,60,2026/05/26 15:22:45,2026/05/26 16:22:45,,EQ-A040,9002,鈴木 花子,0,74,97.4,0,0.0,2026/05/26 15:22:45,2026/05/26 16:37:42,,,,,,完了,2026/05/26 16:37:42
CASE-PO-000328,CASE-PN-000328,1,CASE-PO-000328_1,部品準備,A010,MB000101,MG001,WC000051,97,45,10,55,2026/05/11 08:30:00,2026/05/11 09:25:00,,EQ-A010,9005,高橋 四郎,10,95,97.9,0,0.0,2026/05/11 08:30:00,2026/05/11 09:09:08,,,,,,完了,2026/05/11 09:09:08
CASE-PO-000328,CASE-PN-000328,2,CASE-PO-000328_2,一次組立,A020,MB000101,MG001,WC000052,97,180,25,205,2026/05/11 10:37:22,2026/05/11 14:02:22,,EQ-A020,9005,高橋 四郎,25,94,96.9,2,2.1,2026/05/11 10:37:22,2026/05/11 13:57:47,,,,,,完了,2026/05/11 13:57:47
CASE-PO-000328,CASE-PN-000328,3,CASE-PO-000328_3,二次組立,A030,MB000101,MG001,WC000053,97,150,20,170,2026/05/11 23:18:24,2026/05/12 11:20:00,,EQ-A030,9005,高橋 四郎,20,95,97.9,0,0.0,2026/05/12 08:30:00,2026/05/12 11:33:03,,,,,,完了,2026/05/12 11:33:03
CASE-PO-000328,CASE-PN-000328,4,CASE-PO-000328_4,完成検査,A040,MB000101,MG001,WC000054,97,60,0,60,2026/05/12 15:37:27,2026/05/12 16:37:27,,EQ-A040,9005,高橋 四郎,0,96,99.0,1,1.0,2026/05/12 15:37:27,2026/05/12 16:45:49,,,,,,完了,2026/05/12 16:45:49
CASE-PO-000329,CASE-PN-000329,1,CASE-PO-000329_1,部品準備,A010,MB000101,MG001,WC000051,83,45,10,55,2026/06/05 08:30:00,2026/06/05 09:25:00,,EQ-A010,9002,鈴木 花子,10,82,98.8,2,2.4,2026/06/05 08:30:00,2026/06/05 09:12:24,,,,,,完了,2026/06/05 09:12:24
CASE-PO-000329,CASE-PN-000329,2,CASE-PO-000329_2,一次組立,A020,MB000101,MG001,WC000052,83,180,25,205,2026/06/05 10:17:02,2026/06/05 13:42:02,,EQ-A020,9002,鈴木 花子,25,81,97.6,1,1.2,2026/06/05 10:17:02,2026/06/05 13:16:55,,,,,,完了,2026/06/05 13:16:55
CASE-PO-000329,CASE-PN-000329,3,CASE-PO-000329_3,二次組立,A030,MB000101,MG001,WC000053,83,150,20,170,2026/06/05 22:03:46,2026/06/08 11:20:00,,EQ-A030,9002,鈴木 花子,20,83,100.0,1,1.2,2026/06/08 08:30:00,2026/06/08 11:17:05,,,,,,完了,2026/06/08 11:17:05
CASE-PO-000329,CASE-PN-000329,4,CASE-PO-000329_4,完成検査,A040,MB000101,MG001,WC000054,83,60,0,60,2026/06/08 12:45:27,2026/06/08 13:45:27,,EQ-A040,9002,鈴木 花子,0,82,98.8,0,0.0,2026/06/08 12:45:27,2026/06/08 13:49:31,,,,,,完了,2026/06/08 13:49:31
CASE-PO-000330,CASE-PN-000330,1,CASE-PO-000330_1,部品準備,A010,MB000102,MG001,WC000051,146,45,10,55,2026/07/02 08:30:00,2026/07/02 09:25:00,,EQ-A010,9005,高橋 四郎,10,146,100.0,3,2.1,2026/07/02 08:30:00,2026/07/02 09:24:53,,,,,,完了,2026/07/02 09:24:53
CASE-PO-000330,CASE-PN-000330,2,CASE-PO-000330_2,一次組立,A020,MB000102,MG001,WC000052,146,180,25,205,2026/07/02 15:41:52,2026/07/03 10:06:00,,EQ-A020,9005,高橋 四郎,25,142,97.3,1,0.7,2026/07/02 15:41:52,2026/07/03 09:55:10,,,,,,完了,2026/07/03 09:55:10
CASE-PO-000330,CASE-PN-000330,3,CASE-PO-000330_3,二次組立,A030,MB000102,MG001,WC000053,146,150,20,170,2026/07/03 12:25:59,2026/07/03 15:15:59,,EQ-A030,9005,高橋 四郎,20,142,97.3,1,0.7,2026/07/03 12:25:59,2026/07/03 15:27:36,,,,,,完了,2026/07/03 15:27:36
CASE-PO-000330,CASE-PN-000330,4,CASE-PO-000330_4,完成検査,A040,MB000102,MG001,WC000054,146,60,0,60,2026/07/04 00:02:37,2026/07/06 09:30:00,,EQ-A040,9005,高橋 四郎,0,145,99.3,3,2.1,2026/07/06 08:30:00,2026/07/06 09:26:04,,,,,,完了,2026/07/06 09:26:04
CASE-PO-000331,CASE-PN-000331,1,CASE-PO-000331_1,部品準備,A010,MB000102,MG001,WC000051,156,45,10,55,2026/05/11 08:30:00,2026/05/11 09:25:00,,EQ-A010,9005,高橋 四郎,10,152,97.4,1,0.6,2026/05/11 08:30:00,2026/05/11 09:25:59,,,,,,完了,2026/05/11 09:25:59
CASE-PO-000331,CASE-PN-000331,2,CASE-PO-000331_2,一次組立,A020,MB000102,MG001,WC000052,156,180,25,205,2026/05/11 11:42:32,2026/05/11 15:07:32,,EQ-A020,9005,高橋 四郎,25,155,99.4,2,1.3,2026/05/11 11:42:32,2026/05/11 14:56:01,,,,,,完了,2026/05/11 14:56:01
CASE-PO-000331,CASE-PN-000331,3,CASE-PO-000331_3,二次組立,A030,MB000102,MG001,WC000053,156,150,20,170,2026/05/12 02:26:49,2026/05/12 11:20:00,,EQ-A030,9005,高橋 四郎,20,156,100.0,3,1.9,2026/05/12 08:30:00,2026/05/12 11:10:25,,,,,,完了,2026/05/12 11:10:25
CASE-PO-000331,CASE-PN-000331,4,CASE-PO-000331_4,完成検査,A040,MB000102,MG001,WC000054,156,60,0,60,2026/05/12 20:19:48,2026/05/13 09:30:00,,EQ-A040,9005,高橋 四郎,0,152,97.4,3,1.9,2026/05/13 08:30:00,2026/05/13 09:32:17,,,,,,完了,2026/05/13 09:32:17
CASE-PO-000332,CASE-PN-000332,1,CASE-PO-000332_1,部品準備,A010,MB000101,MG001,WC000051,79,45,10,55,2026/06/18 08:30:00,2026/06/18 09:25:00,,EQ-A010,9005,高橋 四郎,10,77,97.5,1,1.3,2026/06/18 08:30:00,2026/06/18 09:10:39,,,,,,完了,2026/06/18 09:10:39
CASE-PO-000332,CASE-PN-000332,2,CASE-PO-000332_2,一次組立,A020,MB000101,MG001,WC000052,79,180,25,205,2026/06/18 15:07:44,2026/06/19 09:32:00,,EQ-A020,9005,高橋 四郎,25,78,98.7,1,1.3,2026/06/18 15:07:44,2026/06/19 08:57:06,,,,,,完了,2026/06/19 08:57:06
CASE-PO-000332,CASE-PN-000332,3,CASE-PO-000332_3,二次組立,A030,MB000101,MG001,WC000053,79,150,20,170,2026/06/19 17:06:17,2026/06/22 10:56:00,,EQ-A030,9005,高橋 四郎,20,77,97.5,1,1.3,2026/06/19 17:06:17,2026/06/22 11:05:34,,,,,,完了,2026/06/22 11:05:34
CASE-PO-000332,CASE-PN-000332,4,CASE-PO-000332_4,完成検査,A040,MB000101,MG001,WC000054,79,60,0,60,2026/06/22 17:14:56,2026/06/23 09:14:00,,EQ-A040,9005,高橋 四郎,0,78,98.7,0,0.0,2026/06/22 17:14:56,2026/06/23 09:24:54,,,,,,完了,2026/06/23 09:24:54
CASE-PO-000333,CASE-PN-000333,1,CASE-PO-000333_1,部品準備,A010,MB000102,MG001,WC000051,81,45,10,55,2026/06/23 08:30:00,2026/06/23 09:25:00,,EQ-A010,9002,鈴木 花子,10,81,100.0,1,1.2,2026/06/23 08:30:00,2026/06/23 09:20:47,,,,,,完了,2026/06/23 09:20:47
CASE-PO-000333,CASE-PN-000333,2,CASE-PO-000333_2,一次組立,A020,MB000102,MG001,WC000052,81,180,25,205,2026/06/23 11:14:36,2026/06/23 14:39:36,,EQ-A020,9002,鈴木 花子,25,80,98.8,0,0.0,2026/06/23 11:14:36,2026/06/23 14:30:46,,,,,,完了,2026/06/23 14:30:46
CASE-PO-000333,CASE-PN-000333,3,CASE-PO-000333_3,二次組立,A030,MB000102,MG001,WC000053,81,150,20,170,2026/06/23 17:55:29,2026/06/24 11:20:00,,EQ-A030,9002,鈴木 花子,20,81,100.0,1,1.2,2026/06/24 08:30:00,2026/06/24 11:31:13,,,,,,完了,2026/06/24 11:31:13
CASE-PO-000333,CASE-PN-000333,4,CASE-PO-000333_4,完成検査,A040,MB000102,MG001,WC000054,81,60,0,60,2026/06/24 13:32:05,2026/06/24 14:32:05,,EQ-A040,9002,鈴木 花子,0,81,100.0,1,1.2,2026/06/24 13:32:05,2026/06/24 14:35:04,,,,,,完了,2026/06/24 14:35:04
CASE-PO-000334,CASE-PN-000334,1,CASE-PO-000334_1,部品準備,A010,MB000102,MG001,WC000051,65,45,10,55,2026/06/15 08:30:00,2026/06/15 09:25:00,,EQ-A010,9001,山田 太郎,10,64,98.5,1,1.5,2026/06/15 08:30:00,2026/06/15 09:13:36,,,,,,完了,2026/06/15 09:13:36
CASE-PO-000334,CASE-PN-000334,2,CASE-PO-000334_2,一次組立,A020,MB000102,MG001,WC000052,65,180,25,205,2026/06/15 16:02:26,2026/06/16 10:27:00,,EQ-A020,9001,山田 太郎,25,64,98.5,1,1.5,2026/06/15 16:02:26,2026/06/16 09:59:34,,,,,,完了,2026/06/16 09:59:34
CASE-PO-000334,CASE-PN-000334,3,CASE-PO-000334_3,二次組立,A030,MB000102,MG001,WC000053,65,150,20,170,2026/06/16 19:11:24,2026/06/17 11:20:00,,EQ-A030,9001,山田 太郎,20,64,98.5,0,0.0,2026/06/17 08:30:00,2026/06/17 10:45:14,,,,,,完了,2026/06/17 10:45:14
CASE-PO-000334,CASE-PN-000334,4,CASE-PO-000334_4,完成検査,A040,MB000102,MG001,WC000054,65,60,0,60,2026/06/17 17:38:38,2026/06/18 09:30:00,,EQ-A040,9001,山田 太郎,0,64,98.5,1,1.5,2026/06/18 08:30:00,2026/06/18 09:30:19,,,,,,完了,2026/06/18 09:30:19
CASE-PO-000335,CASE-PN-000335,1,CASE-PO-000335_1,部品準備,A010,MB000101,MG001,WC000051,61,45,10,55,2026/06/22 08:30:00,2026/06/22 09:25:00,,EQ-A010,9004,田中 三郎,10,60,98.4,1,1.6,2026/06/22 08:30:00,2026/06/22 09:25:11,,,,,,完了,2026/06/22 09:25:11
CASE-PO-000335,CASE-PN-000335,2,CASE-PO-000335_2,一次組立,A020,MB000101,MG001,WC000052,61,180,25,205,2026/06/22 13:16:03,2026/06/22 16:41:03,,EQ-A020,9004,田中 三郎,25,60,98.4,0,0.0,2026/06/22 13:16:03,2026/06/22 16:24:20,,,,,,完了,2026/06/22 16:24:20
CASE-PO-000335,CASE-PN-000335,3,CASE-PO-000335_3,二次組立,A030,MB000101,MG001,WC000053,61,150,20,170,2026/06/23 02:55:23,2026/06/23 11:20:00,,EQ-A030,9004,田中 三郎,20,59,96.7,0,0.0,2026/06/23 08:30:00,2026/06/23 11:18:37,,,,,,完了,2026/06/23 11:18:37
CASE-PO-000335,CASE-PN-000335,4,CASE-PO-000335_4,完成検査,A040,MB000101,MG001,WC000054,61,60,0,60,2026/06/23 16:34:50,2026/06/24 08:34:00,,EQ-A040,9004,田中 三郎,0,60,98.4,1,1.6,2026/06/23 16:34:50,2026/06/24 08:48:48,,,,,,完了,2026/06/24 08:48:48
CASE-PO-000336,CASE-PN-000336,1,CASE-PO-000336_1,部品準備,A010,MB000103,MG001,WC000051,46,45,10,55,2026/07/02 08:30:00,2026/07/02 09:25:00,,EQ-A010,9003,佐藤 次郎,10,45,97.8,0,0.0,2026/07/02 08:30:00,2026/07/02 09:20:57,,,,,,完了,2026/07/02 09:20:57
CASE-PO-000336,CASE-PN-000336,2,CASE-PO-000336_2,一次組立,A020,MB000103,MG001,WC000052,46,180,25,205,2026/07/02 12:17:17,2026/07/02 15:42:17,,EQ-A020,9003,佐藤 次郎,25,45,97.8,0,0.0,2026/07/02 12:17:17,2026/07/02 15:50:02,,,,,,完了,2026/07/02 15:50:02
CASE-PO-000336,CASE-PN-000336,3,CASE-PO-000336_3,二次組立,A030,MB000103,MG001,WC000053,46,150,20,170,2026/07/03 02:30:06,2026/07/03 11:20:00,,EQ-A030,9003,佐藤 次郎,20,46,100.0,1,2.2,2026/07/03 08:30:00,2026/07/03 11:22:27,,,,,,完了,2026/07/03 11:22:27
CASE-PO-000336,CASE-PN-000336,4,CASE-PO-000336_4,完成検査,A040,MB000103,MG001,WC000054,46,60,0,60,2026/07/03 13:50:01,2026/07/03 14:50:01,,EQ-A040,9003,佐藤 次郎,0,46,100.0,1,2.2,2026/07/03 13:50:01,2026/07/03 14:42:20,,,,,,完了,2026/07/03 14:42:20
CASE-PO-000337,CASE-PN-000337,1,CASE-PO-000337_1,部品準備,A010,MB000101,MG001,WC000051,81,45,10,55,2026/06/01 08:30:00,2026/06/01 09:25:00,,EQ-A010,9003,佐藤 次郎,10,79,97.5,0,0.0,2026/06/01 08:30:00,2026/06/01 09:24:22,,,,,,完了,2026/06/01 09:24:22
CASE-PO-000337,CASE-PN-000337,2,CASE-PO-000337_2,一次組立,A020,MB000101,MG001,WC000052,81,180,25,205,2026/06/01 11:32:04,2026/06/01 14:57:04,,EQ-A020,9003,佐藤 次郎,25,79,97.5,1,1.2,2026/06/01 11:32:04,2026/06/01 14:10:54,,,,,,完了,2026/06/01 14:10:54
CASE-PO-000337,CASE-PN-000337,3,CASE-PO-000337_3,二次組立,A030,MB000101,MG001,WC000053,81,150,20,170,2026/06/02 01:50:07,2026/06/02 11:20:00,,EQ-A030,9003,佐藤 次郎,20,80,98.8,1,1.2,2026/06/02 08:30:00,2026/06/02 11:32:52,,,,,,完了,2026/06/02 11:32:52
CASE-PO-000337,CASE-PN-000337,4,CASE-PO-000337_4,完成検査,A040,MB000101,MG001,WC000054,81,60,0,60,2026/06/02 21:09:40,2026/06/03 09:30:00,,EQ-A040,9003,佐藤 次郎,0,81,100.0,1,1.2,2026/06/03 08:30:00,2026/06/03 09:34:16,,,,,,完了,2026/06/03 09:34:16
CASE-PO-000338,CASE-PN-000338,1,CASE-PO-000338_1,部品準備,A010,MB000103,MG001,WC000051,64,45,10,55,2026/06/25 08:30:00,2026/06/25 09:25:00,,EQ-A010,9004,田中 三郎,10,64,100.0,1,1.6,2026/06/25 08:30:00,2026/06/25 09:12:09,,,,,,完了,2026/06/25 09:12:09
CASE-PO-000338,CASE-PN-000338,2,CASE-PO-000338_2,一次組立,A020,MB000103,MG001,WC000052,64,180,25,205,2026/06/25 15:55:32,2026/06/26 10:20:00,,EQ-A020,9004,田中 三郎,25,64,100.0,1,1.6,2026/06/25 15:55:32,2026/06/26 09:57:05,,,,,,完了,2026/06/26 09:57:05
CASE-PO-000338,CASE-PN-000338,3,CASE-PO-000338_3,二次組立,A030,MB000103,MG001,WC000053,64,150,20,170,2026/06/26 16:24:01,2026/06/29 10:14:00,,EQ-A030,9004,田中 三郎,20,62,96.9,1,1.6,2026/06/26 16:24:01,2026/06/29 10:23:15,,,,,,完了,2026/06/29 10:23:15
CASE-PO-000338,CASE-PN-000338,4,CASE-PO-000338_4,完成検査,A040,MB000103,MG001,WC000054,64,60,0,60,2026/06/29 19:28:27,2026/06/30 09:30:00,,EQ-A040,9004,田中 三郎,0,63,98.4,1,1.6,2026/06/30 08:30:00,2026/06/30 09:38:06,,,,,,完了,2026/06/30 09:38:06
CASE-PO-000339,CASE-PN-000339,1,CASE-PO-000339_1,部品準備,A010,MB000103,MG001,WC000051,40,45,10,55,2026/06/11 08:30:00,2026/06/11 09:25:00,,EQ-A010,9002,鈴木 花子,10,39,97.5,0,0.0,2026/06/11 08:30:00,2026/06/11 09:18:36,,,,,,完了,2026/06/11 09:18:36
CASE-PO-000339,CASE-PN-000339,2,CASE-PO-000339_2,一次組立,A020,MB000103,MG001,WC000052,40,180,25,205,2026/06/11 16:38:21,2026/06/12 11:03:00,,EQ-A020,9002,鈴木 花子,25,40,100.0,1,2.5,2026/06/11 16:38:21,2026/06/12 10:16:03,,,,,,完了,2026/06/12 10:16:03
CASE-PO-000339,CASE-PN-000339,3,CASE-PO-000339_3,二次組立,A030,MB000103,MG001,WC000053,40,150,20,170,2026/06/12 18:11:07,2026/06/15 11:20:00,,EQ-A030,9002,鈴木 花子,20,39,97.5,1,2.5,2026/06/15 08:30:00,2026/06/15 10:58:26,,,,,,完了,2026/06/15 10:58:26
CASE-PO-000339,CASE-PN-000339,4,CASE-PO-000339_4,完成検査,A040,MB000103,MG001,WC000054,40,60,0,60,2026/06/15 14:07:30,2026/06/15 15:07:30,,EQ-A040,9002,鈴木 花子,0,39,97.5,0,0.0,2026/06/15 14:07:30,2026/06/15 15:12:20,,,,,,完了,2026/06/15 15:12:20
CASE-PO-000340,CASE-PN-000340,1,CASE-PO-000340_1,部品準備,A010,MB000103,MG001,WC000051,89,45,10,55,2026/06/23 08:30:00,2026/06/23 09:25:00,,EQ-A010,9003,佐藤 次郎,10,88,98.9,1,1.1,2026/06/23 08:30:00,2026/06/23 09:09:52,,,,,,完了,2026/06/23 09:09:52
CASE-PO-000340,CASE-PN-000340,2,CASE-PO-000340_2,一次組立,A020,MB000103,MG001,WC000052,89,180,25,205,2026/06/23 15:11:06,2026/06/24 09:36:00,,EQ-A020,9003,佐藤 次郎,25,88,98.9,2,2.2,2026/06/23 15:11:06,2026/06/24 09:15:07,,,,,,完了,2026/06/24 09:15:07
CASE-PO-000340,CASE-PN-000340,3,CASE-PO-000340_3,二次組立,A030,MB000103,MG001,WC000053,89,150,20,170,2026/06/24 20:18:20,2026/06/25 11:20:00,,EQ-A030,9003,佐藤 次郎,20,88,98.9,2,2.2,2026/06/25 08:30:00,2026/06/25 10:54:39,,,,,,完了,2026/06/25 10:54:39
CASE-PO-000340,CASE-PN-000340,4,CASE-PO-000340_4,完成検査,A040,MB000103,MG001,WC000054,89,60,0,60,2026/06/25 15:29:12,2026/06/25 16:29:12,,EQ-A040,9003,佐藤 次郎,0,87,97.8,1,1.1,2026/06/25 15:29:12,2026/06/25 16:23:08,,,,,,完了,2026/06/25 16:23:08
CASE-PO-000341,CASE-PN-000341,1,CASE-PO-000341_1,部品準備,A010,MB000102,MG001,WC000051,77,45,10,55,2026/05/26 08:30:00,2026/05/26 09:25:00,,EQ-A010,9004,田中 三郎,10,75,97.4,1,1.3,2026/05/26 08:30:00,2026/05/26 09:25:37,,,,,,完了,2026/05/26 09:25:37
CASE-PO-000341,CASE-PN-000341,2,CASE-PO-000341_2,一次組立,A020,MB000102,MG001,WC000052,77,180,25,205,2026/05/26 17:02:41,2026/05/27 11:27:00,,EQ-A020,9004,田中 三郎,25,76,98.7,1,1.3,2026/05/26 17:02:41,2026/05/27 11:22:22,,,,,,完了,2026/05/27 11:22:22
CASE-PO-000341,CASE-PN-000341,3,CASE-PO-000341_3,二次組立,A030,MB000102,MG001,WC000053,77,150,20,170,2026/05/27 21:56:35,2026/05/28 11:20:00,,EQ-A030,9004,田中 三郎,20,75,97.4,1,1.3,2026/05/28 08:30:00,2026/05/28 11:28:32,,,,,,完了,2026/05/28 11:28:32
CASE-PO-000341,CASE-PN-000341,4,CASE-PO-000341_4,完成検査,A040,MB000102,MG001,WC000054,77,60,0,60,2026/05/28 16:24:14,2026/05/28 17:24:14,,EQ-A040,9004,田中 三郎,0,77,100.0,1,1.3,2026/05/28 16:24:14,2026/05/28 17:17:35,,,,,,完了,2026/05/28 17:17:35
CASE-PO-000342,CASE-PN-000342,1,CASE-PO-000342_1,部品準備,A010,MB000103,MG001,WC000051,75,45,10,55,2026/06/01 08:30:00,2026/06/01 09:25:00,,EQ-A010,9005,高橋 四郎,10,73,97.3,1,1.3,2026/06/01 08:30:00,2026/06/01 09:21:58,,,,,,完了,2026/06/01 09:21:58
CASE-PO-000342,CASE-PN-000342,2,CASE-PO-000342_2,一次組立,A020,MB000103,MG001,WC000052,75,180,25,205,2026/06/01 11:39:01,2026/06/01 15:04:01,,EQ-A020,9005,高橋 四郎,25,75,100.0,1,1.3,2026/06/01 11:39:01,2026/06/01 15:09:05,,,,,,完了,2026/06/01 15:09:05
CASE-PO-000342,CASE-PN-000342,3,CASE-PO-000342_3,二次組立,A030,MB000103,MG001,WC000053,75,150,20,170,2026/06/01 21:50:16,2026/06/02 11:20:00,,EQ-A030,9005,高橋 四郎,20,75,100.0,0,0.0,2026/06/02 08:30:00,2026/06/02 10:55:29,,,,,,完了,2026/06/02 10:55:29
CASE-PO-000342,CASE-PN-000342,4,CASE-PO-000342_4,完成検査,A040,MB000103,MG001,WC000054,75,60,0,60,2026/06/02 15:29:29,2026/06/02 16:29:29,,EQ-A040,9005,高橋 四郎,0,73,97.3,1,1.3,2026/06/02 15:29:29,2026/06/02 16:41:34,,,,,,完了,2026/06/02 16:41:34
CASE-PO-000343,CASE-PN-000343,1,CASE-PO-000343_1,部品準備,A010,MB000101,MG001,WC000051,119,45,10,55,2026/05/11 08:30:00,2026/05/11 09:25:00,,EQ-A010,9005,高橋 四郎,10,117,98.3,2,1.7,2026/05/11 08:30:00,2026/05/11 09:21:30,,,,,,完了,2026/05/11 09:21:30
CASE-PO-000343,CASE-PN-000343,2,CASE-PO-000343_2,一次組立,A020,MB000101,MG001,WC000052,119,180,25,205,2026/05/11 10:29:50,2026/05/11 13:54:50,,EQ-A020,9005,高橋 四郎,25,116,97.5,2,1.7,2026/05/11 10:29:50,2026/05/11 13:19:06,,,,,,完了,2026/05/11 13:19:06
CASE-PO-000343,CASE-PN-000343,3,CASE-PO-000343_3,二次組立,A030,MB000101,MG001,WC000053,119,150,20,170,2026/05/11 22:47:10,2026/05/12 11:20:00,,EQ-A030,9005,高橋 四郎,20,117,98.3,2,1.7,2026/05/12 08:30:00,2026/05/12 11:10:06,,,,,,完了,2026/05/12 11:10:06
CASE-PO-000343,CASE-PN-000343,4,CASE-PO-000343_4,完成検査,A040,MB000101,MG001,WC000054,119,60,0,60,2026/05/12 14:32:47,2026/05/12 15:32:47,,EQ-A040,9005,高橋 四郎,0,117,98.3,2,1.7,2026/05/12 14:32:47,2026/05/12 15:40:14,,,,,,完了,2026/05/12 15:40:14
CASE-PO-000344,CASE-PN-000344,1,CASE-PO-000344_1,部品準備,A010,MB000102,MG001,WC000051,104,45,10,55,2026/06/29 08:30:00,2026/06/29 09:25:00,,EQ-A010,9005,高橋 四郎,10,104,100.0,1,1.0,2026/06/29 08:30:00,2026/06/29 09:17:29,,,,,,完了,2026/06/29 09:17:29
CASE-PO-000344,CASE-PN-000344,2,CASE-PO-000344_2,一次組立,A020,MB000102,MG001,WC000052,104,180,25,205,2026/06/29 11:50:02,2026/06/29 15:15:02,,EQ-A020,9005,高橋 四郎,25,102,98.1,0,0.0,2026/06/29 11:50:02,2026/06/29 14:54:53,,,,,,完了,2026/06/29 14:54:53
CASE-PO-000344,CASE-PN-000344,3,CASE-PO-000344_3,二次組立,A030,MB000102,MG001,WC000053,104,150,20,170,2026/06/29 21:25:09,2026/06/30 11:20:00,,EQ-A030,9005,高橋 四郎,20,101,97.1,2,1.9,2026/06/30 08:30:00,2026/06/30 11:05:29,,,,,,完了,2026/06/30 11:05:29
CASE-PO-000344,CASE-PN-000344,4,CASE-PO-000344_4,完成検査,A040,MB000102,MG001,WC000054,104,60,0,60,2026/06/30 17:53:08,2026/07/01 09:30:00,,EQ-A040,9005,高橋 四郎,0,101,97.1,0,0.0,2026/07/01 08:30:00,2026/07/01 09:43:02,,,,,,完了,2026/07/01 09:43:02
CASE-PO-000345,CASE-PN-000345,1,CASE-PO-000345_1,部品準備,A010,MB000103,MG001,WC000051,65,45,10,55,2026/05/25 08:30:00,2026/05/25 09:25:00,,EQ-A010,9002,鈴木 花子,10,63,96.9,0,0.0,2026/05/25 08:30:00,2026/05/25 09:12:24,,,,,,完了,2026/05/25 09:12:24
CASE-PO-000345,CASE-PN-000345,2,CASE-PO-000345_2,一次組立,A020,MB000103,MG001,WC000052,65,180,25,205,2026/05/25 13:51:59,2026/05/25 17:16:59,,EQ-A020,9002,鈴木 花子,25,64,98.5,1,1.5,2026/05/25 13:51:59,2026/05/25 16:55:49,,,,,,完了,2026/05/25 16:55:49
CASE-PO-000345,CASE-PN-000345,3,CASE-PO-000345_3,二次組立,A030,MB000103,MG001,WC000053,65,150,20,170,2026/05/26 03:03:31,2026/05/26 11:20:00,,EQ-A030,9002,鈴木 花子,20,63,96.9,0,0.0,2026/05/26 08:30:00,2026/05/26 10:47:55,,,,,,完了,2026/05/26 10:47:55
CASE-PO-000345,CASE-PN-000345,4,CASE-PO-000345_4,完成検査,A040,MB000103,MG001,WC000054,65,60,0,60,2026/05/26 12:30:30,2026/05/26 13:30:30,,EQ-A040,9002,鈴木 花子,0,64,98.5,0,0.0,2026/05/26 12:30:30,2026/05/26 13:30:45,,,,,,完了,2026/05/26 13:30:45
CASE-PO-000346,CASE-PN-000346,1,CASE-PO-000346_1,部品準備,A010,MB000101,MG001,WC000051,48,45,10,55,2026/06/26 08:30:00,2026/06/26 09:25:00,,EQ-A010,9004,田中 三郎,10,47,97.9,1,2.1,2026/06/26 08:30:00,2026/06/26 09:13:49,,,,,,完了,2026/06/26 09:13:49
CASE-PO-000346,CASE-PN-000346,2,CASE-PO-000346_2,一次組立,A020,MB000101,MG001,WC000052,48,180,25,205,2026/06/26 15:18:19,2026/06/29 09:43:00,,EQ-A020,9004,田中 三郎,25,47,97.9,0,0.0,2026/06/26 15:18:19,2026/06/29 09:02:09,,,,,,完了,2026/06/29 09:02:09
CASE-PO-000346,CASE-PN-000346,3,CASE-PO-000346_3,二次組立,A030,MB000101,MG001,WC000053,48,150,20,170,2026/06/29 19:16:47,2026/06/30 11:20:00,,EQ-A030,9004,田中 三郎,20,47,97.9,1,2.1,2026/06/30 08:30:00,2026/06/30 11:14:14,,,,,,完了,2026/06/30 11:14:14
CASE-PO-000346,CASE-PN-000346,4,CASE-PO-000346_4,完成検査,A040,MB000101,MG001,WC000054,48,60,0,60,2026/06/30 19:37:21,2026/07/01 09:30:00,,EQ-A040,9004,田中 三郎,0,47,97.9,0,0.0,2026/07/01 08:30:00,2026/07/01 09:23:55,,,,,,完了,2026/07/01 09:23:55
CASE-PO-000347,CASE-PN-000347,1,CASE-PO-000347_1,部品準備,A010,MB000101,MG001,WC000051,115,45,10,55,2026/06/03 08:30:00,2026/06/03 09:25:00,,EQ-A010,9005,高橋 四郎,10,115,100.0,0,0.0,2026/06/03 08:30:00,2026/06/03 09:23:24,,,,,,完了,2026/06/03 09:23:24
CASE-PO-000347,CASE-PN-000347,2,CASE-PO-000347_2,一次組立,A020,MB000101,MG001,WC000052,115,180,25,205,2026/06/03 13:58:23,2026/06/03 17:23:23,,EQ-A020,9005,高橋 四郎,25,113,98.3,2,1.7,2026/06/03 13:58:23,2026/06/03 16:46:33,,,,,,完了,2026/06/03 16:46:33
CASE-PO-000347,CASE-PN-000347,3,CASE-PO-000347_3,二次組立,A030,MB000101,MG001,WC000053,115,150,20,170,2026/06/04 00:03:11,2026/06/04 11:20:00,,EQ-A030,9005,高橋 四郎,20,112,97.4,1,0.9,2026/06/04 08:30:00,2026/06/04 11:27:37,,,,,,完了,2026/06/04 11:27:37
CASE-PO-000347,CASE-PN-000347,4,CASE-PO-000347_4,完成検査,A040,MB000101,MG001,WC000054,115,60,0,60,2026/06/04 15:16:46,2026/06/04 16:16:46,,EQ-A040,9005,高橋 四郎,0,115,100.0,1,0.9,2026/06/04 15:16:46,2026/06/04 16:18:22,,,,,,完了,2026/06/04 16:18:22
CASE-PO-000348,CASE-PN-000348,1,CASE-PO-000348_1,部品準備,A010,MB000102,MG001,WC000051,97,45,10,55,2026/06/22 08:30:00,2026/06/22 09:25:00,,EQ-A010,9002,鈴木 花子,10,95,97.9,0,0.0,2026/06/22 08:30:00,2026/06/22 09:12:53,,,,,,完了,2026/06/22 09:12:53
CASE-PO-000348,CASE-PN-000348,2,CASE-PO-000348_2,一次組立,A020,MB000102,MG001,WC000052,97,180,25,205,2026/06/22 13:00:46,2026/06/22 16:25:46,,EQ-A020,9002,鈴木 花子,25,94,96.9,2,2.1,2026/06/22 13:00:46,2026/06/22 15:59:17,,,,,,完了,2026/06/22 15:59:17
CASE-PO-000348,CASE-PN-000348,3,CASE-PO-000348_3,二次組立,A030,MB000102,MG001,WC000053,97,150,20,170,2026/06/22 23:01:11,2026/06/23 11:20:00,,EQ-A030,9002,鈴木 花子,20,94,96.9,0,0.0,2026/06/23 08:30:00,2026/06/23 10:43:31,,,,,,完了,2026/06/23 10:43:31
CASE-PO-000348,CASE-PN-000348,4,CASE-PO-000348_4,完成検査,A040,MB000102,MG001,WC000054,97,60,0,60,2026/06/23 12:37:32,2026/06/23 13:37:32,,EQ-A040,9002,鈴木 花子,0,95,97.9,0,0.0,2026/06/23 12:37:32,2026/06/23 13:50:42,,,,,,完了,2026/06/23 13:50:42
CASE-PO-000349,CASE-PN-000349,1,CASE-PO-000349_1,部品準備,A010,MB000102,MG001,WC000051,105,45,10,55,2026/06/08 08:30:00,2026/06/08 09:25:00,,EQ-A010,9003,佐藤 次郎,10,103,98.1,2,1.9,2026/06/08 08:30:00,2026/06/08 09:12:00,,,,,,完了,2026/06/08 09:12:00
CASE-PO-000349,CASE-PN-000349,2,CASE-PO-000349_2,一次組立,A020,MB000102,MG001,WC000052,105,180,25,205,2026/06/08 16:47:44,2026/06/09 11:12:00,,EQ-A020,9003,佐藤 次郎,25,103,98.1,2,1.9,2026/06/08 16:47:44,2026/06/09 10:51:51,,,,,,完了,2026/06/09 10:51:51
CASE-PO-000349,CASE-PN-000349,3,CASE-PO-000349_3,二次組立,A030,MB000102,MG001,WC000053,105,150,20,170,2026/06/09 22:38:51,2026/06/10 11:20:00,,EQ-A030,9003,佐藤 次郎,20,103,98.1,1,1.0,2026/06/10 08:30:00,2026/06/10 11:12:03,,,,,,完了,2026/06/10 11:12:03
CASE-PO-000349,CASE-PN-000349,4,CASE-PO-000349_4,完成検査,A040,MB000102,MG001,WC000054,105,60,0,60,2026/06/10 18:26:26,2026/06/11 09:30:00,,EQ-A040,9003,佐藤 次郎,0,103,98.1,1,1.0,2026/06/11 08:30:00,2026/06/11 09:24:36,,,,,,完了,2026/06/11 09:24:36
CASE-PO-000350,CASE-PN-000350,1,CASE-PO-000350_1,部品準備,A010,MB000101,MG001,WC000051,115,45,10,55,2026/06/05 08:30:00,2026/06/05 09:25:00,,EQ-A010,9005,高橋 四郎,10,115,100.0,2,1.7,2026/06/05 08:30:00,2026/06/05 09:25:46,,,,,,完了,2026/06/05 09:25:46
CASE-PO-000350,CASE-PN-000350,2,CASE-PO-000350_2,一次組立,A020,MB000101,MG001,WC000052,115,180,25,205,2026/06/05 15:27:44,2026/06/08 09:52:00,,EQ-A020,9005,高橋 四郎,25,112,97.4,0,0.0,2026/06/05 15:27:44,2026/06/08 09:42:51,,,,,,完了,2026/06/08 09:42:51
CASE-PO-000350,CASE-PN-000350,3,CASE-PO-000350_3,二次組立,A030,MB000101,MG001,WC000053,115,150,20,170,2026/06/08 18:57:27,2026/06/09 11:20:00,,EQ-A030,9005,高橋 四郎,20,114,99.1,2,1.7,2026/06/09 08:30:00,2026/06/09 11:33:24,,,,,,完了,2026/06/09 11:33:24
CASE-PO-000350,CASE-PN-000350,4,CASE-PO-000350_4,完成検査,A040,MB000101,MG001,WC000054,115,60,0,60,2026/06/09 20:27:29,2026/06/10 09:30:00,,EQ-A040,9005,高橋 四郎,0,112,97.4,2,1.7,2026/06/10 08:30:00,2026/06/10 09:27:25,,,,,,完了,2026/06/10 09:27:25
CASE-PO-000351,CASE-PN-000351,1,CASE-PO-000351_1,部品準備,A010,MB000101,MG001,WC000051,71,45,10,55,2026/05/14 08:30:00,2026/05/14 09:25:00,,EQ-A010,9001,山田 太郎,10,71,100.0,0,0.0,2026/05/14 08:30:00,2026/05/14 09:22:34,,,,,,完了,2026/05/14 09:22:34
CASE-PO-000351,CASE-PN-000351,2,CASE-PO-000351_2,一次組立,A020,MB000101,MG001,WC000052,71,180,25,205,2026/05/14 12:04:07,2026/05/14 15:29:07,,EQ-A020,9001,山田 太郎,25,71,100.0,1,1.4,2026/05/14 12:04:07,2026/05/14 15:36:43,,,,,,完了,2026/05/14 15:36:43
CASE-PO-000351,CASE-PN-000351,3,CASE-PO-000351_3,二次組立,A030,MB000101,MG001,WC000053,71,150,20,170,2026/05/14 22:02:06,2026/05/15 11:20:00,,EQ-A030,9001,山田 太郎,20,70,98.6,0,0.0,2026/05/15 08:30:00,2026/05/15 10:47:12,,,,,,完了,2026/05/15 10:47:12
CASE-PO-000351,CASE-PN-000351,4,CASE-PO-000351_4,完成検査,A040,MB000101,MG001,WC000054,71,60,0,60,2026/05/15 16:18:25,2026/05/15 17:18:25,,EQ-A040,9001,山田 太郎,0,70,98.6,1,1.4,2026/05/15 16:18:25,2026/05/15 17:29:06,,,,,,完了,2026/05/15 17:29:06
CASE-PO-000352,CASE-PN-000352,1,CASE-PO-000352_1,部品準備,A010,MB000102,MG001,WC000051,140,45,10,55,2026/05/27 08:30:00,2026/05/27 09:25:00,,EQ-A010,9003,佐藤 次郎,10,138,98.6,0,0.0,2026/05/27 08:30:00,2026/05/27 09:18:46,,,,,,完了,2026/05/27 09:18:46
CASE-PO-000352,CASE-PN-000352,2,CASE-PO-000352_2,一次組立,A020,MB000102,MG001,WC000052,140,180,25,205,2026/05/27 17:18:44,2026/05/28 11:43:00,,EQ-A020,9003,佐藤 次郎,25,139,99.3,1,0.7,2026/05/27 17:18:44,2026/05/28 11:32:43,,,,,,完了,2026/05/28 11:32:43
CASE-PO-000352,CASE-PN-000352,3,CASE-PO-000352_3,二次組立,A030,MB000102,MG001,WC000053,140,150,20,170,2026/05/28 21:59:50,2026/05/29 11:20:00,,EQ-A030,9003,佐藤 次郎,20,137,97.9,0,0.0,2026/05/29 08:30:00,2026/05/29 11:11:37,,,,,,完了,2026/05/29 11:11:37
CASE-PO-000352,CASE-PN-000352,4,CASE-PO-000352_4,完成検査,A040,MB000102,MG001,WC000054,140,60,0,60,2026/05/29 16:26:02,2026/05/29 17:26:02,,EQ-A040,9003,佐藤 次郎,0,137,97.9,1,0.7,2026/05/29 16:26:02,2026/05/29 17:17:16,,,,,,完了,2026/05/29 17:17:16
CASE-PO-000353,CASE-PN-000353,1,CASE-PO-000353_1,部品準備,A010,MB000102,MG001,WC000051,125,45,10,55,2026/05/18 08:30:00,2026/05/18 09:25:00,,EQ-A010,9001,山田 太郎,10,123,98.4,2,1.6,2026/05/18 08:30:00,2026/05/18 09:24:15,,,,,,完了,2026/05/18 09:24:15
CASE-PO-000353,CASE-PN-000353,2,CASE-PO-000353_2,一次組立,A020,MB000102,MG001,WC000052,125,180,25,205,2026/05/18 13:41:17,2026/05/18 17:06:17,,EQ-A020,9001,山田 太郎,25,123,98.4,2,1.6,2026/05/18 13:41:17,2026/05/18 16:48:52,,,,,,完了,2026/05/18 16:48:52
CASE-PO-000353,CASE-PN-000353,3,CASE-PO-000353_3,二次組立,A030,MB000102,MG001,WC000053,125,150,20,170,2026/05/18 21:17:13,2026/05/19 11:20:00,,EQ-A030,9001,山田 太郎,20,125,100.0,2,1.6,2026/05/19 08:30:00,2026/05/19 11:24:59,,,,,,完了,2026/05/19 11:24:59
CASE-PO-000353,CASE-PN-000353,4,CASE-PO-000353_4,完成検査,A040,MB000102,MG001,WC000054,125,60,0,60,2026/05/19 16:11:05,2026/05/19 17:11:05,,EQ-A040,9001,山田 太郎,0,123,98.4,1,0.8,2026/05/19 16:11:05,2026/05/19 17:08:43,,,,,,完了,2026/05/19 17:08:43
CASE-PO-000354,CASE-PN-000354,1,CASE-PO-000354_1,部品準備,A010,MB000101,MG001,WC000051,84,45,10,55,2026/05/28 08:30:00,2026/05/28 09:25:00,,EQ-A010,9002,鈴木 花子,10,83,98.8,1,1.2,2026/05/28 08:30:00,2026/05/28 09:25:05,,,,,,完了,2026/05/28 09:25:05
CASE-PO-000354,CASE-PN-000354,2,CASE-PO-000354_2,一次組立,A020,MB000101,MG001,WC000052,84,180,25,205,2026/05/28 15:18:26,2026/05/29 09:43:00,,EQ-A020,9002,鈴木 花子,25,82,97.6,0,0.0,2026/05/28 15:18:26,2026/05/29 09:57:15,,,,,,完了,2026/05/29 09:57:15
CASE-PO-000354,CASE-PN-000354,3,CASE-PO-000354_3,二次組立,A030,MB000101,MG001,WC000053,84,150,20,170,2026/05/29 14:29:57,2026/05/29 17:19:57,,EQ-A030,9002,鈴木 花子,20,83,98.8,2,2.4,2026/05/29 14:29:57,2026/05/29 17:23:29,,,,,,完了,2026/05/29 17:23:29
CASE-PO-000354,CASE-PN-000354,4,CASE-PO-000354_4,完成検査,A040,MB000101,MG001,WC000054,84,60,0,60,2026/05/30 02:55:07,2026/06/01 09:30:00,,EQ-A040,9002,鈴木 花子,0,82,97.6,0,0.0,2026/06/01 08:30:00,2026/06/01 09:36:02,,,,,,完了,2026/06/01 09:36:02
CASE-PO-000355,CASE-PN-000355,1,CASE-PO-000355_1,部品準備,A010,MB000101,MG001,WC000051,115,45,10,55,2026/06/01 08:30:00,2026/06/01 09:25:00,,EQ-A010,9005,高橋 四郎,10,113,98.3,2,1.7,2026/06/01 08:30:00,2026/06/01 09:23:25,,,,,,完了,2026/06/01 09:23:25
CASE-PO-000355,CASE-PN-000355,2,CASE-PO-000355_2,一次組立,A020,MB000101,MG001,WC000052,115,180,25,205,2026/06/01 13:24:32,2026/06/01 16:49:32,,EQ-A020,9005,高橋 四郎,25,115,100.0,1,0.9,2026/06/01 13:24:32,2026/06/01 16:26:29,,,,,,完了,2026/06/01 16:26:29
CASE-PO-000355,CASE-PN-000355,3,CASE-PO-000355_3,二次組立,A030,MB000101,MG001,WC000053,115,150,20,170,2026/06/01 20:44:10,2026/06/02 11:20:00,,EQ-A030,9005,高橋 四郎,20,112,97.4,2,1.7,2026/06/02 08:30:00,2026/06/02 10:39:59,,,,,,完了,2026/06/02 10:39:59
CASE-PO-000355,CASE-PN-000355,4,CASE-PO-000355_4,完成検査,A040,MB000101,MG001,WC000054,115,60,0,60,2026/06/02 16:15:00,2026/06/02 17:15:00,,EQ-A040,9005,高橋 四郎,0,114,99.1,1,0.9,2026/06/02 16:15:00,2026/06/02 17:23:23,,,,,,完了,2026/06/02 17:23:23
CASE-PO-000356,CASE-PN-000356,1,CASE-PO-000356_1,部品準備,A010,MB000101,MG001,WC000051,119,45,10,55,2026/06/08 08:30:00,2026/06/08 09:25:00,,EQ-A010,9001,山田 太郎,10,118,99.2,2,1.7,2026/06/08 08:30:00,2026/06/08 09:22:40,,,,,,完了,2026/06/08 09:22:40
CASE-PO-000356,CASE-PN-000356,2,CASE-PO-000356_2,一次組立,A020,MB000101,MG001,WC000052,119,180,25,205,2026/06/08 15:02:48,2026/06/09 09:27:00,,EQ-A020,9001,山田 太郎,25,116,97.5,2,1.7,2026/06/08 15:02:48,2026/06/09 08:55:01,,,,,,完了,2026/06/09 08:55:01
CASE-PO-000356,CASE-PN-000356,3,CASE-PO-000356_3,二次組立,A030,MB000101,MG001,WC000053,119,150,20,170,2026/06/09 18:42:54,2026/06/10 11:20:00,,EQ-A030,9001,山田 太郎,20,117,98.3,0,0.0,2026/06/10 08:30:00,2026/06/10 11:22:58,,,,,,完了,2026/06/10 11:22:58
CASE-PO-000356,CASE-PN-000356,4,CASE-PO-000356_4,完成検査,A040,MB000101,MG001,WC000054,119,60,0,60,2026/06/10 15:54:45,2026/06/10 16:54:45,,EQ-A040,9001,山田 太郎,0,115,96.6,2,1.7,2026/06/10 15:54:45,2026/06/10 17:03:12,,,,,,完了,2026/06/10 17:03:12
CASE-PO-000357,CASE-PN-000357,1,CASE-PO-000357_1,部品準備,A010,MB000103,MG001,WC000051,84,45,10,55,2026/05/18 08:30:00,2026/05/18 09:25:00,,EQ-A010,9003,佐藤 次郎,10,82,97.6,0,0.0,2026/05/18 08:30:00,2026/05/18 09:17:05,,,,,,完了,2026/05/18 09:17:05
CASE-PO-000357,CASE-PN-000357,2,CASE-PO-000357_2,一次組立,A020,MB000103,MG001,WC000052,84,180,25,205,2026/05/18 11:14:44,2026/05/18 14:39:44,,EQ-A020,9003,佐藤 次郎,25,82,97.6,2,2.4,2026/05/18 11:14:44,2026/05/18 14:43:42,,,,,,完了,2026/05/18 14:43:42
CASE-PO-000357,CASE-PN-000357,3,CASE-PO-000357_3,二次組立,A030,MB000103,MG001,WC000053,84,150,20,170,2026/05/18 19:55:00,2026/05/19 11:20:00,,EQ-A030,9003,佐藤 次郎,20,83,98.8,1,1.2,2026/05/19 08:30:00,2026/05/19 11:33:15,,,,,,完了,2026/05/19 11:33:15
CASE-PO-000357,CASE-PN-000357,4,CASE-PO-000357_4,完成検査,A040,MB000103,MG001,WC000054,84,60,0,60,2026/05/19 13:25:25,2026/05/19 14:25:25,,EQ-A040,9003,佐藤 次郎,0,82,97.6,1,1.2,2026/05/19 13:25:25,2026/05/19 14:17:12,,,,,,完了,2026/05/19 14:17:12
CASE-PO-000358,CASE-PN-000358,1,CASE-PO-000358_1,部品準備,A010,MB000102,MG001,WC000051,86,45,10,55,2026/06/22 08:30:00,2026/06/22 09:25:00,,EQ-A010,9001,山田 太郎,10,85,98.8,1,1.2,2026/06/22 08:30:00,2026/06/22 09:11:59,,,,,,完了,2026/06/22 09:11:59
CASE-PO-000358,CASE-PN-000358,2,CASE-PO-000358_2,一次組立,A020,MB000102,MG001,WC000052,86,180,25,205,2026/06/22 10:36:22,2026/06/22 14:01:22,,EQ-A020,9001,山田 太郎,25,86,100.0,1,1.2,2026/06/22 10:36:22,2026/06/22 14:11:52,,,,,,完了,2026/06/22 14:11:52
CASE-PO-000358,CASE-PN-000358,3,CASE-PO-000358_3,二次組立,A030,MB000102,MG001,WC000053,86,150,20,170,2026/06/22 20:35:33,2026/06/23 11:20:00,,EQ-A030,9001,山田 太郎,20,84,97.7,1,1.2,2026/06/23 08:30:00,2026/06/23 11:18:36,,,,,,完了,2026/06/23 11:18:36
CASE-PO-000358,CASE-PN-000358,4,CASE-PO-000358_4,完成検査,A040,MB000102,MG001,WC000054,86,60,0,60,2026/06/23 15:18:42,2026/06/23 16:18:42,,EQ-A040,9001,山田 太郎,0,84,97.7,1,1.2,2026/06/23 15:18:42,2026/06/23 16:29:41,,,,,,完了,2026/06/23 16:29:41
CASE-PO-000359,CASE-PN-000359,1,CASE-PO-000359_1,部品準備,A010,MB000101,MG001,WC000051,81,45,10,55,2026/05/18 08:30:00,2026/05/18 09:25:00,,EQ-A010,9004,田中 三郎,10,81,100.0,1,1.2,2026/05/18 08:30:00,2026/05/18 09:20:02,,,,,,完了,2026/05/18 09:20:02
CASE-PO-000359,CASE-PN-000359,2,CASE-PO-000359_2,一次組立,A020,MB000101,MG001,WC000052,81,180,25,205,2026/05/18 17:11:58,2026/05/19 11:36:00,,EQ-A020,9004,田中 三郎,25,80,98.8,1,1.2,2026/05/18 17:11:58,2026/05/19 11:00:41,,,,,,完了,2026/05/19 11:00:41
CASE-PO-000359,CASE-PN-000359,3,CASE-PO-000359_3,二次組立,A030,MB000101,MG001,WC000053,81,150,20,170,2026/05/19 13:35:11,2026/05/19 16:25:11,,EQ-A030,9004,田中 三郎,20,80,98.8,1,1.2,2026/05/19 13:35:11,2026/05/19 15:49:40,,,,,,完了,2026/05/19 15:49:40
CASE-PO-000359,CASE-PN-000359,4,CASE-PO-000359_4,完成検査,A040,MB000101,MG001,WC000054,81,60,0,60,2026/05/19 17:35:51,2026/05/20 09:30:00,,EQ-A040,9004,田中 三郎,0,80,98.8,1,1.2,2026/05/20 08:30:00,2026/05/20 09:23:44,,,,,,完了,2026/05/20 09:23:44
CASE-PO-000360,CASE-PN-000360,1,CASE-PO-000360_1,部品準備,A010,MB000102,MG001,WC000051,163,45,10,55,2026/05/11 08:30:00,2026/05/11 09:25:00,,EQ-A010,9005,高橋 四郎,10,161,98.8,0,0.0,2026/05/11 08:30:00,2026/05/11 09:17:21,,,,,,完了,2026/05/11 09:17:21
CASE-PO-000360,CASE-PN-000360,2,CASE-PO-000360_2,一次組立,A020,MB000102,MG001,WC000052,163,180,25,205,2026/05/11 16:05:05,2026/05/12 10:30:00,,EQ-A020,9005,高橋 四郎,25,162,99.4,3,1.8,2026/05/11 16:05:05,2026/05/12 10:15:22,,,,,,完了,2026/05/12 10:15:22
CASE-PO-000360,CASE-PN-000360,3,CASE-PO-000360_3,二次組立,A030,MB000102,MG001,WC000053,163,150,20,170,2026/05/12 18:49:33,2026/05/13 11:20:00,,EQ-A030,9005,高橋 四郎,,,,,,2026/05/13 08:30:00,,,,,,,生産中,2026/05/13 11:20:00
CASE-PO-000360,CASE-PN-000360,4,CASE-PO-000360_4,完成検査,A040,MB000102,MG001,WC000054,163,60,0,60,2026/05/13 19:53:42,2026/05/14 09:30:00,,EQ-A040,9005,高橋 四郎,,,,,,,,,,,,,開始待ち,2026/05/14 09:30:00
CASE-PO-000361,CASE-PN-000361,1,CASE-PO-000361_1,部品準備,A010,MB000102,MG001,WC000051,114,45,10,55,2026/06/12 08:30:00,2026/06/12 09:25:00,,EQ-A010,9002,鈴木 花子,10,111,97.4,2,1.8,2026/06/12 08:30:00,2026/06/12 09:22:22,,,,,,完了,2026/06/12 09:22:22
CASE-PO-000361,CASE-PN-000361,2,CASE-PO-000361_2,一次組立,A020,MB000102,MG001,WC000052,114,180,25,205,2026/06/12 16:54:50,2026/06/15 11:19:00,,EQ-A020,9002,鈴木 花子,25,113,99.1,0,0.0,2026/06/12 16:54:50,2026/06/15 11:35:49,,,,,,完了,2026/06/15 11:35:49
CASE-PO-000361,CASE-PN-000361,3,CASE-PO-000361_3,二次組立,A030,MB000102,MG001,WC000053,114,150,20,170,2026/06/15 19:30:01,2026/06/16 11:20:00,,EQ-A030,9002,鈴木 花子,20,113,99.1,2,1.8,2026/06/16 08:30:00,2026/06/16 11:25:03,,,,,,完了,2026/06/16 11:25:03
CASE-PO-000361,CASE-PN-000361,4,CASE-PO-000361_4,完成検査,A040,MB000102,MG001,WC000054,114,60,0,60,2026/06/16 14:40:15,2026/06/16 15:40:15,,EQ-A040,9002,鈴木 花子,0,112,98.2,1,0.9,2026/06/16 14:40:15,2026/06/16 15:41:13,,,,,,完了,2026/06/16 15:41:13
CASE-PO-000362,CASE-PN-000362,1,CASE-PO-000362_1,部品準備,A010,MB000102,MG001,WC000051,61,45,10,55,2026/05/20 08:30:00,2026/05/20 09:25:00,,EQ-A010,9004,田中 三郎,10,61,100.0,0,0.0,2026/05/20 08:30:00,2026/05/20 09:26:01,,,,,,完了,2026/05/20 09:26:01
CASE-PO-000362,CASE-PN-000362,2,CASE-PO-000362_2,一次組立,A020,MB000102,MG001,WC000052,61,180,25,205,2026/05/20 13:17:40,2026/05/20 16:42:40,,EQ-A020,9004,田中 三郎,25,61,100.0,1,1.6,2026/05/20 13:17:40,2026/05/20 16:42:16,,,,,,完了,2026/05/20 16:42:16
CASE-PO-000362,CASE-PN-000362,3,CASE-PO-000362_3,二次組立,A030,MB000102,MG001,WC000053,61,150,20,170,2026/05/20 20:03:31,2026/05/21 11:20:00,,EQ-A030,9004,田中 三郎,20,61,100.0,1,1.6,2026/05/21 08:30:00,2026/05/21 10:51:06,,,,,,完了,2026/05/21 10:51:06
CASE-PO-000362,CASE-PN-000362,4,CASE-PO-000362_4,完成検査,A040,MB000102,MG001,WC000054,61,60,0,60,2026/05/21 15:56:53,2026/05/21 16:56:53,,EQ-A040,9004,田中 三郎,0,61,100.0,1,1.6,2026/05/21 15:56:53,2026/05/21 17:09:29,,,,,,完了,2026/05/21 17:09:29
CASE-PO-000363,CASE-PN-000363,1,CASE-PO-000363_1,部品準備,A010,MB000101,MG001,WC000051,87,45,10,55,2026/06/29 08:30:00,2026/06/29 09:25:00,,EQ-A010,9002,鈴木 花子,10,86,98.9,1,1.1,2026/06/29 08:30:00,2026/06/29 09:16:25,,,,,,完了,2026/06/29 09:16:25
CASE-PO-000363,CASE-PN-000363,2,CASE-PO-000363_2,一次組立,A020,MB000101,MG001,WC000052,87,180,25,205,2026/06/29 12:35:25,2026/06/29 16:00:25,,EQ-A020,9002,鈴木 花子,25,87,100.0,1,1.1,2026/06/29 12:35:25,2026/06/29 16:14:33,,,,,,完了,2026/06/29 16:14:33
CASE-PO-000363,CASE-PN-000363,3,CASE-PO-000363_3,二次組立,A030,MB000101,MG001,WC000053,87,150,20,170,2026/06/30 04:05:08,2026/06/30 11:20:00,,EQ-A030,9002,鈴木 花子,20,86,98.9,0,0.0,2026/06/30 08:30:00,2026/06/30 11:33:36,,,,,,完了,2026/06/30 11:33:36
CASE-PO-000363,CASE-PN-000363,4,CASE-PO-000363_4,完成検査,A040,MB000101,MG001,WC000054,87,60,0,60,2026/06/30 14:38:02,2026/06/30 15:38:02,,EQ-A040,9002,鈴木 花子,0,86,98.9,1,1.1,2026/06/30 14:38:02,2026/06/30 15:37:36,,,,,,完了,2026/06/30 15:37:36
CASE-PO-000364,CASE-PN-000364,1,CASE-PO-000364_1,部品準備,A010,MB000102,MG001,WC000051,80,45,10,55,2026/05/08 08:30:00,2026/05/08 09:25:00,,EQ-A010,9003,佐藤 次郎,10,79,98.8,1,1.3,2026/05/08 08:30:00,2026/05/08 09:25:21,,,,,,完了,2026/05/08 09:25:21
CASE-PO-000364,CASE-PN-000364,2,CASE-PO-000364_2,一次組立,A020,MB000102,MG001,WC000052,80,180,25,205,2026/05/08 17:05:35,2026/05/11 11:30:00,,EQ-A020,9003,佐藤 次郎,25,78,97.5,0,0.0,2026/05/08 17:05:35,2026/05/11 10:40:10,,,,,,完了,2026/05/11 10:40:10
CASE-PO-000364,CASE-PN-000364,3,CASE-PO-000364_3,二次組立,A030,MB000102,MG001,WC000053,80,150,20,170,2026/05/11 12:51:03,2026/05/11 15:41:03,,EQ-A030,9003,佐藤 次郎,20,78,97.5,0,0.0,2026/05/11 12:51:03,2026/05/11 15:10:46,,,,,,完了,2026/05/11 15:10:46
CASE-PO-000364,CASE-PN-000364,4,CASE-PO-000364_4,完成検査,A040,MB000102,MG001,WC000054,80,60,0,60,2026/05/11 17:43:55,2026/05/12 09:30:00,,EQ-A040,9003,佐藤 次郎,0,79,98.8,1,1.3,2026/05/12 08:30:00,2026/05/12 09:21:48,,,,,,完了,2026/05/12 09:21:48
CASE-PO-000365,CASE-PN-000365,1,CASE-PO-000365_1,部品準備,A010,MB000102,MG001,WC000051,199,45,10,55,2026/06/02 08:30:00,2026/06/02 09:25:00,,EQ-A010,9001,山田 太郎,10,195,98.0,3,1.5,2026/06/02 08:30:00,2026/06/02 09:21:58,,,,,,完了,2026/06/02 09:21:58
CASE-PO-000365,CASE-PN-000365,2,CASE-PO-000365_2,一次組立,A020,MB000102,MG001,WC000052,199,180,25,205,2026/06/02 12:57:40,2026/06/02 16:22:40,,EQ-A020,9001,山田 太郎,25,196,98.5,2,1.0,2026/06/02 12:57:40,2026/06/02 16:27:23,,,,,,完了,2026/06/02 16:27:23
CASE-PO-000365,CASE-PN-000365,3,CASE-PO-000365_3,二次組立,A030,MB000102,MG001,WC000053,199,150,20,170,2026/06/02 23:53:48,2026/06/03 11:20:00,,EQ-A030,9001,山田 太郎,20,195,98.0,1,0.5,,2026/06/03 11:34:57,,,,,,完了,2026/06/03 11:34:57
CASE-PO-000365,CASE-PN-000365,4,CASE-PO-000365_4,完成検査,A040,MB000102,MG001,WC000054,199,60,0,60,2026/06/03 20:06:35,2026/06/04 09:30:00,,EQ-A040,9001,山田 太郎,0,194,97.5,0,0.0,2026/06/04 08:30:00,2026/06/04 09:41:42,,,,,,完了,2026/06/04 09:41:42
CASE-PO-000366,CASE-PN-000366,1,CASE-PO-000366_1,部品準備,A010,MB000102,MG001,WC000051,144,45,10,55,2026/05/11 08:30:00,2026/05/11 09:25:00,,EQ-A010,9001,山田 太郎,10,140,97.2,2,1.4,2026/05/11 08:30:00,2026/05/11 09:24:25,,,,,,完了,2026/05/11 09:24:25
CASE-PO-000366,CASE-PN-000366,2,CASE-PO-000366_2,一次組立,A020,MB000102,MG001,WC000052,144,180,25,205,2026/05/11 10:46:33,2026/05/11 14:11:33,,EQ-A020,9001,山田 太郎,25,144,100.0,1,0.7,2026/05/11 10:46:33,2026/05/11 13:53:15,,,,,,完了,2026/05/11 13:53:15
CASE-PO-000366,CASE-PN-000366,3,CASE-PO-000366_3,二次組立,A030,MB000102,MG001,WC000053,144,150,20,170,2026/05/11 21:13:28,2026/05/12 11:20:00,,EQ-A030,9001,山田 太郎,20,144,100.0,1,0.7,2026/05/12 08:30:00,2026/05/12 10:49:41,,,,,,完了,2026/05/12 10:49:41
CASE-PO-000366,CASE-PN-000366,4,CASE-PO-000366_4,完成検査,A040,MB000102,MG001,WC000054,144,60,0,60,2026/05/12 20:24:49,2026/05/13 09:30:00,,EQ-A040,9001,山田 太郎,0,142,98.6,3,2.1,2026/05/13 08:30:00,2026/05/13 09:44:55,,,,,,完了,2026/05/13 09:44:55
CASE-PO-000367,CASE-PN-000367,1,CASE-PO-000367_1,部品準備,A010,MB000102,MG001,WC000051,119,45,10,55,2026/05/08 08:30:00,2026/05/08 09:25:00,,EQ-A010,9001,山田 太郎,10,119,100.0,2,1.7,2026/05/08 08:30:00,2026/05/08 09:13:54,,,,,,完了,2026/05/08 09:13:54
CASE-PO-000367,CASE-PN-000367,2,CASE-PO-000367_2,一次組立,A020,MB000102,MG001,WC000052,119,180,25,205,2026/05/08 15:43:16,2026/05/11 10:08:00,,EQ-A020,9001,山田 太郎,25,117,98.3,2,1.7,2026/05/08 15:43:16,2026/05/11 09:42:16,,,,,,完了,2026/05/11 09:42:16
CASE-PO-000367,CASE-PN-000367,3,CASE-PO-000367_3,二次組立,A030,MB000102,MG001,WC000053,119,150,20,170,2026/05/11 16:15:09,2026/05/12 10:05:00,,EQ-A030,9001,山田 太郎,20,119,100.0,2,1.7,2026/05/11 16:15:09,2026/05/12 09:46:32,,,,,,完了,2026/05/12 09:46:32
CASE-PO-000367,CASE-PN-000367,4,CASE-PO-000367_4,完成検査,A040,MB000102,MG001,WC000054,119,60,0,60,2026/05/12 19:05:34,2026/05/13 09:30:00,,EQ-A040,9001,山田 太郎,0,115,96.6,2,1.7,2026/05/13 08:30:00,2026/05/13 09:29:37,,,,,,完了,2026/05/13 09:29:37
CASE-PO-000368,CASE-PN-000368,1,CASE-PO-000368_1,部品準備,A010,MB000101,MG001,WC000051,48,45,10,55,2026/05/07 08:30:00,2026/05/07 09:25:00,,EQ-A010,9003,佐藤 次郎,10,47,97.9,1,2.1,2026/05/07 08:30:00,2026/05/07 09:09:00,,,,,,完了,2026/05/07 09:09:00
CASE-PO-000368,CASE-PN-000368,2,CASE-PO-000368_2,一次組立,A020,MB000101,MG001,WC000052,48,180,25,205,2026/05/07 11:21:06,2026/05/07 14:46:06,,EQ-A020,9003,佐藤 次郎,25,47,97.9,1,2.1,2026/05/07 11:21:06,2026/05/07 14:27:42,,,,,,完了,2026/05/07 14:27:42
CASE-PO-000368,CASE-PN-000368,3,CASE-PO-000368_3,二次組立,A030,MB000101,MG001,WC000053,48,150,20,170,2026/05/08 00:42:08,2026/05/08 11:20:00,,EQ-A030,9003,佐藤 次郎,20,47,97.9,1,2.1,2026/05/08 08:30:00,2026/05/08 11:29:34,,,,,,完了,2026/05/08 11:29:34
CASE-PO-000368,CASE-PN-000368,4,CASE-PO-000368_4,完成検査,A040,MB000101,MG001,WC000054,48,60,0,60,2026/05/08 17:43:09,2026/05/11 09:30:00,,EQ-A040,9003,佐藤 次郎,0,47,97.9,0,0.0,2026/05/11 08:30:00,2026/05/11 09:23:46,,,,,,完了,2026/05/11 09:23:46
CASE-PO-000369,CASE-PN-000369,1,CASE-PO-000369_1,部品準備,A010,MB000101,MG001,WC000051,107,45,10,55,2026/05/21 08:30:00,2026/05/21 09:25:00,,EQ-A010,9001,山田 太郎,10,107,100.0,0,0.0,2026/05/21 08:30:00,2026/05/21 09:09:51,,,,,,完了,2026/05/21 09:09:51
CASE-PO-000369,CASE-PN-000369,2,CASE-PO-000369_2,一次組立,A020,MB000101,MG001,WC000052,107,180,25,205,2026/05/21 11:03:43,2026/05/21 14:28:43,,EQ-A020,9001,山田 太郎,,,,,,2026/05/21 11:03:43,,,,,,,生産中,2026/05/21 14:28:43
CASE-PO-000369,CASE-PN-000369,3,CASE-PO-000369_3,二次組立,A030,MB000101,MG001,WC000053,107,150,20,170,2026/05/21 19:40:24,2026/05/22 11:20:00,,EQ-A030,9001,山田 太郎,,,,,,,,,,,,,開始待ち,2026/05/22 11:20:00
CASE-PO-000369,CASE-PN-000369,4,CASE-PO-000369_4,完成検査,A040,MB000101,MG001,WC000054,107,60,0,60,2026/05/22 19:26:47,2026/05/25 09:30:00,,EQ-A040,9001,山田 太郎,,,,,,,,,,,,,開始待ち,2026/05/25 09:30:00
CASE-PO-000370,CASE-PN-000370,1,CASE-PO-000370_1,部品準備,A010,MB000102,MG001,WC000051,63,45,10,55,2026/05/12 08:30:00,2026/05/12 09:25:00,,EQ-A010,9005,高橋 四郎,10,61,96.8,1,1.6,2026/05/12 08:30:00,2026/05/12 09:16:41,,,,,,完了,2026/05/12 09:16:41
CASE-PO-000370,CASE-PN-000370,2,CASE-PO-000370_2,一次組立,A020,MB000102,MG001,WC000052,63,180,25,205,2026/05/12 13:07:31,2026/05/12 16:32:31,,EQ-A020,9005,高橋 四郎,25,61,96.8,1,1.6,2026/05/12 13:07:31,2026/05/12 16:07:52,,,,,,完了,2026/05/12 16:07:52
CASE-PO-000370,CASE-PN-000370,3,CASE-PO-000370_3,二次組立,A030,MB000102,MG001,WC000053,63,150,20,170,2026/05/12 19:31:22,2026/05/13 11:20:00,,EQ-A030,9005,高橋 四郎,20,62,98.4,1,1.6,2026/05/13 08:30:00,2026/05/13 11:19:59,,,,,,完了,2026/05/13 11:19:59
CASE-PO-000370,CASE-PN-000370,4,CASE-PO-000370_4,完成検査,A040,MB000102,MG001,WC000054,63,60,0,60,2026/05/13 15:06:02,2026/05/13 16:06:02,,EQ-A040,9005,高橋 四郎,0,62,98.4,0,0.0,2026/05/13 15:06:02,2026/05/13 16:19:27,,,,,,完了,2026/05/13 16:19:27
CASE-PO-000371,CASE-PN-000371,1,CASE-PO-000371_1,部品準備,A010,MB000101,MG001,WC000051,67,45,10,55,2026/05/15 08:30:00,2026/05/15 09:25:00,,EQ-A010,9004,田中 三郎,10,67,100.0,0,0.0,2026/05/15 08:30:00,2026/05/15 09:21:30,,,,,,完了,2026/05/15 09:21:30
CASE-PO-000371,CASE-PN-000371,2,CASE-PO-000371_2,一次組立,A020,MB000101,MG001,WC000052,67,180,25,205,2026/05/15 16:20:03,2026/05/18 10:45:00,,EQ-A020,9004,田中 三郎,25,66,98.5,0,0.0,2026/05/15 16:20:03,2026/05/18 10:40:27,,,,,,完了,2026/05/18 10:40:27
CASE-PO-000371,CASE-PN-000371,3,CASE-PO-000371_3,二次組立,A030,MB000101,MG001,WC000053,67,150,20,170,2026/05/18 15:21:36,2026/05/19 09:11:00,,EQ-A030,9004,田中 三郎,20,66,98.5,1,1.5,2026/05/18 15:21:36,2026/05/19 09:07:20,,,,,,完了,2026/05/19 09:07:20
CASE-PO-000371,CASE-PN-000371,4,CASE-PO-000371_4,完成検査,A040,MB000101,MG001,WC000054,67,60,0,60,2026/05/19 18:44:13,2026/05/20 09:30:00,,EQ-A040,9004,田中 三郎,0,66,98.5,1,1.5,2026/05/20 08:30:00,2026/05/20 09:43:28,,,,,,完了,2026/05/20 09:43:28
CASE-PO-000372,CASE-PN-000372,1,CASE-PO-000372_1,部品準備,A010,MB000101,MG001,WC000051,85,45,10,55,2026/05/28 08:30:00,2026/05/28 09:25:00,,EQ-A010,9002,鈴木 花子,10,82,96.5,0,0.0,2026/05/28 08:30:00,2026/05/28 09:09:32,,,,,,完了,2026/05/28 09:09:32
CASE-PO-000372,CASE-PN-000372,2,CASE-PO-000372_2,一次組立,A020,MB000101,MG001,WC000052,85,180,25,205,2026/05/28 14:18:00,2026/05/29 08:43:00,,EQ-A020,9002,鈴木 花子,25,82,96.5,1,1.2,2026/05/28 14:18:00,2026/05/28 17:10:12,,,,,,完了,2026/05/28 17:10:12
CASE-PO-000372,CASE-PN-000372,3,CASE-PO-000372_3,二次組立,A030,MB000101,MG001,WC000053,85,150,20,170,2026/05/29 00:59:04,2026/05/29 11:20:00,,EQ-A030,9002,鈴木 花子,20,83,97.6,1,1.2,2026/05/29 08:30:00,2026/05/29 10:40:43,,,,,,完了,2026/05/29 10:40:43
CASE-PO-000372,CASE-PN-000372,4,CASE-PO-000372_4,完成検査,A040,MB000101,MG001,WC000054,85,60,0,60,2026/05/29 18:08:51,2026/06/01 09:30:00,,EQ-A040,9002,鈴木 花子,0,84,98.8,1,1.2,2026/06/01 08:30:00,2026/06/01 09:31:58,,,,,,完了,2026/06/01 09:31:58
CASE-PO-000373,CASE-PN-000373,1,CASE-PO-000373_1,部品準備,A010,MB000101,MG001,WC000051,75,45,10,55,2026/06/12 08:30:00,2026/06/12 09:25:00,,EQ-A010,9001,山田 太郎,10,75,100.0,0,0.0,2026/06/12 08:30:00,2026/06/12 09:15:34,,,,,,完了,2026/06/12 09:15:34
CASE-PO-000373,CASE-PN-000373,2,CASE-PO-000373_2,一次組立,A020,MB000101,MG001,WC000052,75,180,25,205,2026/06/12 13:00:01,2026/06/12 16:25:01,,EQ-A020,9001,山田 太郎,25,74,98.7,0,0.0,2026/06/12 13:00:01,2026/06/12 16:31:56,,,,,,完了,2026/06/12 16:31:56
CASE-PO-000373,CASE-PN-000373,3,CASE-PO-000373_3,二次組立,A030,MB000101,MG001,WC000053,75,150,20,170,2026/06/12 19:16:14,2026/06/15 11:20:00,,EQ-A030,9001,山田 太郎,20,74,98.7,1,1.3,2026/06/15 08:30:00,2026/06/15 10:46:28,,,,,,完了,2026/06/15 10:46:28
CASE-PO-000373,CASE-PN-000373,4,CASE-PO-000373_4,完成検査,A040,MB000101,MG001,WC000054,75,60,0,60,2026/06/15 19:12:38,2026/06/16 09:30:00,,EQ-A040,9001,山田 太郎,0,75,100.0,1,1.3,2026/06/16 08:30:00,2026/06/16 09:41:40,,,,,,完了,2026/06/16 09:41:40
CASE-PO-000374,CASE-PN-000374,1,CASE-PO-000374_1,部品準備,A010,MB000101,MG001,WC000051,83,45,10,55,2026/05/11 08:30:00,2026/05/11 09:25:00,,EQ-A010,9004,田中 三郎,10,81,97.6,1,1.2,2026/05/11 08:30:00,2026/05/11 09:20:40,,,,,,完了,2026/05/11 09:20:40
CASE-PO-000374,CASE-PN-000374,2,CASE-PO-000374_2,一次組立,A020,MB000101,MG001,WC000052,83,180,25,205,2026/05/11 13:27:14,2026/05/11 16:52:14,,EQ-A020,9004,田中 三郎,25,82,98.8,1,1.2,2026/05/11 13:27:14,2026/05/11 16:04:08,,,,,,完了,2026/05/11 16:04:08
CASE-PO-000374,CASE-PN-000374,3,CASE-PO-000374_3,二次組立,A030,MB000101,MG001,WC000053,83,150,20,170,2026/05/11 23:06:46,2026/05/12 11:20:00,,EQ-A030,9004,田中 三郎,20,83,100.0,1,1.2,2026/05/12 08:30:00,2026/05/12 10:54:23,,,,,,完了,2026/05/12 10:54:23
CASE-PO-000374,CASE-PN-000374,4,CASE-PO-000374_4,完成検査,A040,MB000101,MG001,WC000054,83,60,0,60,2026/05/12 16:29:32,2026/05/12 17:29:32,,EQ-A040,9004,田中 三郎,0,81,97.6,1,1.2,2026/05/12 16:29:32,2026/05/12 17:28:21,,,,,,完了,2026/05/12 17:28:21
CASE-PO-000375,CASE-PN-000375,1,CASE-PO-000375_1,部品準備,A010,MB000101,MG001,WC000051,59,45,10,55,2026/05/12 08:30:00,2026/05/12 09:25:00,,EQ-A010,9001,山田 太郎,10,58,98.3,0,0.0,2026/05/12 08:30:00,2026/05/12 09:19:48,,,,,,完了,2026/05/12 09:19:48
CASE-PO-000375,CASE-PN-000375,2,CASE-PO-000375_2,一次組立,A020,MB000101,MG001,WC000052,59,180,25,205,2026/05/12 11:45:28,2026/05/12 15:10:28,,EQ-A020,9001,山田 太郎,25,59,100.0,1,1.7,2026/05/12 11:45:28,2026/05/12 14:25:24,,,,,,完了,2026/05/12 14:25:24
CASE-PO-000375,CASE-PN-000375,3,CASE-PO-000375_3,二次組立,A030,MB000101,MG001,WC000053,59,150,20,170,2026/05/12 17:39:02,2026/05/13 11:20:00,,EQ-A030,9001,山田 太郎,20,58,98.3,0,0.0,2026/05/13 08:30:00,2026/05/13 11:11:49,,,,,,完了,2026/05/13 11:11:49
CASE-PO-000375,CASE-PN-000375,4,CASE-PO-000375_4,完成検査,A040,MB000101,MG001,WC000054,59,60,0,60,2026/05/13 12:47:10,2026/05/13 13:47:10,,EQ-A040,9001,山田 太郎,0,58,98.3,1,1.7,2026/05/13 12:47:10,2026/05/13 13:52:17,,,,,,完了,2026/05/13 13:52:17
CASE-PO-000376,CASE-PN-000376,1,CASE-PO-000376_1,部品準備,A010,MB000102,MG001,WC000051,199,45,10,55,2026/05/18 08:30:00,2026/05/18 09:25:00,,EQ-A010,9005,高橋 四郎,10,194,97.5,3,1.5,2026/05/18 08:30:00,2026/05/18 09:10:05,,,,,,完了,2026/05/18 09:10:05
CASE-PO-000376,CASE-PN-000376,2,CASE-PO-000376_2,一次組立,A020,MB000102,MG001,WC000052,199,180,25,205,2026/05/18 13:12:22,2026/05/18 16:37:22,,EQ-A020,9005,高橋 四郎,25,198,99.5,1,0.5,2026/05/18 13:12:22,2026/05/18 16:01:52,,,,,,完了,2026/05/18 16:01:52
CASE-PO-000376,CASE-PN-000376,3,CASE-PO-000376_3,二次組立,A030,MB000102,MG001,WC000053,199,150,20,170,2026/05/18 22:38:18,2026/05/19 11:20:00,,EQ-A030,9005,高橋 四郎,20,197,99.0,2,1.0,2026/05/19 08:30:00,2026/05/19 10:47:16,,,,,,完了,2026/05/19 10:47:16
CASE-PO-000376,CASE-PN-000376,4,CASE-PO-000376_4,完成検査,A040,MB000102,MG001,WC000054,199,60,0,60,2026/05/19 14:26:25,2026/05/19 15:26:25,,EQ-A040,9005,高橋 四郎,0,197,99.0,0,0.0,2026/05/19 14:26:25,2026/05/19 15:31:43,,,,,,完了,2026/05/19 15:31:43
CASE-PO-000377,CASE-PN-000377,1,CASE-PO-000377_1,部品準備,A010,MB000101,MG001,WC000051,53,45,10,55,2026/06/17 08:30:00,2026/06/17 09:25:00,,EQ-A010,9005,高橋 四郎,10,53,100.0,0,0.0,2026/06/17 08:30:00,2026/06/17 09:13:31,,,,,,完了,2026/06/17 09:13:31
CASE-PO-000377,CASE-PN-000377,2,CASE-PO-000377_2,一次組立,A020,MB000101,MG001,WC000052,53,180,25,205,2026/06/17 12:15:46,2026/06/17 15:40:46,,EQ-A020,9005,高橋 四郎,25,52,98.1,1,1.9,2026/06/17 12:15:46,2026/06/17 15:00:34,,,,,,完了,2026/06/17 15:00:34
CASE-PO-000377,CASE-PN-000377,3,CASE-PO-000377_3,二次組立,A030,MB000101,MG001,WC000053,53,150,20,170,2026/06/17 21:10:52,2026/06/18 11:20:00,,EQ-A030,9005,高橋 四郎,20,53,100.0,0,0.0,2026/06/18 08:30:00,2026/06/18 11:01:59,,,,,,完了,2026/06/18 11:01:59
CASE-PO-000377,CASE-PN-000377,4,CASE-PO-000377_4,完成検査,A040,MB000101,MG001,WC000054,53,60,0,60,2026/06/18 18:47:44,2026/06/19 09:30:00,,EQ-A040,9005,高橋 四郎,0,53,100.0,1,1.9,2026/06/19 08:30:00,2026/06/19 09:23:23,,,,,,完了,2026/06/19 09:23:23
CASE-PO-000378,CASE-PN-000378,1,CASE-PO-000378_1,部品準備,A010,MB000101,MG001,WC000051,109,45,10,55,2026/05/14 08:30:00,2026/05/14 09:25:00,,EQ-A010,9004,田中 三郎,10,107,98.2,2,1.8,2026/05/14 08:30:00,2026/05/14 09:10:13,,,,,,完了,2026/05/14 09:10:13
CASE-PO-000378,CASE-PN-000378,2,CASE-PO-000378_2,一次組立,A020,MB000101,MG001,WC000052,109,180,25,205,2026/05/14 13:41:38,2026/05/14 17:06:38,,EQ-A020,9004,田中 三郎,25,106,97.2,1,0.9,2026/05/14 13:41:38,2026/05/14 17:02:36,,,,,,完了,2026/05/14 17:02:36
CASE-PO-000378,CASE-PN-000378,3,CASE-PO-000378_3,二次組立,A030,MB000101,MG001,WC000053,109,150,20,170,2026/05/14 22:17:40,2026/05/15 11:20:00,,EQ-A030,9004,田中 三郎,,,,,,2026/05/15 08:30:00,,,,,,,生産中,2026/05/15 11:20:00
CASE-PO-000378,CASE-PN-000378,4,CASE-PO-000378_4,完成検査,A040,MB000101,MG001,WC000054,109,60,0,60,2026/05/15 20:16:02,2026/05/18 09:30:00,,EQ-A040,9004,田中 三郎,,,,,,,,,,,,,開始待ち,2026/05/18 09:30:00
CASE-PO-000379,CASE-PN-000379,1,CASE-PO-000379_1,部品準備,A010,MB000101,MG001,WC000051,68,45,10,55,2026/05/11 08:30:00,2026/05/11 09:25:00,,EQ-A010,9003,佐藤 次郎,10,67,98.5,0,0.0,2026/05/11 08:30:00,2026/05/11 09:11:52,,,,,,完了,2026/05/11 09:11:52
CASE-PO-000379,CASE-PN-000379,2,CASE-PO-000379_2,一次組立,A020,MB000101,MG001,WC000052,68,180,25,205,2026/05/11 15:03:04,2026/05/12 09:28:00,,EQ-A020,9003,佐藤 次郎,25,67,98.5,1,1.5,2026/05/11 15:03:04,2026/05/12 08:46:26,,,,,,完了,2026/05/12 08:46:26
CASE-PO-000379,CASE-PN-000379,3,CASE-PO-000379_3,二次組立,A030,MB000101,MG001,WC000053,68,150,20,170,2026/05/12 17:22:01,2026/05/13 11:12:00,,EQ-A030,9003,佐藤 次郎,20,67,98.5,0,0.0,2026/05/12 17:22:01,2026/05/13 11:09:42,,,,,,完了,2026/05/13 11:09:42
CASE-PO-000379,CASE-PN-000379,4,CASE-PO-000379_4,完成検査,A040,MB000101,MG001,WC000054,68,60,0,60,2026/05/13 15:39:51,2026/05/13 16:39:51,,EQ-A040,9003,佐藤 次郎,0,67,98.5,0,0.0,2026/05/13 15:39:51,2026/05/13 16:37:13,,,,,,完了,2026/05/13 16:37:13
CASE-PO-000380,CASE-PN-000380,1,CASE-PO-000380_1,部品準備,A010,MB000102,MG001,WC000051,105,45,10,55,2026/05/20 08:30:00,2026/05/20 09:25:00,,EQ-A010,9004,田中 三郎,10,102,97.1,0,0.0,2026/05/20 08:30:00,2026/05/20 09:13:58,,,,,,完了,2026/05/20 09:13:58
CASE-PO-000380,CASE-PN-000380,2,CASE-PO-000380_2,一次組立,A020,MB000102,MG001,WC000052,105,180,25,205,2026/05/20 17:12:37,2026/05/21 11:37:00,,EQ-A020,9004,田中 三郎,25,104,99.0,2,1.9,2026/05/20 17:12:37,2026/05/21 11:25:09,,,,,,完了,2026/05/21 11:25:09
CASE-PO-000380,CASE-PN-000380,3,CASE-PO-000380_3,二次組立,A030,MB000102,MG001,WC000053,105,150,20,170,2026/05/21 19:55:24,2026/05/22 11:20:00,,EQ-A030,9004,田中 三郎,20,103,98.1,2,1.9,2026/05/22 08:30:00,2026/05/22 11:24:01,,,,,,完了,2026/05/22 11:24:01
CASE-PO-000380,CASE-PN-000380,4,CASE-PO-000380_4,完成検査,A040,MB000102,MG001,WC000054,105,60,0,60,2026/05/22 18:52:48,2026/05/25 09:30:00,,EQ-A040,9004,田中 三郎,0,104,99.0,1,1.0,2026/05/25 08:30:00,2026/05/25 09:28:52,,,,,,完了,2026/05/25 09:28:52
CASE-PO-000381,CASE-PN-000381,1,CASE-PO-000381_1,部品準備,A010,MB000102,MG001,WC000051,122,45,10,55,2026/05/07 08:30:00,2026/05/07 09:25:00,,EQ-A010,9004,田中 三郎,10,120,98.4,2,1.6,2026/05/07 08:30:00,2026/05/07 09:09:39,,,,,,完了,2026/05/07 09:09:39
CASE-PO-000381,CASE-PN-000381,2,CASE-PO-000381_2,一次組立,A020,MB000102,MG001,WC000052,122,180,25,205,2026/05/07 14:08:08,2026/05/08 08:33:00,,EQ-A020,9004,田中 三郎,25,120,98.4,1,0.8,2026/05/07 14:08:08,2026/05/07 16:45:13,,,,,,完了,2026/05/07 16:45:13
CASE-PO-000381,CASE-PN-000381,3,CASE-PO-000381_3,二次組立,A030,MB000102,MG001,WC000053,122,150,20,170,2026/05/07 23:20:41,2026/05/08 11:20:00,,EQ-A030,9004,田中 三郎,20,122,100.0,1,0.8,2026/05/08 08:30:00,2026/05/08 11:32:59,,,,,,完了,2026/05/08 11:32:59
CASE-PO-000381,CASE-PN-000381,4,CASE-PO-000381_4,完成検査,A040,MB000102,MG001,WC000054,122,60,0,60,2026/05/08 20:58:31,2026/05/11 09:30:00,,EQ-A040,9004,田中 三郎,0,121,99.2,0,0.0,2026/05/11 08:30:00,2026/05/11 09:27:14,,,,,,完了,2026/05/11 09:27:14
CASE-PO-000382,CASE-PN-000382,1,CASE-PO-000382_1,部品準備,A010,MB000103,MG001,WC000051,39,45,10,55,2026/06/16 08:30:00,2026/06/16 09:25:00,,EQ-A010,9001,山田 太郎,10,39,100.0,0,0.0,2026/06/16 08:30:00,2026/06/16 09:24:19,,,,,,完了,2026/06/16 09:24:19
CASE-PO-000382,CASE-PN-000382,2,CASE-PO-000382_2,一次組立,A020,MB000103,MG001,WC000052,39,180,25,205,2026/06/16 11:17:34,2026/06/16 14:42:34,,EQ-A020,9001,山田 太郎,25,39,100.0,0,0.0,2026/06/16 11:17:34,2026/06/16 14:59:40,,,,,,完了,2026/06/16 14:59:40
CASE-PO-000382,CASE-PN-000382,3,CASE-PO-000382_3,二次組立,A030,MB000103,MG001,WC000053,39,150,20,170,2026/06/17 01:09:59,2026/06/17 11:20:00,,EQ-A030,9001,山田 太郎,20,39,100.0,0,0.0,2026/06/17 08:30:00,2026/06/17 10:39:33,,,,,,完了,2026/06/17 10:39:33
CASE-PO-000382,CASE-PN-000382,4,CASE-PO-000382_4,完成検査,A040,MB000103,MG001,WC000054,39,60,0,60,2026/06/17 17:52:12,2026/06/18 09:30:00,,EQ-A040,9001,山田 太郎,0,39,100.0,0,0.0,2026/06/18 08:30:00,2026/06/18 09:35:33,,,,,,完了,2026/06/18 09:35:33
CASE-PO-000383,CASE-PN-000383,1,CASE-PO-000383_1,部品準備,A010,MB000101,MG001,WC000051,111,45,10,55,2026/05/11 08:30:00,2026/05/11 09:25:00,,EQ-A010,9004,田中 三郎,10,109,98.2,0,0.0,2026/05/11 08:30:00,2026/05/11 09:15:38,,,,,,完了,2026/05/11 09:15:38
CASE-PO-000383,CASE-PN-000383,2,CASE-PO-000383_2,一次組立,A020,MB000101,MG001,WC000052,111,180,25,205,2026/05/11 16:33:45,2026/05/12 10:58:00,,EQ-A020,9004,田中 三郎,25,110,99.1,1,0.9,2026/05/11 16:33:45,2026/05/12 10:44:49,,,,,,完了,2026/05/12 10:44:49
CASE-PO-000383,CASE-PN-000383,3,CASE-PO-000383_3,二次組立,A030,MB000101,MG001,WC000053,111,150,20,170,2026/05/12 21:57:46,2026/05/13 11:20:00,,EQ-A030,9004,田中 三郎,20,109,98.2,1,0.9,2026/05/13 08:30:00,2026/05/13 10:57:03,,,,,,完了,2026/05/13 10:57:03
CASE-PO-000383,CASE-PN-000383,4,CASE-PO-000383_4,完成検査,A040,MB000101,MG001,WC000054,111,60,0,60,2026/05/13 14:45:10,2026/05/13 15:45:10,,EQ-A040,9004,田中 三郎,0,108,97.3,0,0.0,2026/05/13 14:45:10,2026/05/13 15:56:09,,,,,,完了,2026/05/13 15:56:09
CASE-PO-000384,CASE-PN-000384,1,CASE-PO-000384_1,部品準備,A010,MB000102,MG001,WC000051,75,45,10,55,2026/07/02 08:30:00,2026/07/02 09:25:00,,EQ-A010,9001,山田 太郎,10,73,97.3,0,0.0,2026/07/02 08:30:00,2026/07/02 09:23:25,,,,,,完了,2026/07/02 09:23:25
CASE-PO-000384,CASE-PN-000384,2,CASE-PO-000384_2,一次組立,A020,MB000102,MG001,WC000052,75,180,25,205,2026/07/02 15:34:13,2026/07/03 09:59:00,,EQ-A020,9001,山田 太郎,25,73,97.3,1,1.3,2026/07/02 15:34:13,2026/07/03 10:17:54,,,,,,完了,2026/07/03 10:17:54
CASE-PO-000384,CASE-PN-000384,3,CASE-PO-000384_3,二次組立,A030,MB000102,MG001,WC000053,75,150,20,170,2026/07/03 17:49:56,2026/07/06 11:20:00,,EQ-A030,9001,山田 太郎,,,,,,2026/07/06 08:30:00,,,,,,,生産中,2026/07/06 11:20:00
CASE-PO-000384,CASE-PN-000384,4,CASE-PO-000384_4,完成検査,A040,MB000102,MG001,WC000054,75,60,0,60,2026/07/06 15:29:43,2026/07/06 16:29:43,,EQ-A040,9001,山田 太郎,,,,,,,,,,,,,開始待ち,2026/07/06 16:29:43
CASE-PO-000385,CASE-PN-000385,1,CASE-PO-000385_1,部品準備,A010,MB000103,MG001,WC000051,51,45,10,55,2026/07/01 08:30:00,2026/07/01 09:25:00,,EQ-A010,9001,山田 太郎,10,50,98.0,0,0.0,2026/07/01 08:30:00,2026/07/01 09:10:00,,,,,,完了,2026/07/01 09:10:00
CASE-PO-000385,CASE-PN-000385,2,CASE-PO-000385_2,一次組立,A020,MB000103,MG001,WC000052,51,180,25,205,2026/07/01 16:56:47,2026/07/02 11:21:00,,EQ-A020,9001,山田 太郎,25,50,98.0,0,0.0,2026/07/01 16:56:47,2026/07/02 11:18:47,,,,,,完了,2026/07/02 11:18:47
CASE-PO-000385,CASE-PN-000385,3,CASE-PO-000385_3,二次組立,A030,MB000103,MG001,WC000053,51,150,20,170,2026/07/02 18:21:04,2026/07/03 11:20:00,,EQ-A030,9001,山田 太郎,20,51,100.0,1,2.0,2026/07/03 08:30:00,2026/07/03 11:07:21,,,,,,完了,2026/07/03 11:07:21
CASE-PO-000385,CASE-PN-000385,4,CASE-PO-000385_4,完成検査,A040,MB000103,MG001,WC000054,51,60,0,60,2026/07/03 15:40:46,2026/07/03 16:40:46,,EQ-A040,9001,山田 太郎,0,50,98.0,0,0.0,2026/07/03 15:40:46,2026/07/03 16:52:26,,,,,,完了,2026/07/03 16:52:26
CASE-PO-000386,CASE-PN-000386,1,CASE-PO-000386_1,部品準備,A010,MB000103,MG001,WC000051,63,45,10,55,2026/05/27 08:30:00,2026/05/27 09:25:00,,EQ-A010,9003,佐藤 次郎,10,63,100.0,1,1.6,2026/05/27 08:30:00,2026/05/27 09:22:42,,,,,,完了,2026/05/27 09:22:42
CASE-PO-000386,CASE-PN-000386,2,CASE-PO-000386_2,一次組立,A020,MB000103,MG001,WC000052,63,180,25,205,2026/05/27 14:17:27,2026/05/28 08:42:00,,EQ-A020,9003,佐藤 次郎,25,62,98.4,0,0.0,2026/05/27 14:17:27,2026/05/28 08:34:03,,,,,,完了,2026/05/28 08:34:03
CASE-PO-000386,CASE-PN-000386,3,CASE-PO-000386_3,二次組立,A030,MB000103,MG001,WC000053,63,150,20,170,2026/05/28 10:51:48,2026/05/28 13:41:48,,EQ-A030,9003,佐藤 次郎,20,63,100.0,0,0.0,2026/05/28 10:51:48,2026/05/28 13:02:19,,,,,,完了,2026/05/28 13:02:19
CASE-PO-000386,CASE-PN-000386,4,CASE-PO-000386_4,完成検査,A040,MB000103,MG001,WC000054,63,60,0,60,2026/05/28 16:33:46,2026/05/29 08:33:00,,EQ-A040,9003,佐藤 次郎,0,62,98.4,1,1.6,2026/05/28 16:33:46,2026/05/29 08:46:25,,,,,,完了,2026/05/29 08:46:25
CASE-PO-000387,CASE-PN-000387,1,CASE-PO-000387_1,部品準備,A010,MB000103,MG001,WC000051,85,45,10,55,2026/06/12 08:30:00,2026/06/12 09:25:00,,EQ-A010,9004,田中 三郎,10,82,96.5,1,1.2,2026/06/12 08:30:00,2026/06/12 09:24:51,,,,,,完了,2026/06/12 09:24:51
CASE-PO-000387,CASE-PN-000387,2,CASE-PO-000387_2,一次組立,A020,MB000103,MG001,WC000052,85,180,25,205,2026/06/12 15:51:00,2026/06/15 10:16:00,,EQ-A020,9004,田中 三郎,25,83,97.6,1,1.2,2026/06/12 15:51:00,2026/06/15 10:25:00,,,,,,完了,2026/06/15 10:25:00
CASE-PO-000387,CASE-PN-000387,3,CASE-PO-000387_3,二次組立,A030,MB000103,MG001,WC000053,85,150,20,170,2026/06/15 21:42:01,2026/06/16 11:20:00,,EQ-A030,9004,田中 三郎,20,84,98.8,1,1.2,2026/06/16 08:30:00,2026/06/16 11:10:59,,,,,,完了,2026/06/16 11:10:59
CASE-PO-000387,CASE-PN-000387,4,CASE-PO-000387_4,完成検査,A040,MB000103,MG001,WC000054,85,60,0,60,2026/06/16 13:40:00,2026/06/16 14:40:00,,EQ-A040,9004,田中 三郎,0,83,97.6,0,0.0,2026/06/16 13:40:00,2026/06/16 14:36:18,,,,,,完了,2026/06/16 14:36:18
CASE-PO-000388,CASE-PN-000388,1,CASE-PO-000388_1,部品準備,A010,MB000102,MG001,WC000051,196,45,10,55,2026/05/29 08:30:00,2026/05/29 09:25:00,,EQ-A010,9005,高橋 四郎,10,193,98.5,3,1.5,2026/05/29 08:30:00,2026/05/29 09:15:56,,,,,,完了,2026/05/29 09:15:56
CASE-PO-000388,CASE-PN-000388,2,CASE-PO-000388_2,一次組立,A020,MB000102,MG001,WC000052,196,180,25,205,2026/05/29 13:35:29,2026/05/29 17:00:29,,EQ-A020,9005,高橋 四郎,25,196,100.0,2,1.0,2026/05/29 13:35:29,2026/05/29 16:41:57,,,,,,完了,2026/05/29 16:41:57
CASE-PO-000388,CASE-PN-000388,3,CASE-PO-000388_3,二次組立,A030,MB000102,MG001,WC000053,196,150,20,170,2026/05/30 02:05:42,2026/06/01 11:20:00,,EQ-A030,9005,高橋 四郎,20,193,98.5,1,0.5,2026/06/01 08:30:00,2026/06/01 10:39:28,,,,,,完了,2026/06/01 10:39:28
CASE-PO-000388,CASE-PN-000388,4,CASE-PO-000388_4,完成検査,A040,MB000102,MG001,WC000054,196,60,0,60,2026/06/01 12:47:47,2026/06/01 13:47:47,,EQ-A040,9005,高橋 四郎,0,193,98.5,4,2.0,2026/06/01 12:47:47,2026/06/01 13:42:34,,,,,,完了,2026/06/01 13:42:34
CASE-PO-000389,CASE-PN-000389,1,CASE-PO-000389_1,部品準備,A010,MB000102,MG001,WC000051,152,45,10,55,2026/05/28 08:30:00,2026/05/28 09:25:00,,EQ-A010,9003,佐藤 次郎,10,148,97.4,1,0.7,2026/05/28 08:30:00,2026/05/28 09:14:30,,,,,,完了,2026/05/28 09:14:30
CASE-PO-000389,CASE-PN-000389,2,CASE-PO-000389_2,一次組立,A020,MB000102,MG001,WC000052,152,180,25,205,2026/05/28 17:05:17,2026/05/29 11:30:00,,EQ-A020,9003,佐藤 次郎,25,149,98.0,0,0.0,2026/05/28 17:05:17,2026/05/29 10:41:56,,,,,,完了,2026/05/29 10:41:56
CASE-PO-000389,CASE-PN-000389,3,CASE-PO-000389_3,二次組立,A030,MB000102,MG001,WC000053,152,150,20,170,2026/05/29 18:22:31,2026/06/01 11:20:00,,EQ-A030,9003,佐藤 次郎,20,149,98.0,1,0.7,2026/06/01 08:30:00,2026/06/01 11:09:37,,,,,,完了,2026/06/01 11:09:37
CASE-PO-000389,CASE-PN-000389,4,CASE-PO-000389_4,完成検査,A040,MB000102,MG001,WC000054,152,60,0,60,2026/06/01 16:31:24,2026/06/02 08:31:00,,EQ-A040,9003,佐藤 次郎,0,151,99.3,1,0.7,2026/06/01 16:31:24,2026/06/01 17:30:09,,,,,,完了,2026/06/01 17:30:09
CASE-PO-000390,CASE-PN-000390,1,CASE-PO-000390_1,部品準備,A010,MB000101,MG001,WC000051,107,45,10,55,2026/05/07 08:30:00,2026/05/07 09:25:00,,EQ-A010,9005,高橋 四郎,10,104,97.2,1,0.9,2026/05/07 08:30:00,2026/05/07 09:09:34,,,,,,完了,2026/05/07 09:09:34
CASE-PO-000390,CASE-PN-000390,2,CASE-PO-000390_2,一次組立,A020,MB000101,MG001,WC000052,107,180,25,205,2026/05/07 12:51:15,2026/05/07 16:16:15,,EQ-A020,9005,高橋 四郎,25,104,97.2,2,1.9,2026/05/07 12:51:15,2026/05/07 15:35:33,,,,,,完了,2026/05/07 15:35:33
CASE-PO-000390,CASE-PN-000390,3,CASE-PO-000390_3,二次組立,A030,MB000101,MG001,WC000053,107,150,20,170,2026/05/07 18:53:10,2026/05/08 11:20:00,,EQ-A030,9005,高橋 四郎,20,105,98.1,2,1.9,2026/05/08 08:30:00,2026/05/08 11:06:48,,,,,,完了,2026/05/08 11:06:48
CASE-PO-000390,CASE-PN-000390,4,CASE-PO-000390_4,完成検査,A040,MB000101,MG001,WC000054,107,60,0,60,2026/05/08 15:40:34,2026/05/08 16:40:34,,EQ-A040,9005,高橋 四郎,0,107,100.0,1,0.9,2026/05/08 15:40:34,2026/05/08 16:42:47,,,,,,完了,2026/05/08 16:42:47
CASE-PO-000391,CASE-PN-000391,1,CASE-PO-000391_1,部品準備,A010,MB000103,MG001,WC000051,62,45,10,55,2026/05/07 08:30:00,2026/05/07 09:25:00,,EQ-A010,9002,鈴木 花子,10,61,98.4,1,1.6,2026/05/07 08:30:00,2026/05/07 09:18:57,,,,,,完了,2026/05/07 09:18:57
CASE-PO-000391,CASE-PN-000391,2,CASE-PO-000391_2,一次組立,A020,MB000103,MG001,WC000052,62,180,25,205,2026/05/07 10:50:12,2026/05/07 14:15:12,,EQ-A020,9002,鈴木 花子,25,61,98.4,1,1.6,2026/05/07 10:50:12,2026/05/07 14:14:03,,,,,,完了,2026/05/07 14:14:03
CASE-PO-000391,CASE-PN-000391,3,CASE-PO-000391_3,二次組立,A030,MB000103,MG001,WC000053,62,150,20,170,2026/05/08 01:03:42,2026/05/08 11:20:00,,EQ-A030,9002,鈴木 花子,20,61,98.4,1,1.6,2026/05/08 08:30:00,2026/05/08 10:42:34,,,,,,完了,2026/05/08 10:42:34
CASE-PO-000391,CASE-PN-000391,4,CASE-PO-000391_4,完成検査,A040,MB000103,MG001,WC000054,62,60,0,60,2026/05/08 14:54:44,2026/05/08 15:54:44,,EQ-A040,9002,鈴木 花子,0,61,98.4,1,1.6,2026/05/08 14:54:44,2026/05/08 15:54:32,,,,,,完了,2026/05/08 15:54:32
CASE-PO-000392,CASE-PN-000392,1,CASE-PO-000392_1,部品準備,A010,MB000102,MG001,WC000051,105,45,10,55,2026/07/02 08:30:00,2026/07/02 09:25:00,,EQ-A010,9004,田中 三郎,10,104,99.0,2,1.9,2026/07/02 08:30:00,2026/07/02 09:22:58,,,,,,完了,2026/07/02 09:22:58
CASE-PO-000392,CASE-PN-000392,2,CASE-PO-000392_2,一次組立,A020,MB000102,MG001,WC000052,105,180,25,205,2026/07/02 15:26:21,2026/07/03 09:51:00,,EQ-A020,9004,田中 三郎,25,102,97.1,0,0.0,2026/07/02 15:26:21,2026/07/03 09:08:15,,,,,,完了,2026/07/03 09:08:15
CASE-PO-000392,CASE-PN-000392,3,CASE-PO-000392_3,二次組立,A030,MB000102,MG001,WC000053,105,150,20,170,2026/07/03 15:32:53,2026/07/06 09:22:00,,EQ-A030,9004,田中 三郎,20,102,97.1,0,0.0,2026/07/03 15:32:53,2026/07/06 09:20:56,,,,,,完了,2026/07/06 09:20:56
CASE-PO-000392,CASE-PN-000392,4,CASE-PO-000392_4,完成検査,A040,MB000102,MG001,WC000054,105,60,0,60,2026/07/06 12:33:15,2026/07/06 13:33:15,,EQ-A040,9004,田中 三郎,0,104,99.0,2,1.9,2026/07/06 12:33:15,2026/07/06 13:27:27,,,,,,完了,2026/07/06 13:27:27
CASE-PO-000393,CASE-PN-000393,1,CASE-PO-000393_1,部品準備,A010,MB000101,MG001,WC000051,64,45,10,55,2026/05/12 08:30:00,2026/05/12 09:25:00,,EQ-A010,9001,山田 太郎,10,63,98.4,1,1.6,2026/05/12 08:30:00,2026/05/12 09:23:58,,,,,,完了,2026/05/12 09:23:58
CASE-PO-000393,CASE-PN-000393,2,CASE-PO-000393_2,一次組立,A020,MB000101,MG001,WC000052,64,180,25,205,2026/05/12 15:08:26,2026/05/13 09:33:00,,EQ-A020,9001,山田 太郎,25,63,98.4,0,0.0,2026/05/12 15:08:26,2026/05/13 09:04:04,,,,,,完了,2026/05/13 09:04:04
CASE-PO-000393,CASE-PN-000393,3,CASE-PO-000393_3,二次組立,A030,MB000101,MG001,WC000053,64,150,20,170,2026/05/13 14:54:31,2026/05/14 08:44:00,,EQ-A030,9001,山田 太郎,20,64,100.0,1,1.6,2026/05/13 14:54:31,2026/05/13 17:29:41,,,,,,完了,2026/05/13 17:29:41
CASE-PO-000393,CASE-PN-000393,4,CASE-PO-000393_4,完成検査,A040,MB000101,MG001,WC000054,64,60,0,60,2026/05/13 23:27:55,2026/05/14 09:30:00,,EQ-A040,9001,山田 太郎,0,63,98.4,1,1.6,2026/05/14 08:30:00,2026/05/14 09:29:52,,,,,,完了,2026/05/14 09:29:52
CASE-PO-000394,CASE-PN-000394,1,CASE-PO-000394_1,部品準備,A010,MB000101,MG001,WC000051,50,45,10,55,2026/05/22 08:30:00,2026/05/22 09:25:00,,EQ-A010,9003,佐藤 次郎,10,49,98.0,1,2.0,2026/05/22 08:30:00,2026/05/22 09:25:05,,,,,,完了,2026/05/22 09:25:05
CASE-PO-000394,CASE-PN-000394,2,CASE-PO-000394_2,一次組立,A020,MB000101,MG001,WC000052,50,180,25,205,2026/05/22 14:21:45,2026/05/25 08:46:00,,EQ-A020,9003,佐藤 次郎,25,49,98.0,1,2.0,2026/05/22 14:21:45,2026/05/22 16:58:46,,,,,,完了,2026/05/22 16:58:46
CASE-PO-000394,CASE-PN-000394,3,CASE-PO-000394_3,二次組立,A030,MB000101,MG001,WC000053,50,150,20,170,2026/05/23 03:57:46,2026/05/25 11:20:00,,EQ-A030,9003,佐藤 次郎,20,49,98.0,0,0.0,2026/05/25 08:30:00,2026/05/25 11:36:18,,,,,,完了,2026/05/25 11:36:18
CASE-PO-000394,CASE-PN-000394,4,CASE-PO-000394_4,完成検査,A040,MB000101,MG001,WC000054,50,60,0,60,2026/05/25 18:59:04,2026/05/26 09:30:00,,EQ-A040,9003,佐藤 次郎,0,50,100.0,1,2.0,2026/05/26 08:30:00,2026/05/26 09:22:11,,,,,,完了,2026/05/26 09:22:11
CASE-PO-000395,CASE-PN-000395,1,CASE-PO-000395_1,部品準備,A010,MB000103,MG001,WC000051,83,45,10,55,2026/05/26 08:30:00,2026/05/26 09:25:00,,EQ-A010,9003,佐藤 次郎,10,82,98.8,0,0.0,2026/05/26 08:30:00,2026/05/26 09:13:01,,,,,,完了,2026/05/26 09:13:01
CASE-PO-000395,CASE-PN-000395,2,CASE-PO-000395_2,一次組立,A020,MB000103,MG001,WC000052,83,180,25,205,2026/05/26 15:07:57,2026/05/27 09:32:00,,EQ-A020,9003,佐藤 次郎,25,82,98.8,0,0.0,2026/05/26 15:07:57,2026/05/27 09:49:20,,,,,,完了,2026/05/27 09:49:20
CASE-PO-000395,CASE-PN-000395,3,CASE-PO-000395_3,二次組立,A030,MB000103,MG001,WC000053,83,150,20,170,2026/05/27 17:03:16,2026/05/28 10:53:00,,EQ-A030,9003,佐藤 次郎,20,81,97.6,1,1.2,2026/05/27 17:03:16,2026/05/28 10:30:39,,,,,,完了,2026/05/28 10:30:39
CASE-PO-000395,CASE-PN-000395,4,CASE-PO-000395_4,完成検査,A040,MB000103,MG001,WC000054,83,60,0,60,2026/05/28 14:44:48,2026/05/28 15:44:48,,EQ-A040,9003,佐藤 次郎,0,81,97.6,0,0.0,2026/05/28 14:44:48,2026/05/28 15:38:55,,,,,,完了,2026/05/28 15:38:55
CASE-PO-000396,CASE-PN-000396,1,CASE-PO-000396_1,部品準備,A010,MB000102,MG001,WC000051,153,45,10,55,2026/06/22 08:30:00,2026/06/22 09:25:00,,EQ-A010,9005,高橋 四郎,10,149,97.4,3,2.0,2026/06/22 08:30:00,2026/06/22 09:17:15,,,,,,完了,2026/06/22 09:17:15
CASE-PO-000396,CASE-PN-000396,2,CASE-PO-000396_2,一次組立,A020,MB000102,MG001,WC000052,153,180,25,205,2026/06/22 13:03:56,2026/06/22 16:28:56,,EQ-A020,9005,高橋 四郎,25,150,98.0,1,0.7,2026/06/22 13:03:56,2026/06/22 15:43:42,,,,,,完了,2026/06/22 15:43:42
CASE-PO-000396,CASE-PN-000396,3,CASE-PO-000396_3,二次組立,A030,MB000102,MG001,WC000053,153,150,20,170,2026/06/22 18:19:53,2026/06/23 11:20:00,,EQ-A030,9005,高橋 四郎,20,153,100.0,2,1.3,2026/06/23 08:30:00,2026/06/23 10:57:36,,,,,,完了,2026/06/23 10:57:36
CASE-PO-000396,CASE-PN-000396,4,CASE-PO-000396_4,完成検査,A040,MB000102,MG001,WC000054,153,60,0,60,2026/06/23 19:01:51,2026/06/24 09:30:00,,EQ-A040,9005,高橋 四郎,0,149,97.4,1,0.7,2026/06/24 08:30:00,2026/06/24 09:22:29,,,,,,完了,2026/06/24 09:22:29
CASE-PO-000397,CASE-PN-000397,1,CASE-PO-000397_1,部品準備,A010,MB000103,MG001,WC000051,49,45,10,55,2026/05/20 08:30:00,2026/05/20 09:25:00,,EQ-A010,9002,鈴木 花子,10,48,98.0,1,2.0,2026/05/20 08:30:00,2026/05/20 09:14:13,,,,,,完了,2026/05/20 09:14:13
CASE-PO-000397,CASE-PN-000397,2,CASE-PO-000397_2,一次組立,A020,MB000103,MG001,WC000052,49,180,25,205,2026/05/20 12:00:40,2026/05/20 15:25:40,,EQ-A020,9002,鈴木 花子,25,49,100.0,1,2.0,2026/05/20 12:00:40,2026/05/20 14:43:43,,,,,,完了,2026/05/20 14:43:43
CASE-PO-000397,CASE-PN-000397,3,CASE-PO-000397_3,二次組立,A030,MB000103,MG001,WC000053,49,150,20,170,2026/05/20 17:44:39,2026/05/21 11:20:00,,EQ-A030,9002,鈴木 花子,20,49,100.0,0,0.0,2026/05/21 08:30:00,2026/05/21 11:29:41,,,,,,完了,2026/05/21 11:29:41
CASE-PO-000397,CASE-PN-000397,4,CASE-PO-000397_4,完成検査,A040,MB000103,MG001,WC000054,49,60,0,60,2026/05/21 14:52:42,2026/05/21 15:52:42,,EQ-A040,9002,鈴木 花子,0,48,98.0,0,0.0,2026/05/21 14:52:42,2026/05/21 16:06:56,,,,,,完了,2026/05/21 16:06:56
CASE-PO-000398,CASE-PN-000398,1,CASE-PO-000398_1,部品準備,A010,MB000103,MG001,WC000051,61,45,10,55,2026/06/10 08:30:00,2026/06/10 09:25:00,,EQ-A010,9002,鈴木 花子,10,59,96.7,1,1.6,2026/06/10 08:30:00,2026/06/10 09:26:05,,,,,,完了,2026/06/10 09:26:05
CASE-PO-000398,CASE-PN-000398,2,CASE-PO-000398_2,一次組立,A020,MB000103,MG001,WC000052,61,180,25,205,2026/06/10 13:14:15,2026/06/10 16:39:15,,EQ-A020,9002,鈴木 花子,25,61,100.0,0,0.0,2026/06/10 13:14:15,2026/06/10 16:31:42,,,,,,完了,2026/06/10 16:31:42
CASE-PO-000398,CASE-PN-000398,3,CASE-PO-000398_3,二次組立,A030,MB000103,MG001,WC000053,61,150,20,170,2026/06/10 19:30:39,2026/06/11 11:20:00,,EQ-A030,9002,鈴木 花子,20,60,98.4,0,0.0,2026/06/11 08:30:00,2026/06/11 11:16:55,,,,,,完了,2026/06/11 11:16:55
CASE-PO-000398,CASE-PN-000398,4,CASE-PO-000398_4,完成検査,A040,MB000103,MG001,WC000054,61,60,0,60,2026/06/11 13:46:22,2026/06/11 14:46:22,,EQ-A040,9002,鈴木 花子,0,61,100.0,1,1.6,2026/06/11 13:46:22,2026/06/11 14:47:00,,,,,,完了,2026/06/11 14:47:00
CASE-PO-000399,CASE-PN-000399,1,CASE-PO-000399_1,部品準備,A010,MB000102,MG001,WC000051,195,45,10,55,2026/06/17 08:30:00,2026/06/17 09:25:00,,EQ-A010,9004,田中 三郎,10,194,99.5,0,0.0,2026/06/17 08:30:00,2026/06/17 09:17:23,,,,,,完了,2026/06/17 09:17:23
CASE-PO-000399,CASE-PN-000399,2,CASE-PO-000399_2,一次組立,A020,MB000102,MG001,WC000052,195,180,25,205,2026/06/17 15:53:25,2026/06/18 10:18:00,,EQ-A020,9004,田中 三郎,25,192,98.5,0,0.0,2026/06/17 15:53:25,2026/06/18 10:24:10,,,,,,完了,2026/06/18 10:24:10
CASE-PO-000399,CASE-PN-000399,3,CASE-PO-000399_3,二次組立,A030,MB000102,MG001,WC000053,195,150,20,170,2026/06/18 15:30:16,2026/06/19 09:20:00,,EQ-A030,9004,田中 三郎,20,194,99.5,1,0.5,2026/06/18 15:30:16,2026/06/19 09:26:59,,,,,,完了,2026/06/19 09:26:59
CASE-PO-000399,CASE-PN-000399,4,CASE-PO-000399_4,完成検査,A040,MB000102,MG001,WC000054,195,60,0,60,2026/06/19 16:37:26,2026/06/22 08:37:00,,EQ-A040,9004,田中 三郎,0,192,98.5,1,0.5,2026/06/19 16:37:26,2026/06/22 08:31:07,,,,,,完了,2026/06/22 08:31:07
CASE-PO-000400,CASE-PN-000400,1,CASE-PO-000400_1,部品準備,A010,MB000103,MG001,WC000051,84,45,10,55,2026/06/15 08:30:00,2026/06/15 09:25:00,,EQ-A010,9001,山田 太郎,10,83,98.8,0,0.0,2026/06/15 08:30:00,2026/06/15 09:12:22,,,,,,完了,2026/06/15 09:12:22
CASE-PO-000400,CASE-PN-000400,2,CASE-PO-000400_2,一次組立,A020,MB000103,MG001,WC000052,84,180,25,205,2026/06/15 14:48:36,2026/06/16 09:13:00,,EQ-A020,9001,山田 太郎,25,82,97.6,1,1.2,2026/06/15 14:48:36,2026/06/16 08:55:44,,,,,,完了,2026/06/16 08:55:44
CASE-PO-000400,CASE-PN-000400,3,CASE-PO-000400_3,二次組立,A030,MB000103,MG001,WC000053,84,150,20,170,2026/06/16 19:25:43,2026/06/17 11:20:00,,EQ-A030,9001,山田 太郎,20,83,98.8,1,1.2,2026/06/17 08:30:00,2026/06/17 10:46:44,,,,,,完了,2026/06/17 10:46:44
CASE-PO-000400,CASE-PN-000400,4,CASE-PO-000400_4,完成検査,A040,MB000103,MG001,WC000054,84,60,0,60,2026/06/17 12:51:19,2026/06/17 13:51:19,,EQ-A040,9001,山田 太郎,0,82,97.6,0,0.0,2026/06/17 12:51:19,2026/06/17 13:56:33,,,,,,完了,2026/06/17 13:56:33
CASE-PO-000401,CASE-PN-000401,1,CASE-PO-000401_1,部品準備,A010,MB000102,MG001,WC000051,134,45,10,55,2026/05/20 08:30:00,2026/05/20 09:25:00,,EQ-A010,9004,田中 三郎,10,131,97.8,2,1.5,2026/05/20 08:30:00,2026/05/20 09:12:50,,,,,,完了,2026/05/20 09:12:50
CASE-PO-000401,CASE-PN-000401,2,CASE-PO-000401_2,一次組立,A020,MB000102,MG001,WC000052,134,180,25,205,2026/05/20 10:27:25,2026/05/20 13:52:25,,EQ-A020,9004,田中 三郎,25,131,97.8,3,2.2,2026/05/20 10:27:25,2026/05/20 13:22:37,,,,,,完了,2026/05/20 13:22:37
CASE-PO-000401,CASE-PN-000401,3,CASE-PO-000401_3,二次組立,A030,MB000102,MG001,WC000053,134,150,20,170,2026/05/21 00:38:58,2026/05/21 11:20:00,,EQ-A030,9004,田中 三郎,20,133,99.3,2,1.5,2026/05/21 08:30:00,2026/05/21 11:06:39,,,,,,完了,2026/05/21 11:06:39
CASE-PO-000401,CASE-PN-000401,4,CASE-PO-000401_4,完成検査,A040,MB000102,MG001,WC000054,134,60,0,60,2026/05/21 19:21:17,2026/05/22 09:30:00,,EQ-A040,9004,田中 三郎,0,134,100.0,1,0.7,2026/05/22 08:30:00,2026/05/22 09:24:22,,,,,,完了,2026/05/22 09:24:22
CASE-PO-000402,CASE-PN-000402,1,CASE-PO-000402_1,部品準備,A010,MB000101,MG001,WC000051,58,45,10,55,2026/05/06 08:30:00,2026/05/06 09:25:00,,EQ-A010,9004,田中 三郎,10,57,98.3,1,1.7,2026/05/06 08:30:00,2026/05/06 09:25:50,,,,,,完了,2026/05/06 09:25:50
CASE-PO-000402,CASE-PN-000402,2,CASE-PO-000402_2,一次組立,A020,MB000101,MG001,WC000052,58,180,25,205,2026/05/06 11:30:37,2026/05/06 14:55:37,,EQ-A020,9004,田中 三郎,25,57,98.3,0,0.0,2026/05/06 11:30:37,2026/05/06 15:13:59,,,,,,完了,2026/05/06 15:13:59
CASE-PO-000402,CASE-PN-000402,3,CASE-PO-000402_3,二次組立,A030,MB000101,MG001,WC000053,58,150,20,170,2026/05/06 21:05:44,2026/05/07 11:20:00,,EQ-A030,9004,田中 三郎,20,57,98.3,1,1.7,2026/05/07 08:30:00,2026/05/07 11:28:42,,,,,,完了,2026/05/07 11:28:42
CASE-PO-000402,CASE-PN-000402,4,CASE-PO-000402_4,完成検査,A040,MB000101,MG001,WC000054,58,60,0,60,2026/05/07 18:34:00,2026/05/08 09:30:00,,EQ-A040,9004,田中 三郎,0,57,98.3,0,0.0,2026/05/08 08:30:00,2026/05/08 09:26:05,,,,,,完了,2026/05/08 09:26:05
CASE-PO-000403,CASE-PN-000403,1,CASE-PO-000403_1,部品準備,A010,MB000102,MG001,WC000051,135,45,10,55,2026/05/11 08:30:00,2026/05/11 09:25:00,,EQ-A010,9003,佐藤 次郎,10,131,97.0,0,0.0,2026/05/11 08:30:00,2026/05/11 09:12:07,,,,,,完了,2026/05/11 09:12:07
CASE-PO-000403,CASE-PN-000403,2,CASE-PO-000403_2,一次組立,A020,MB000102,MG001,WC000052,135,180,25,205,2026/05/11 11:36:10,2026/05/11 15:01:10,,EQ-A020,9003,佐藤 次郎,25,134,99.3,0,0.0,2026/05/11 11:36:10,2026/05/11 14:53:21,,,,,,完了,2026/05/11 14:53:21
CASE-PO-000403,CASE-PN-000403,3,CASE-PO-000403_3,二次組立,A030,MB000102,MG001,WC000053,135,150,20,170,2026/05/12 02:00:03,2026/05/12 11:20:00,,EQ-A030,9003,佐藤 次郎,20,131,97.0,1,0.7,2026/05/12 08:30:00,2026/05/12 11:35:32,,,,,,完了,2026/05/12 11:35:32
CASE-PO-000403,CASE-PN-000403,4,CASE-PO-000403_4,完成検査,A040,MB000102,MG001,WC000054,135,60,0,60,2026/05/12 15:55:40,2026/05/12 16:55:40,,EQ-A040,9003,佐藤 次郎,0,132,97.8,2,1.5,2026/05/12 15:55:40,2026/05/12 16:54:24,,,,,,完了,2026/05/12 16:54:24
CASE-PO-000404,CASE-PN-000404,1,CASE-PO-000404_1,部品準備,A010,MB000102,MG001,WC000051,118,45,10,55,2026/06/22 08:30:00,2026/06/22 09:25:00,,EQ-A010,9003,佐藤 次郎,10,118,100.0,0,0.0,2026/06/22 08:30:00,2026/06/22 09:15:41,,,,,,完了,2026/06/22 09:15:41
CASE-PO-000404,CASE-PN-000404,2,CASE-PO-000404_2,一次組立,A020,MB000102,MG001,WC000052,118,180,25,205,2026/06/22 16:13:09,2026/06/23 10:38:00,,EQ-A020,9003,佐藤 次郎,25,116,98.3,0,0.0,2026/06/22 16:13:09,2026/06/23 10:49:22,,,,,,完了,2026/06/23 10:49:22
CASE-PO-000404,CASE-PN-000404,3,CASE-PO-000404_3,二次組立,A030,MB000102,MG001,WC000053,118,150,20,170,2026/06/23 13:32:23,2026/06/23 16:22:23,,EQ-A030,9003,佐藤 次郎,20,117,99.2,1,0.8,2026/06/23 13:32:23,2026/06/23 15:44:15,,,,,,完了,2026/06/23 15:44:15
CASE-PO-000404,CASE-PN-000404,4,CASE-PO-000404_4,完成検査,A040,MB000102,MG001,WC000054,118,60,0,60,2026/06/24 01:26:00,2026/06/24 09:30:00,,EQ-A040,9003,佐藤 次郎,0,115,97.5,1,0.8,2026/06/24 08:30:00,2026/06/24 09:40:49,,,,,,完了,2026/06/24 09:40:49
CASE-PO-000405,CASE-PN-000405,1,CASE-PO-000405_1,部品準備,A010,MB000103,MG001,WC000051,62,45,10,55,2026/06/19 08:30:00,2026/06/19 09:25:00,,EQ-A010,9005,高橋 四郎,10,62,100.0,1,1.6,2026/06/19 08:30:00,2026/06/19 09:17:40,,,,,,完了,2026/06/19 09:17:40
CASE-PO-000405,CASE-PN-000405,2,CASE-PO-000405_2,一次組立,A020,MB000103,MG001,WC000052,62,180,25,205,2026/06/19 16:15:52,2026/06/22 10:40:00,,EQ-A020,9005,高橋 四郎,25,62,100.0,0,0.0,2026/06/19 16:15:52,2026/06/22 10:53:06,,,,,,完了,2026/06/22 10:53:06
CASE-PO-000405,CASE-PN-000405,3,CASE-PO-000405_3,二次組立,A030,MB000103,MG001,WC000053,62,150,20,170,2026/06/22 18:26:30,2026/06/23 11:20:00,,EQ-A030,9005,高橋 四郎,20,61,98.4,1,1.6,2026/06/23 08:30:00,2026/06/23 10:55:10,,,,,,完了,2026/06/23 10:55:10
CASE-PO-000405,CASE-PN-000405,4,CASE-PO-000405_4,完成検査,A040,MB000103,MG001,WC000054,62,60,0,60,2026/06/23 20:31:40,2026/06/24 09:30:00,,EQ-A040,9005,高橋 四郎,0,60,96.8,1,1.6,2026/06/24 08:30:00,2026/06/24 09:43:20,,,,,,完了,2026/06/24 09:43:20
CASE-PO-000406,CASE-PN-000406,1,CASE-PO-000406_1,部品準備,A010,MB000102,MG001,WC000051,190,45,10,55,2026/05/29 08:30:00,2026/05/29 09:25:00,,EQ-A010,9004,田中 三郎,10,189,99.5,3,1.6,2026/05/29 08:30:00,2026/05/29 09:12:51,,,,,,完了,2026/05/29 09:12:51
CASE-PO-000406,CASE-PN-000406,2,CASE-PO-000406_2,一次組立,A020,MB000102,MG001,WC000052,190,180,25,205,2026/05/29 12:23:18,2026/05/29 15:48:18,,EQ-A020,9004,田中 三郎,25,186,97.9,2,1.1,2026/05/29 12:23:18,2026/05/29 15:57:14,,,,,,完了,2026/05/29 15:57:14
CASE-PO-000406,CASE-PN-000406,3,CASE-PO-000406_3,二次組立,A030,MB000102,MG001,WC000053,190,150,20,170,2026/05/29 20:12:00,2026/06/01 11:20:00,,EQ-A030,9004,田中 三郎,20,189,99.5,0,0.0,2026/06/01 08:30:00,2026/06/01 10:37:32,,,,,,完了,2026/06/01 10:37:32
CASE-PO-000406,CASE-PN-000406,4,CASE-PO-000406_4,完成検査,A040,MB000102,MG001,WC000054,190,60,0,60,2026/06/01 17:03:09,2026/06/02 09:03:00,,EQ-A040,9004,田中 三郎,0,187,98.4,3,1.6,2026/06/01 17:03:09,2026/06/02 08:57:44,,,,,,完了,2026/06/02 08:57:44
CASE-PO-000407,CASE-PN-000407,1,CASE-PO-000407_1,部品準備,A010,MB000102,MG001,WC000051,117,45,10,55,2026/06/01 08:30:00,2026/06/01 09:25:00,,EQ-A010,9004,田中 三郎,10,115,98.3,1,0.9,2026/06/01 08:30:00,2026/06/01 09:19:55,,,,,,完了,2026/06/01 09:19:55
CASE-PO-000407,CASE-PN-000407,2,CASE-PO-000407_2,一次組立,A020,MB000102,MG001,WC000052,117,180,25,205,2026/06/01 12:46:22,2026/06/01 16:11:22,,EQ-A020,9004,田中 三郎,25,117,100.0,1,0.9,2026/06/01 12:46:22,2026/06/01 16:20:00,,,,,,完了,2026/06/01 16:20:00
CASE-PO-000407,CASE-PN-000407,3,CASE-PO-000407_3,二次組立,A030,MB000102,MG001,WC000053,117,150,20,170,2026/06/01 18:31:54,2026/06/02 11:20:00,,EQ-A030,9004,田中 三郎,20,114,97.4,0,0.0,2026/06/02 08:30:00,2026/06/02 11:30:27,,,,,,完了,2026/06/02 11:30:27
CASE-PO-000407,CASE-PN-000407,4,CASE-PO-000407_4,完成検査,A040,MB000102,MG001,WC000054,117,60,0,60,2026/06/02 12:44:29,2026/06/02 13:44:29,,EQ-A040,9004,田中 三郎,0,115,98.3,2,1.7,2026/06/02 12:44:29,2026/06/02 13:50:37,,,,,,完了,2026/06/02 13:50:37
CASE-PO-000408,CASE-PN-000408,1,CASE-PO-000408_1,部品準備,A010,MB000102,MG001,WC000051,153,45,10,55,2026/05/28 08:30:00,2026/05/28 09:25:00,,EQ-A010,9004,田中 三郎,10,151,98.7,1,0.7,2026/05/28 08:30:00,2026/05/28 09:10:07,,,,,,完了,2026/05/28 09:10:07
CASE-PO-000408,CASE-PN-000408,2,CASE-PO-000408_2,一次組立,A020,MB000102,MG001,WC000052,153,180,25,205,2026/05/28 17:04:12,2026/05/29 11:29:00,,EQ-A020,9004,田中 三郎,25,150,98.0,3,2.0,2026/05/28 17:04:12,2026/05/29 10:58:01,,,,,,完了,2026/05/29 10:58:01
CASE-PO-000408,CASE-PN-000408,3,CASE-PO-000408_3,二次組立,A030,MB000102,MG001,WC000053,153,150,20,170,2026/05/29 19:57:18,2026/06/01 11:20:00,,EQ-A030,9004,田中 三郎,20,150,98.0,2,1.3,2026/06/01 08:30:00,2026/06/01 10:56:45,,,,,,完了,2026/06/01 10:56:45
CASE-PO-000408,CASE-PN-000408,4,CASE-PO-000408_4,完成検査,A040,MB000102,MG001,WC000054,153,60,0,60,2026/06/01 19:38:01,2026/06/02 09:30:00,,EQ-A040,9004,田中 三郎,0,149,97.4,2,1.3,2026/06/02 08:30:00,2026/06/02 09:43:41,,,,,,完了,2026/06/02 09:43:41
CASE-PO-000409,CASE-PN-000409,1,CASE-PO-000409_1,部品準備,A010,MB000103,MG001,WC000051,43,45,10,55,2026/05/20 08:30:00,2026/05/20 09:25:00,,EQ-A010,9001,山田 太郎,10,42,97.7,1,2.3,2026/05/20 08:30:00,2026/05/20 09:17:32,,,,,,完了,2026/05/20 09:17:32
CASE-PO-000409,CASE-PN-000409,2,CASE-PO-000409_2,一次組立,A020,MB000103,MG001,WC000052,43,180,25,205,2026/05/20 14:40:08,2026/05/21 09:05:00,,EQ-A020,9001,山田 太郎,25,42,97.7,1,2.3,2026/05/20 14:40:08,2026/05/21 08:40:13,,,,,,完了,2026/05/21 08:40:13
CASE-PO-000409,CASE-PN-000409,3,CASE-PO-000409_3,二次組立,A030,MB000103,MG001,WC000053,43,150,20,170,2026/05/21 17:18:37,2026/05/22 11:08:00,,EQ-A030,9001,山田 太郎,20,43,100.0,0,0.0,2026/05/21 17:18:37,2026/05/22 11:18:55,,,,,,完了,2026/05/22 11:18:55
CASE-PO-000409,CASE-PN-000409,4,CASE-PO-000409_4,完成検査,A040,MB000103,MG001,WC000054,43,60,0,60,2026/05/22 20:03:10,2026/05/25 09:30:00,,EQ-A040,9001,山田 太郎,0,43,100.0,0,0.0,2026/05/25 08:30:00,2026/05/25 09:35:35,,,,,,完了,2026/05/25 09:35:35
CASE-PO-000410,CASE-PN-000410,1,CASE-PO-000410_1,部品準備,A010,MB000103,MG001,WC000051,39,45,10,55,2026/05/08 08:30:00,2026/05/08 09:25:00,,EQ-A010,9003,佐藤 次郎,10,39,100.0,1,2.6,2026/05/08 08:30:00,2026/05/08 09:16:42,,,,,,完了,2026/05/08 09:16:42
CASE-PO-000410,CASE-PN-000410,2,CASE-PO-000410_2,一次組立,A020,MB000103,MG001,WC000052,39,180,25,205,2026/05/08 13:39:41,2026/05/08 17:04:41,,EQ-A020,9003,佐藤 次郎,25,39,100.0,0,0.0,2026/05/08 13:39:41,2026/05/08 16:52:05,,,,,,完了,2026/05/08 16:52:05
CASE-PO-000410,CASE-PN-000410,3,CASE-PO-000410_3,二次組立,A030,MB000103,MG001,WC000053,39,150,20,170,2026/05/09 02:07:20,2026/05/11 11:20:00,,EQ-A030,9003,佐藤 次郎,20,38,97.4,1,2.6,2026/05/11 08:30:00,2026/05/11 10:51:10,,,,,,完了,2026/05/11 10:51:10
CASE-PO-000410,CASE-PN-000410,4,CASE-PO-000410_4,完成検査,A040,MB000103,MG001,WC000054,39,60,0,60,2026/05/11 18:08:08,2026/05/12 09:30:00,,EQ-A040,9003,佐藤 次郎,0,38,97.4,1,2.6,2026/05/12 08:30:00,2026/05/12 09:41:13,,,,,,完了,2026/05/12 09:41:13
CASE-PO-000411,CASE-PN-000411,1,CASE-PO-000411_1,部品準備,A010,MB000103,MG001,WC000051,57,45,10,55,2026/07/03 08:30:00,2026/07/03 09:25:00,,EQ-A010,9002,鈴木 花子,10,57,100.0,0,0.0,2026/07/03 08:30:00,2026/07/03 09:13:47,,,,,,完了,2026/07/03 09:13:47
CASE-PO-000411,CASE-PN-000411,2,CASE-PO-000411_2,一次組立,A020,MB000103,MG001,WC000052,57,180,25,205,2026/07/03 17:03:17,2026/07/06 11:28:00,,EQ-A020,9002,鈴木 花子,25,56,98.2,0,0.0,2026/07/03 17:03:17,2026/07/06 11:08:57,,,,,,完了,2026/07/06 11:08:57
CASE-PO-000411,CASE-PN-000411,3,CASE-PO-000411_3,二次組立,A030,MB000103,MG001,WC000053,57,150,20,170,2026/07/06 15:29:45,2026/07/07 09:19:00,,EQ-A030,9002,鈴木 花子,20,56,98.2,0,0.0,2026/07/06 15:29:45,2026/07/07 08:41:11,,,,,,完了,2026/07/07 08:41:11
CASE-PO-000411,CASE-PN-000411,4,CASE-PO-000411_4,完成検査,A040,MB000103,MG001,WC000054,57,60,0,60,2026/07/07 13:29:48,2026/07/07 14:29:48,,EQ-A040,9002,鈴木 花子,,,,,,2026/07/07 13:29:48,,,,,,,生産中,2026/07/07 14:29:48
CASE-PO-000412,CASE-PN-000412,1,CASE-PO-000412_1,部品準備,A010,MB000101,MG001,WC000051,92,45,10,55,2026/06/23 08:30:00,2026/06/23 09:25:00,,EQ-A010,9002,鈴木 花子,10,91,98.9,1,1.1,2026/06/23 08:30:00,2026/06/23 09:15:04,,,,,,完了,2026/06/23 09:15:04
CASE-PO-000412,CASE-PN-000412,2,CASE-PO-000412_2,一次組立,A020,MB000101,MG001,WC000052,92,180,25,205,2026/06/23 10:26:49,2026/06/23 13:51:49,,EQ-A020,9002,鈴木 花子,25,90,97.8,0,0.0,2026/06/23 10:26:49,2026/06/23 13:56:10,,,,,,完了,2026/06/23 13:56:10
CASE-PO-000412,CASE-PN-000412,3,CASE-PO-000412_3,二次組立,A030,MB000101,MG001,WC000053,92,150,20,170,2026/06/23 22:26:45,2026/06/24 11:20:00,,EQ-A030,9002,鈴木 花子,20,91,98.9,1,1.1,2026/06/24 08:30:00,2026/06/24 10:41:11,,,,,,完了,2026/06/24 10:41:11
CASE-PO-000412,CASE-PN-000412,4,CASE-PO-000412_4,完成検査,A040,MB000101,MG001,WC000054,92,60,0,60,2026/06/24 19:45:21,2026/06/25 09:30:00,,EQ-A040,9002,鈴木 花子,0,90,97.8,2,2.2,2026/06/25 08:30:00,2026/06/25 09:31:11,,,,,,完了,2026/06/25 09:31:11
CASE-PO-000413,CASE-PN-000413,1,CASE-PO-000413_1,部品準備,A010,MB000102,MG001,WC000051,130,45,10,55,2026/06/29 08:30:00,2026/06/29 09:25:00,,EQ-A010,9002,鈴木 花子,10,126,96.9,2,1.5,2026/06/29 08:30:00,2026/06/29 09:24:23,,,,,,完了,2026/06/29 09:24:23
CASE-PO-000413,CASE-PN-000413,2,CASE-PO-000413_2,一次組立,A020,MB000102,MG001,WC000052,130,180,25,205,2026/06/29 15:59:23,2026/06/30 10:24:00,,EQ-A020,9002,鈴木 花子,25,127,97.7,1,0.8,2026/06/29 15:59:23,2026/06/30 10:10:22,,,,,,完了,2026/06/30 10:10:22
CASE-PO-000413,CASE-PN-000413,3,CASE-PO-000413_3,二次組立,A030,MB000102,MG001,WC000053,130,150,20,170,2026/06/30 18:42:52,2026/07/01 11:20:00,,EQ-A030,9002,鈴木 花子,20,127,97.7,2,1.5,2026/07/01 08:30:00,2026/07/01 10:55:48,,,,,,完了,2026/07/01 10:55:48
CASE-PO-000413,CASE-PN-000413,4,CASE-PO-000413_4,完成検査,A040,MB000102,MG001,WC000054,130,60,0,60,2026/07/01 12:23:43,2026/07/01 13:23:43,,EQ-A040,9002,鈴木 花子,0,130,100.0,1,0.8,2026/07/01 12:23:43,2026/07/01 13:17:45,,,,,,完了,2026/07/01 13:17:45
CASE-PO-000414,CASE-PN-000414,1,CASE-PO-000414_1,部品準備,A010,MB000101,MG001,WC000051,94,45,10,55,2026/05/18 08:30:00,2026/05/18 09:25:00,,EQ-A010,9003,佐藤 次郎,10,94,100.0,1,1.1,2026/05/18 08:30:00,2026/05/18 09:18:39,,,,,,完了,2026/05/18 09:18:39
CASE-PO-000414,CASE-PN-000414,2,CASE-PO-000414_2,一次組立,A020,MB000101,MG001,WC000052,94,180,25,205,2026/05/18 14:11:25,2026/05/19 08:36:00,,EQ-A020,9003,佐藤 次郎,25,93,98.9,1,1.1,2026/05/18 14:11:25,2026/05/19 08:44:16,,,,,,完了,2026/05/19 08:44:16
CASE-PO-000414,CASE-PN-000414,3,CASE-PO-000414_3,二次組立,A030,MB000101,MG001,WC000053,94,150,20,170,2026/05/19 16:29:20,2026/05/20 10:19:00,,EQ-A030,9003,佐藤 次郎,20,94,100.0,2,2.1,2026/05/19 16:29:20,2026/05/20 09:49:56,,,,,,完了,2026/05/20 09:49:56
CASE-PO-000414,CASE-PN-000414,4,CASE-PO-000414_4,完成検査,A040,MB000101,MG001,WC000054,94,60,0,60,2026/05/20 19:38:43,2026/05/21 09:30:00,,EQ-A040,9003,佐藤 次郎,0,94,100.0,0,0.0,2026/05/21 08:30:00,2026/05/21 09:24:48,,,,,,完了,2026/05/21 09:24:48
CASE-PO-000415,CASE-PN-000415,1,CASE-PO-000415_1,部品準備,A010,MB000101,MG001,WC000051,73,45,10,55,2026/05/14 08:30:00,2026/05/14 09:25:00,,EQ-A010,9005,高橋 四郎,10,71,97.3,0,0.0,2026/05/14 08:30:00,2026/05/14 09:19:07,,,,,,完了,2026/05/14 09:19:07
CASE-PO-000415,CASE-PN-000415,2,CASE-PO-000415_2,一次組立,A020,MB000101,MG001,WC000052,73,180,25,205,2026/05/14 10:59:53,2026/05/14 14:24:53,,EQ-A020,9005,高橋 四郎,25,71,97.3,1,1.4,2026/05/14 10:59:53,2026/05/14 14:37:48,,,,,,完了,2026/05/14 14:37:48
CASE-PO-000415,CASE-PN-000415,3,CASE-PO-000415_3,二次組立,A030,MB000101,MG001,WC000053,73,150,20,170,2026/05/14 21:53:03,2026/05/15 11:20:00,,EQ-A030,9005,高橋 四郎,20,72,98.6,0,0.0,2026/05/15 08:30:00,2026/05/15 11:17:34,,,,,,完了,2026/05/15 11:17:34
CASE-PO-000415,CASE-PN-000415,4,CASE-PO-000415_4,完成検査,A040,MB000101,MG001,WC000054,73,60,0,60,2026/05/15 15:51:40,2026/05/15 16:51:40,,EQ-A040,9005,高橋 四郎,0,73,100.0,1,1.4,2026/05/15 15:51:40,2026/05/15 16:44:05,,,,,,完了,2026/05/15 16:44:05
CASE-PO-000416,CASE-PN-000416,1,CASE-PO-000416_1,部品準備,A010,MB000103,MG001,WC000051,42,45,10,55,2026/06/08 08:30:00,2026/06/08 09:25:00,,EQ-A010,9005,高橋 四郎,10,41,97.6,0,0.0,2026/06/08 08:30:00,2026/06/08 09:18:05,,,,,,完了,2026/06/08 09:18:05
CASE-PO-000416,CASE-PN-000416,2,CASE-PO-000416_2,一次組立,A020,MB000103,MG001,WC000052,42,180,25,205,2026/06/08 12:36:13,2026/06/08 16:01:13,,EQ-A020,9005,高橋 四郎,25,42,100.0,1,2.4,2026/06/08 12:36:13,2026/06/08 15:17:14,,,,,,完了,2026/06/08 15:17:14
CASE-PO-000416,CASE-PN-000416,3,CASE-PO-000416_3,二次組立,A030,MB000103,MG001,WC000053,42,150,20,170,2026/06/08 17:40:21,2026/06/09 11:20:00,,EQ-A030,9005,高橋 四郎,20,41,97.6,0,0.0,2026/06/09 08:30:00,2026/06/09 10:52:50,,,,,,完了,2026/06/09 10:52:50
CASE-PO-000416,CASE-PN-000416,4,CASE-PO-000416_4,完成検査,A040,MB000103,MG001,WC000054,42,60,0,60,2026/06/09 13:08:51,2026/06/09 14:08:51,,EQ-A040,9005,高橋 四郎,0,41,97.6,0,0.0,2026/06/09 13:08:51,2026/06/09 14:23:09,,,,,,完了,2026/06/09 14:23:09
CASE-PO-000417,CASE-PN-000417,1,CASE-PO-000417_1,部品準備,A010,MB000102,MG001,WC000051,183,45,10,55,2026/05/21 08:30:00,2026/05/21 09:25:00,,EQ-A010,9003,佐藤 次郎,10,180,98.4,4,2.2,2026/05/21 08:30:00,2026/05/21 09:08:19,,,,,,完了,2026/05/21 09:08:19
CASE-PO-000417,CASE-PN-000417,2,CASE-PO-000417_2,一次組立,A020,MB000102,MG001,WC000052,183,180,25,205,2026/05/21 15:55:32,2026/05/22 10:20:00,,EQ-A020,9003,佐藤 次郎,25,183,100.0,0,0.0,2026/05/21 15:55:32,2026/05/22 10:14:29,,,,,,完了,2026/05/22 10:14:29
CASE-PO-000417,CASE-PN-000417,3,CASE-PO-000417_3,二次組立,A030,MB000102,MG001,WC000053,183,150,20,170,2026/05/22 15:42:34,2026/05/25 09:32:00,,EQ-A030,9003,佐藤 次郎,20,178,97.3,1,0.5,2026/05/22 15:42:34,2026/05/25 09:25:09,,,,,,完了,2026/05/25 09:25:09
CASE-PO-000417,CASE-PN-000417,4,CASE-PO-000417_4,完成検査,A040,MB000102,MG001,WC000054,183,60,0,60,2026/05/25 15:57:29,2026/05/25 16:57:29,,EQ-A040,9003,佐藤 次郎,0,181,98.9,1,0.5,2026/05/25 15:57:29,2026/05/25 17:03:13,,,,,,完了,2026/05/25 17:03:13
CASE-PO-000418,CASE-PN-000418,1,CASE-PO-000418_1,部品準備,A010,MB000101,MG001,WC000051,74,45,10,55,2026/06/02 08:30:00,2026/06/02 09:25:00,,EQ-A010,9005,高橋 四郎,10,74,100.0,1,1.4,2026/06/02 08:30:00,2026/06/02 09:16:57,,,,,,完了,2026/06/02 09:16:57
CASE-PO-000418,CASE-PN-000418,2,CASE-PO-000418_2,一次組立,A020,MB000101,MG001,WC000052,74,180,25,205,2026/06/02 10:59:00,2026/06/02 14:24:00,,EQ-A020,9005,高橋 四郎,25,73,98.6,1,1.4,2026/06/02 10:59:00,2026/06/02 14:07:02,,,,,,完了,2026/06/02 14:07:02
CASE-PO-000418,CASE-PN-000418,3,CASE-PO-000418_3,二次組立,A030,MB000101,MG001,WC000053,74,150,20,170,2026/06/03 01:01:17,2026/06/03 11:20:00,,EQ-A030,9005,高橋 四郎,,,,,,2026/06/03 08:30:00,,,,,,,生産中,2026/06/03 11:20:00
CASE-PO-000418,CASE-PN-000418,4,CASE-PO-000418_4,完成検査,A040,MB000101,MG001,WC000054,74,60,0,60,2026/06/03 15:37:46,2026/06/03 16:37:46,,EQ-A040,9005,高橋 四郎,,,,,,,,,,,,,開始待ち,2026/06/03 16:37:46
CASE-PO-000419,CASE-PN-000419,1,CASE-PO-000419_1,部品準備,A010,MB000102,MG001,WC000051,169,45,10,55,2026/07/01 08:30:00,2026/07/01 09:25:00,,EQ-A010,9001,山田 太郎,10,167,98.8,2,1.2,2026/07/01 08:30:00,2026/07/01 09:26:11,,,,,,完了,2026/07/01 09:26:11
CASE-PO-000419,CASE-PN-000419,2,CASE-PO-000419_2,一次組立,A020,MB000102,MG001,WC000052,169,180,25,205,2026/07/01 12:34:14,2026/07/01 15:59:14,,EQ-A020,9001,山田 太郎,25,166,98.2,2,1.2,2026/07/01 12:34:14,2026/07/01 15:41:06,,,,,,完了,2026/07/01 15:41:06
CASE-PO-000419,CASE-PN-000419,3,CASE-PO-000419_3,二次組立,A030,MB000102,MG001,WC000053,169,150,20,170,2026/07/02 01:13:36,2026/07/02 11:20:00,,EQ-A030,9001,山田 太郎,20,167,98.8,2,1.2,2026/07/02 08:30:00,2026/07/02 11:13:26,,,,,,完了,2026/07/02 11:13:26
CASE-PO-000419,CASE-PN-000419,4,CASE-PO-000419_4,完成検査,A040,MB000102,MG001,WC000054,169,60,0,60,2026/07/02 17:07:17,2026/07/03 09:07:00,,EQ-A040,9001,山田 太郎,0,169,100.0,2,1.2,2026/07/02 17:07:17,2026/07/03 09:21:15,,,,,,完了,2026/07/03 09:21:15
CASE-PO-000420,CASE-PN-000420,1,CASE-PO-000420_1,部品準備,A010,MB000101,MG001,WC000051,105,45,10,55,2026/06/02 08:30:00,2026/06/02 09:25:00,,EQ-A010,9001,山田 太郎,10,102,97.1,2,1.9,2026/06/02 08:30:00,2026/06/02 09:24:27,,,,,,完了,2026/06/02 09:24:27
CASE-PO-000420,CASE-PN-000420,2,CASE-PO-000420_2,一次組立,A020,MB000101,MG001,WC000052,105,180,25,205,2026/06/02 17:14:04,2026/06/03 11:39:00,,EQ-A020,9001,山田 太郎,25,104,99.0,0,0.0,2026/06/02 17:14:04,2026/06/03 11:56:57,,,,,,完了,2026/06/03 11:56:57
CASE-PO-000420,CASE-PN-000420,3,CASE-PO-000420_3,二次組立,A030,MB000101,MG001,WC000053,105,150,20,170,2026/06/03 20:39:25,2026/06/04 11:20:00,,EQ-A030,9001,山田 太郎,20,104,99.0,1,1.0,2026/06/04 08:30:00,2026/06/04 10:59:44,,,,,,完了,2026/06/04 10:59:44
CASE-PO-000420,CASE-PN-000420,4,CASE-PO-000420_4,完成検査,A040,MB000101,MG001,WC000054,105,60,0,60,2026/06/04 18:27:18,2026/06/05 09:30:00,,EQ-A040,9001,山田 太郎,0,104,99.0,1,1.0,2026/06/05 08:30:00,2026/06/05 09:21:04,,,,,,完了,2026/06/05 09:21:04
CASE-PO-000421,CASE-PN-000421,1,CASE-PO-000421_1,部品準備,A010,MB000103,MG001,WC000051,79,45,10,55,2026/06/22 08:30:00,2026/06/22 09:25:00,,EQ-A010,9004,田中 三郎,10,78,98.7,1,1.3,2026/06/22 08:30:00,2026/06/22 09:23:21,,,,,,完了,2026/06/22 09:23:21
CASE-PO-000421,CASE-PN-000421,2,CASE-PO-000421_2,一次組立,A020,MB000103,MG001,WC000052,79,180,25,205,2026/06/22 13:43:09,2026/06/22 17:08:09,,EQ-A020,9004,田中 三郎,25,78,98.7,1,1.3,2026/06/22 13:43:09,2026/06/22 17:12:52,,,,,,完了,2026/06/22 17:12:52
CASE-PO-000421,CASE-PN-000421,3,CASE-PO-000421_3,二次組立,A030,MB000103,MG001,WC000053,79,150,20,170,2026/06/22 22:03:29,2026/06/23 11:20:00,,EQ-A030,9004,田中 三郎,20,77,97.5,1,1.3,2026/06/23 08:30:00,2026/06/23 10:42:17,,,,,,完了,2026/06/23 10:42:17
CASE-PO-000421,CASE-PN-000421,4,CASE-PO-000421_4,完成検査,A040,MB000103,MG001,WC000054,79,60,0,60,2026/06/23 14:12:53,2026/06/23 15:12:53,,EQ-A040,9004,田中 三郎,0,78,98.7,1,1.3,2026/06/23 14:12:53,2026/06/23 15:20:58,,,,,,完了,2026/06/23 15:20:58
CASE-PO-000422,CASE-PN-000422,1,CASE-PO-000422_1,部品準備,A010,MB000101,MG001,WC000051,101,45,10,55,2026/06/10 08:30:00,2026/06/10 09:25:00,,EQ-A010,9005,高橋 四郎,10,99,98.0,2,2.0,2026/06/10 08:30:00,2026/06/10 09:18:06,,,,,,完了,2026/06/10 09:18:06
CASE-PO-000422,CASE-PN-000422,2,CASE-PO-000422_2,一次組立,A020,MB000101,MG001,WC000052,101,180,25,205,2026/06/10 14:01:41,2026/06/10 17:26:41,,EQ-A020,9005,高橋 四郎,25,99,98.0,1,1.0,2026/06/10 14:01:41,2026/06/10 17:23:49,,,,,,完了,2026/06/10 17:23:49
CASE-PO-000422,CASE-PN-000422,3,CASE-PO-000422_3,二次組立,A030,MB000101,MG001,WC000053,101,150,20,170,2026/06/10 23:40:46,2026/06/11 11:20:00,,EQ-A030,9005,高橋 四郎,20,100,99.0,1,1.0,2026/06/11 08:30:00,2026/06/11 11:34:23,,,,,,完了,2026/06/11 11:34:23
CASE-PO-000422,CASE-PN-000422,4,CASE-PO-000422_4,完成検査,A040,MB000101,MG001,WC000054,101,60,0,60,2026/06/11 18:40:03,2026/06/12 09:30:00,,EQ-A040,9005,高橋 四郎,0,100,99.0,1,1.0,2026/06/12 08:30:00,2026/06/12 09:29:44,,,,,,完了,2026/06/12 09:29:44
CASE-PO-000423,CASE-PN-000423,1,CASE-PO-000423_1,部品準備,A010,MB000102,MG001,WC000051,196,45,10,55,2026/06/09 08:30:00,2026/06/09 09:25:00,,EQ-A010,9003,佐藤 次郎,10,194,99.0,2,1.0,2026/06/09 08:30:00,2026/06/09 09:25:26,,,,,,完了,2026/06/09 09:25:26
CASE-PO-000423,CASE-PN-000423,2,CASE-PO-000423_2,一次組立,A020,MB000102,MG001,WC000052,196,180,25,205,2026/06/09 16:16:45,2026/06/10 10:41:00,,EQ-A020,9003,佐藤 次郎,25,193,98.5,0,0.0,2026/06/09 16:16:45,2026/06/10 11:00:57,,,,,,完了,2026/06/10 11:00:57
CASE-PO-000423,CASE-PN-000423,3,CASE-PO-000423_3,二次組立,A030,MB000102,MG001,WC000053,196,150,20,170,2026/06/10 20:35:16,2026/06/11 11:20:00,,EQ-A030,9003,佐藤 次郎,20,192,98.0,3,1.5,2026/06/11 08:30:00,2026/06/11 10:46:00,,,,,,完了,2026/06/11 10:46:00
CASE-PO-000423,CASE-PN-000423,4,CASE-PO-000423_4,完成検査,A040,MB000102,MG001,WC000054,196,60,0,60,2026/06/11 17:00:45,2026/06/12 09:00:00,,EQ-A040,9003,佐藤 次郎,0,190,96.9,4,2.0,2026/06/11 17:00:45,2026/06/12 09:11:59,,,,,,完了,2026/06/12 09:11:59
CASE-PO-000424,CASE-PN-000424,1,CASE-PO-000424_1,部品準備,A010,MB000101,MG001,WC000051,59,45,10,55,2026/06/16 08:30:00,2026/06/16 09:25:00,,EQ-A010,9002,鈴木 花子,10,58,98.3,0,0.0,2026/06/16 08:30:00,2026/06/16 09:25:28,,,,,,完了,2026/06/16 09:25:28
CASE-PO-000424,CASE-PN-000424,2,CASE-PO-000424_2,一次組立,A020,MB000101,MG001,WC000052,59,180,25,205,2026/06/16 16:44:12,2026/06/17 11:09:00,,EQ-A020,9002,鈴木 花子,25,59,100.0,1,1.7,2026/06/16 16:44:12,2026/06/17 11:06:34,,,,,,完了,2026/06/17 11:06:34
CASE-PO-000424,CASE-PN-000424,3,CASE-PO-000424_3,二次組立,A030,MB000101,MG001,WC000053,59,150,20,170,2026/06/17 18:30:33,2026/06/18 11:20:00,,EQ-A030,9002,鈴木 花子,20,58,98.3,0,0.0,2026/06/18 08:30:00,2026/06/18 11:01:59,,,,,,完了,2026/06/18 11:01:59
CASE-PO-000424,CASE-PN-000424,4,CASE-PO-000424_4,完成検査,A040,MB000101,MG001,WC000054,59,60,0,60,2026/06/18 17:00:32,2026/06/19 09:00:00,,EQ-A040,9002,鈴木 花子,0,57,96.6,0,0.0,2026/06/18 17:00:32,2026/06/19 09:14:46,,,,,,完了,2026/06/19 09:14:46
CASE-PO-000425,CASE-PN-000425,1,CASE-PO-000425_1,部品準備,A010,MB000103,MG001,WC000051,55,45,10,55,2026/07/03 08:30:00,2026/07/03 09:25:00,,EQ-A010,9005,高橋 四郎,10,55,100.0,0,0.0,2026/07/03 08:30:00,2026/07/03 09:16:31,,,,,,完了,2026/07/03 09:16:31
CASE-PO-000425,CASE-PN-000425,2,CASE-PO-000425_2,一次組立,A020,MB000103,MG001,WC000052,55,180,25,205,2026/07/03 13:22:36,2026/07/03 16:47:36,,EQ-A020,9005,高橋 四郎,25,54,98.2,0,0.0,2026/07/03 13:22:36,2026/07/03 16:44:29,,,,,,完了,2026/07/03 16:44:29
CASE-PO-000425,CASE-PN-000425,3,CASE-PO-000425_3,二次組立,A030,MB000103,MG001,WC000053,55,150,20,170,2026/07/04 03:19:18,2026/07/06 11:20:00,,EQ-A030,9005,高橋 四郎,,,,,,2026/07/06 08:30:00,,,,,,,生産中,2026/07/06 11:20:00
CASE-PO-000425,CASE-PN-000425,4,CASE-PO-000425_4,完成検査,A040,MB000103,MG001,WC000054,55,60,0,60,2026/07/06 16:47:14,2026/07/07 08:47:00,,EQ-A040,9005,高橋 四郎,,,,,,,,,,,,,開始待ち,2026/07/07 08:47:00
CASE-PO-000426,CASE-PN-000426,1,CASE-PO-000426_1,部品準備,A010,MB000101,MG001,WC000051,83,45,10,55,2026/06/01 08:30:00,2026/06/01 09:25:00,,EQ-A010,9001,山田 太郎,10,81,97.6,1,1.2,2026/06/01 08:30:00,2026/06/01 09:23:20,,,,,,完了,2026/06/01 09:23:20
CASE-PO-000426,CASE-PN-000426,2,CASE-PO-000426_2,一次組立,A020,MB000101,MG001,WC000052,83,180,25,205,2026/06/01 13:05:33,2026/06/01 16:30:33,,EQ-A020,9001,山田 太郎,25,82,98.8,1,1.2,2026/06/01 13:05:33,2026/06/01 15:55:08,,,,,,完了,2026/06/01 15:55:08
CASE-PO-000426,CASE-PN-000426,3,CASE-PO-000426_3,二次組立,A030,MB000101,MG001,WC000053,83,150,20,170,2026/06/02 02:49:02,2026/06/02 11:20:00,,EQ-A030,9001,山田 太郎,20,81,97.6,0,0.0,2026/06/02 08:30:00,2026/06/02 11:32:25,,,,,,完了,2026/06/02 11:32:25
CASE-PO-000426,CASE-PN-000426,4,CASE-PO-000426_4,完成検査,A040,MB000101,MG001,WC000054,83,60,0,60,2026/06/02 13:22:55,2026/06/02 14:22:55,,EQ-A040,9001,山田 太郎,0,82,98.8,1,1.2,2026/06/02 13:22:55,2026/06/02 14:23:14,,,,,,完了,2026/06/02 14:23:14
CASE-PO-000427,CASE-PN-000427,1,CASE-PO-000427_1,部品準備,A010,MB000102,MG001,WC000051,77,45,10,55,2026/06/02 08:30:00,2026/06/02 09:25:00,,EQ-A010,9002,鈴木 花子,10,76,98.7,1,1.3,2026/06/02 08:30:00,2026/06/02 09:20:52,,,,,,完了,2026/06/02 09:20:52
CASE-PO-000427,CASE-PN-000427,2,CASE-PO-000427_2,一次組立,A020,MB000102,MG001,WC000052,77,180,25,205,2026/06/02 13:07:33,2026/06/02 16:32:33,,EQ-A020,9002,鈴木 花子,25,77,100.0,1,1.3,2026/06/02 13:07:33,2026/06/02 16:06:24,,,,,,完了,2026/06/02 16:06:24
CASE-PO-000427,CASE-PN-000427,3,CASE-PO-000427_3,二次組立,A030,MB000102,MG001,WC000053,77,150,20,170,2026/06/03 03:02:24,2026/06/03 11:20:00,,EQ-A030,9002,鈴木 花子,20,76,98.7,1,1.3,2026/06/03 08:30:00,2026/06/03 10:47:57,,,,,,完了,2026/06/03 10:47:57
CASE-PO-000427,CASE-PN-000427,4,CASE-PO-000427_4,完成検査,A040,MB000102,MG001,WC000054,77,60,0,60,2026/06/03 18:54:57,2026/06/04 09:30:00,,EQ-A040,9002,鈴木 花子,0,76,98.7,1,1.3,2026/06/04 08:30:00,2026/06/04 09:26:06,,,,,,完了,2026/06/04 09:26:06
CASE-PO-000428,CASE-PN-000428,1,CASE-PO-000428_1,部品準備,A010,MB000102,MG001,WC000051,189,45,10,55,2026/05/19 08:30:00,2026/05/19 09:25:00,,EQ-A010,9001,山田 太郎,10,184,97.4,0,0.0,2026/05/19 08:30:00,2026/05/19 09:21:31,,,,,,完了,2026/05/19 09:21:31
CASE-PO-000428,CASE-PN-000428,2,CASE-PO-000428_2,一次組立,A020,MB000102,MG001,WC000052,189,180,25,205,2026/05/19 11:44:38,2026/05/19 15:09:38,,EQ-A020,9001,山田 太郎,25,183,96.8,3,1.6,2026/05/19 11:44:38,2026/05/19 14:50:57,,,,,,完了,2026/05/19 14:50:57
CASE-PO-000428,CASE-PN-000428,3,CASE-PO-000428_3,二次組立,A030,MB000102,MG001,WC000053,189,150,20,170,2026/05/19 18:45:14,2026/05/20 11:20:00,,EQ-A030,9001,山田 太郎,20,189,100.0,2,1.1,2026/05/20 08:30:00,2026/05/20 11:30:39,,,,,,完了,2026/05/20 11:30:39
CASE-PO-000428,CASE-PN-000428,4,CASE-PO-000428_4,完成検査,A040,MB000102,MG001,WC000054,189,60,0,60,2026/05/20 15:52:07,2026/05/20 16:52:07,,EQ-A040,9001,山田 太郎,0,187,98.9,2,1.1,2026/05/20 15:52:07,2026/05/20 17:03:11,,,,,,完了,2026/05/20 17:03:11
CASE-PO-000429,CASE-PN-000429,1,CASE-PO-000429_1,部品準備,A010,MB000102,MG001,WC000051,184,45,10,55,2026/05/07 08:30:00,2026/05/07 09:25:00,,EQ-A010,9003,佐藤 次郎,10,184,100.0,2,1.1,2026/05/07 08:30:00,2026/05/07 09:08:54,,,,,,完了,2026/05/07 09:08:54
CASE-PO-000429,CASE-PN-000429,2,CASE-PO-000429_2,一次組立,A020,MB000102,MG001,WC000052,184,180,25,205,2026/05/07 15:38:52,2026/05/08 10:03:00,,EQ-A020,9003,佐藤 次郎,25,183,99.5,1,0.5,2026/05/07 15:38:52,2026/05/08 10:20:32,,,,,,完了,2026/05/08 10:20:32
CASE-PO-000429,CASE-PN-000429,3,CASE-PO-000429_3,二次組立,A030,MB000102,MG001,WC000053,184,150,20,170,2026/05/08 12:32:31,2026/05/08 15:22:31,,EQ-A030,9003,佐藤 次郎,,,,,,2026/05/08 12:32:31,,,,,,,生産中,2026/05/08 15:22:31
CASE-PO-000429,CASE-PN-000429,4,CASE-PO-000429_4,完成検査,A040,MB000102,MG001,WC000054,184,60,0,60,2026/05/08 19:31:40,2026/05/11 09:30:00,,EQ-A040,9003,佐藤 次郎,,,,,,,,,,,,,開始待ち,2026/05/11 09:30:00
CASE-PO-000430,CASE-PN-000430,1,CASE-PO-000430_1,部品準備,A010,MB000101,MG001,WC000051,98,45,10,55,2026/06/25 08:30:00,2026/06/25 09:25:00,,EQ-A010,9003,佐藤 次郎,10,96,98.0,1,1.0,2026/06/25 08:30:00,2026/06/25 09:19:08,,,,,,完了,2026/06/25 09:19:08
CASE-PO-000430,CASE-PN-000430,2,CASE-PO-000430_2,一次組立,A020,MB000101,MG001,WC000052,98,180,25,205,2026/06/25 13:03:52,2026/06/25 16:28:52,,EQ-A020,9003,佐藤 次郎,25,96,98.0,1,1.0,2026/06/25 13:03:52,2026/06/25 16:20:17,,,,,,完了,2026/06/25 16:20:17
CASE-PO-000430,CASE-PN-000430,3,CASE-PO-000430_3,二次組立,A030,MB000101,MG001,WC000053,98,150,20,170,2026/06/25 22:07:21,2026/06/26 11:20:00,,EQ-A030,9003,佐藤 次郎,20,97,99.0,0,0.0,2026/06/26 08:30:00,2026/06/26 10:41:13,,,,,,完了,2026/06/26 10:41:13
CASE-PO-000430,CASE-PN-000430,4,CASE-PO-000430_4,完成検査,A040,MB000101,MG001,WC000054,98,60,0,60,2026/06/26 18:56:08,2026/06/29 09:30:00,,EQ-A040,9003,佐藤 次郎,0,95,96.9,0,0.0,2026/06/29 08:30:00,2026/06/29 09:35:43,,,,,,完了,2026/06/29 09:35:43
CASE-PO-000431,CASE-PN-000431,1,CASE-PO-000431_1,部品準備,A010,MB000101,MG001,WC000051,86,45,10,55,2026/05/07 08:30:00,2026/05/07 09:25:00,,EQ-A010,9005,高橋 四郎,10,84,97.7,0,0.0,2026/05/07 08:30:00,2026/05/07 09:12:16,,,,,,完了,2026/05/07 09:12:16
CASE-PO-000431,CASE-PN-000431,2,CASE-PO-000431_2,一次組立,A020,MB000101,MG001,WC000052,86,180,25,205,2026/05/07 10:15:53,2026/05/07 13:40:53,,EQ-A020,9005,高橋 四郎,25,84,97.7,1,1.2,2026/05/07 10:15:53,2026/05/07 13:21:05,,,,,,完了,2026/05/07 13:21:05
CASE-PO-000431,CASE-PN-000431,3,CASE-PO-000431_3,二次組立,A030,MB000101,MG001,WC000053,86,150,20,170,2026/05/07 20:55:14,2026/05/08 11:20:00,,EQ-A030,9005,高橋 四郎,20,86,100.0,1,1.2,2026/05/08 08:30:00,2026/05/08 10:52:46,,,,,,完了,2026/05/08 10:52:46
CASE-PO-000431,CASE-PN-000431,4,CASE-PO-000431_4,完成検査,A040,MB000101,MG001,WC000054,86,60,0,60,2026/05/08 19:14:57,2026/05/11 09:30:00,,EQ-A040,9005,高橋 四郎,0,84,97.7,1,1.2,2026/05/11 08:30:00,2026/05/11 09:22:52,,,,,,完了,2026/05/11 09:22:52
CASE-PO-000432,CASE-PN-000432,1,CASE-PO-000432_1,部品準備,A010,MB000101,MG001,WC000051,52,45,10,55,2026/06/01 08:30:00,2026/06/01 09:25:00,,EQ-A010,9001,山田 太郎,10,51,98.1,1,1.9,2026/06/01 08:30:00,2026/06/01 09:17:22,,,,,,完了,2026/06/01 09:17:22
CASE-PO-000432,CASE-PN-000432,2,CASE-PO-000432_2,一次組立,A020,MB000101,MG001,WC000052,52,180,25,205,2026/06/01 12:54:58,2026/06/01 16:19:58,,EQ-A020,9001,山田 太郎,25,51,98.1,1,1.9,2026/06/01 12:54:58,2026/06/01 16:01:52,,,,,,完了,2026/06/01 16:01:52
CASE-PO-000432,CASE-PN-000432,3,CASE-PO-000432_3,二次組立,A030,MB000101,MG001,WC000053,52,150,20,170,2026/06/01 19:07:16,2026/06/02 11:20:00,,EQ-A030,9001,山田 太郎,20,51,98.1,0,0.0,2026/06/02 08:30:00,2026/06/02 11:11:16,,,,,,完了,2026/06/02 11:11:16
CASE-PO-000432,CASE-PN-000432,4,CASE-PO-000432_4,完成検査,A040,MB000101,MG001,WC000054,52,60,0,60,2026/06/02 15:34:08,2026/06/02 16:34:08,,EQ-A040,9001,山田 太郎,0,50,96.2,0,0.0,2026/06/02 15:34:08,2026/06/02 16:45:12,,,,,,完了,2026/06/02 16:45:12
CASE-PO-000433,CASE-PN-000433,1,CASE-PO-000433_1,部品準備,A010,MB000101,MG001,WC000051,104,45,10,55,2026/06/15 08:30:00,2026/06/15 09:25:00,,EQ-A010,9005,高橋 四郎,10,101,97.1,2,1.9,2026/06/15 08:30:00,2026/06/15 09:22:15,,,,,,完了,2026/06/15 09:22:15
CASE-PO-000433,CASE-PN-000433,2,CASE-PO-000433_2,一次組立,A020,MB000101,MG001,WC000052,104,180,25,205,2026/06/15 14:43:31,2026/06/16 09:08:00,,EQ-A020,9005,高橋 四郎,25,102,98.1,1,1.0,2026/06/15 14:43:31,2026/06/16 08:57:16,,,,,,完了,2026/06/16 08:57:16
CASE-PO-000433,CASE-PN-000433,3,CASE-PO-000433_3,二次組立,A030,MB000101,MG001,WC000053,104,150,20,170,2026/06/16 13:57:57,2026/06/16 16:47:57,,EQ-A030,9005,高橋 四郎,20,103,99.0,1,1.0,2026/06/16 13:57:57,2026/06/16 16:31:53,,,,,,完了,2026/06/16 16:31:53
CASE-PO-000433,CASE-PN-000433,4,CASE-PO-000433_4,完成検査,A040,MB000101,MG001,WC000054,104,60,0,60,2026/06/17 02:01:27,2026/06/17 09:30:00,,EQ-A040,9005,高橋 四郎,0,102,98.1,2,1.9,2026/06/17 08:30:00,2026/06/17 09:39:28,,,,,,完了,2026/06/17 09:39:28
CASE-PO-000434,CASE-PN-000434,1,CASE-PO-000434_1,部品準備,A010,MB000103,MG001,WC000051,89,45,10,55,2026/05/18 08:30:00,2026/05/18 09:25:00,,EQ-A010,9003,佐藤 次郎,10,87,97.8,1,1.1,2026/05/18 08:30:00,2026/05/18 09:15:38,,,,,,完了,2026/05/18 09:15:38
CASE-PO-000434,CASE-PN-000434,2,CASE-PO-000434_2,一次組立,A020,MB000103,MG001,WC000052,89,180,25,205,2026/05/18 15:05:37,2026/05/19 09:30:00,,EQ-A020,9003,佐藤 次郎,25,88,98.9,1,1.1,2026/05/18 15:05:37,2026/05/19 09:15:01,,,,,,完了,2026/05/19 09:15:01
CASE-PO-000434,CASE-PN-000434,3,CASE-PO-000434_3,二次組立,A030,MB000103,MG001,WC000053,89,150,20,170,2026/05/19 18:24:41,2026/05/20 11:20:00,,EQ-A030,9003,佐藤 次郎,20,87,97.8,1,1.1,2026/05/20 08:30:00,2026/05/20 10:48:41,,,,,,完了,2026/05/20 10:48:41
CASE-PO-000434,CASE-PN-000434,4,CASE-PO-000434_4,完成検査,A040,MB000103,MG001,WC000054,89,60,0,60,2026/05/20 19:01:42,2026/05/21 09:30:00,,EQ-A040,9003,佐藤 次郎,0,89,100.0,0,0.0,2026/05/21 08:30:00,2026/05/21 09:28:02,,,,,,完了,2026/05/21 09:28:02
CASE-PO-000435,CASE-PN-000435,1,CASE-PO-000435_1,部品準備,A010,MB000103,MG001,WC000051,90,45,10,55,2026/05/13 08:30:00,2026/05/13 09:25:00,,EQ-A010,9004,田中 三郎,10,88,97.8,0,0.0,2026/05/13 08:30:00,2026/05/13 09:08:42,,,,,,完了,2026/05/13 09:08:42
CASE-PO-000435,CASE-PN-000435,2,CASE-PO-000435_2,一次組立,A020,MB000103,MG001,WC000052,90,180,25,205,2026/05/13 12:48:40,2026/05/13 16:13:40,,EQ-A020,9004,田中 三郎,25,88,97.8,1,1.1,2026/05/13 12:48:40,2026/05/13 16:00:12,,,,,,完了,2026/05/13 16:00:12
CASE-PO-000435,CASE-PN-000435,3,CASE-PO-000435_3,二次組立,A030,MB000103,MG001,WC000053,90,150,20,170,2026/05/13 18:54:01,2026/05/14 11:20:00,,EQ-A030,9004,田中 三郎,20,90,100.0,1,1.1,2026/05/14 08:30:00,2026/05/14 11:29:38,,,,,,完了,2026/05/14 11:29:38
CASE-PO-000435,CASE-PN-000435,4,CASE-PO-000435_4,完成検査,A040,MB000103,MG001,WC000054,90,60,0,60,2026/05/14 17:21:20,2026/05/15 09:21:00,,EQ-A040,9004,田中 三郎,0,90,100.0,2,2.2,2026/05/14 17:21:20,2026/05/15 09:34:24,,,,,,完了,2026/05/15 09:34:24
CASE-PO-000436,CASE-PN-000436,1,CASE-PO-000436_1,部品準備,A010,MB000103,MG001,WC000051,68,45,10,55,2026/06/01 08:30:00,2026/06/01 09:25:00,,EQ-A010,9005,高橋 四郎,10,66,97.1,1,1.5,2026/06/01 08:30:00,2026/06/01 09:21:54,,,,,,完了,2026/06/01 09:21:54
CASE-PO-000436,CASE-PN-000436,2,CASE-PO-000436_2,一次組立,A020,MB000103,MG001,WC000052,68,180,25,205,2026/06/01 10:24:35,2026/06/01 13:49:35,,EQ-A020,9005,高橋 四郎,25,67,98.5,1,1.5,2026/06/01 10:24:35,2026/06/01 13:50:09,,,,,,完了,2026/06/01 13:50:09
CASE-PO-000436,CASE-PN-000436,3,CASE-PO-000436_3,二次組立,A030,MB000103,MG001,WC000053,68,150,20,170,2026/06/01 16:04:55,2026/06/02 09:54:00,,EQ-A030,9005,高橋 四郎,20,66,97.1,0,0.0,2026/06/01 16:04:55,2026/06/02 09:23:36,,,,,,完了,2026/06/02 09:23:36
CASE-PO-000436,CASE-PN-000436,4,CASE-PO-000436_4,完成検査,A040,MB000103,MG001,WC000054,68,60,0,60,2026/06/02 12:01:47,2026/06/02 13:01:47,,EQ-A040,9005,高橋 四郎,,,,,,2026/06/02 12:01:47,,,,,,,生産中,2026/06/02 13:01:47
CASE-PO-000437,CASE-PN-000437,1,CASE-PO-000437_1,部品準備,A010,MB000103,MG001,WC000051,48,45,10,55,2026/07/01 08:30:00,2026/07/01 09:25:00,,EQ-A010,9003,佐藤 次郎,10,47,97.9,0,0.0,2026/07/01 08:30:00,2026/07/01 09:12:22,,,,,,完了,2026/07/01 09:12:22
CASE-PO-000437,CASE-PN-000437,2,CASE-PO-000437_2,一次組立,A020,MB000103,MG001,WC000052,48,180,25,205,2026/07/01 13:48:45,2026/07/01 17:13:45,,EQ-A020,9003,佐藤 次郎,25,48,100.0,1,2.1,2026/07/01 13:48:45,2026/07/01 16:40:44,,,,,,完了,2026/07/01 16:40:44
CASE-PO-000437,CASE-PN-000437,3,CASE-PO-000437_3,二次組立,A030,MB000103,MG001,WC000053,48,150,20,170,2026/07/02 04:02:39,2026/07/02 11:20:00,,EQ-A030,9003,佐藤 次郎,20,47,97.9,0,0.0,2026/07/02 08:30:00,2026/07/02 11:29:13,,,,,,完了,2026/07/02 11:29:13
CASE-PO-000437,CASE-PN-000437,4,CASE-PO-000437_4,完成検査,A040,MB000103,MG001,WC000054,48,60,0,60,2026/07/02 13:01:01,2026/07/02 14:01:01,,EQ-A040,9003,佐藤 次郎,0,47,97.9,1,2.1,2026/07/02 13:01:01,2026/07/02 14:00:10,,,,,,完了,2026/07/02 14:00:10
CASE-PO-000438,CASE-PN-000438,1,CASE-PO-000438_1,部品準備,A010,MB000101,MG001,WC000051,94,45,10,55,2026/06/01 08:30:00,2026/06/01 09:25:00,,EQ-A010,9004,田中 三郎,10,91,96.8,0,0.0,2026/06/01 08:30:00,2026/06/01 09:11:37,,,,,,完了,2026/06/01 09:11:37
CASE-PO-000438,CASE-PN-000438,2,CASE-PO-000438_2,一次組立,A020,MB000101,MG001,WC000052,94,180,25,205,2026/06/01 16:36:55,2026/06/02 11:01:00,,EQ-A020,9004,田中 三郎,25,91,96.8,1,1.1,2026/06/01 16:36:55,2026/06/02 11:13:06,,,,,,完了,2026/06/02 11:13:06
CASE-PO-000438,CASE-PN-000438,3,CASE-PO-000438_3,二次組立,A030,MB000101,MG001,WC000053,94,150,20,170,2026/06/02 19:02:03,2026/06/03 11:20:00,,EQ-A030,9004,田中 三郎,20,94,100.0,0,0.0,2026/06/03 08:30:00,2026/06/03 11:11:39,,,,,,完了,2026/06/03 11:11:39
CASE-PO-000438,CASE-PN-000438,4,CASE-PO-000438_4,完成検査,A040,MB000101,MG001,WC000054,94,60,0,60,2026/06/03 21:04:15,2026/06/04 09:30:00,,EQ-A040,9004,田中 三郎,,,,,,2026/06/04 08:30:00,,,,,,,生産中,2026/06/04 09:30:00
CASE-PO-000439,CASE-PN-000439,1,CASE-PO-000439_1,部品準備,A010,MB000103,MG001,WC000051,69,45,10,55,2026/05/22 08:30:00,2026/05/22 09:25:00,,EQ-A010,9002,鈴木 花子,10,68,98.6,0,0.0,2026/05/22 08:30:00,2026/05/22 09:18:25,,,,,,完了,2026/05/22 09:18:25
CASE-PO-000439,CASE-PN-000439,2,CASE-PO-000439_2,一次組立,A020,MB000103,MG001,WC000052,69,180,25,205,2026/05/22 13:30:27,2026/05/22 16:55:27,,EQ-A020,9002,鈴木 花子,25,68,98.6,1,1.4,2026/05/22 13:30:27,2026/05/22 16:40:03,,,,,,完了,2026/05/22 16:40:03
CASE-PO-000439,CASE-PN-000439,3,CASE-PO-000439_3,二次組立,A030,MB000103,MG001,WC000053,69,150,20,170,2026/05/22 18:57:46,2026/05/25 11:20:00,,EQ-A030,9002,鈴木 花子,20,68,98.6,1,1.4,2026/05/25 08:30:00,2026/05/25 11:16:36,,,,,,完了,2026/05/25 11:16:36
CASE-PO-000439,CASE-PN-000439,4,CASE-PO-000439_4,完成検査,A040,MB000103,MG001,WC000054,69,60,0,60,2026/05/25 19:44:39,2026/05/26 09:30:00,,EQ-A040,9002,鈴木 花子,0,68,98.6,0,0.0,2026/05/26 08:30:00,2026/05/26 09:31:41,,,,,,完了,2026/05/26 09:31:41
CASE-PO-000440,CASE-PN-000440,1,CASE-PO-000440_1,部品準備,A010,MB000103,MG001,WC000051,51,45,10,55,2026/06/10 08:30:00,2026/06/10 09:25:00,,EQ-A010,9005,高橋 四郎,10,50,98.0,0,0.0,2026/06/10 08:30:00,2026/06/10 09:12:02,,,,,,完了,2026/06/10 09:12:02
CASE-PO-000440,CASE-PN-000440,2,CASE-PO-000440_2,一次組立,A020,MB000103,MG001,WC000052,51,180,25,205,2026/06/10 10:41:44,2026/06/10 14:06:44,,EQ-A020,9005,高橋 四郎,25,51,100.0,0,0.0,2026/06/10 10:41:44,2026/06/10 13:51:13,,,,,,完了,2026/06/10 13:51:13
CASE-PO-000440,CASE-PN-000440,3,CASE-PO-000440_3,二次組立,A030,MB000103,MG001,WC000053,51,150,20,170,2026/06/10 17:28:36,2026/06/11 11:18:00,,EQ-A030,9005,高橋 四郎,20,51,100.0,1,2.0,2026/06/10 17:28:36,2026/06/11 11:25:40,,,,,,完了,2026/06/11 11:25:40
CASE-PO-000440,CASE-PN-000440,4,CASE-PO-000440_4,完成検査,A040,MB000103,MG001,WC000054,51,60,0,60,2026/06/11 18:11:35,2026/06/12 09:30:00,,EQ-A040,9005,高橋 四郎,0,50,98.0,0,0.0,2026/06/12 08:30:00,2026/06/12 09:38:47,,,,,,完了,2026/06/12 09:38:47
CASE-PO-000441,CASE-PN-000441,1,CASE-PO-000441_1,部品準備,A010,MB000101,MG001,WC000051,86,45,10,55,2026/06/09 08:30:00,2026/06/09 09:25:00,,EQ-A010,9002,鈴木 花子,10,84,97.7,1,1.2,2026/06/09 08:30:00,2026/06/09 09:12:14,,,,,,完了,2026/06/09 09:12:14
CASE-PO-000441,CASE-PN-000441,2,CASE-PO-000441_2,一次組立,A020,MB000101,MG001,WC000052,86,180,25,205,2026/06/09 14:28:42,2026/06/10 08:53:00,,EQ-A020,9002,鈴木 花子,25,85,98.8,1,1.2,2026/06/09 14:28:42,2026/06/09 17:18:33,,,,,,完了,2026/06/09 17:18:33
CASE-PO-000441,CASE-PN-000441,3,CASE-PO-000441_3,二次組立,A030,MB000101,MG001,WC000053,86,150,20,170,2026/06/09 22:40:26,2026/06/10 11:20:00,,EQ-A030,9002,鈴木 花子,20,85,98.8,1,1.2,2026/06/10 08:30:00,2026/06/10 11:06:04,,,,,,完了,2026/06/10 11:06:04
CASE-PO-000441,CASE-PN-000441,4,CASE-PO-000441_4,完成検査,A040,MB000101,MG001,WC000054,86,60,0,60,2026/06/10 12:59:19,2026/06/10 13:59:19,,EQ-A040,9002,鈴木 花子,0,83,96.5,0,0.0,2026/06/10 12:59:19,2026/06/10 13:58:31,,,,,,完了,2026/06/10 13:58:31
CASE-PO-000442,CASE-PN-000442,1,CASE-PO-000442_1,部品準備,A010,MB000101,MG001,WC000051,63,45,10,55,2026/06/25 08:30:00,2026/06/25 09:25:00,,EQ-A010,9002,鈴木 花子,10,62,98.4,1,1.6,2026/06/25 08:30:00,2026/06/25 09:16:35,,,,,,完了,2026/06/25 09:16:35
CASE-PO-000442,CASE-PN-000442,2,CASE-PO-000442_2,一次組立,A020,MB000101,MG001,WC000052,63,180,25,205,2026/06/25 11:14:18,2026/06/25 14:39:18,,EQ-A020,9002,鈴木 花子,25,62,98.4,0,0.0,2026/06/25 11:14:18,2026/06/25 14:33:47,,,,,,完了,2026/06/25 14:33:47
CASE-PO-000442,CASE-PN-000442,3,CASE-PO-000442_3,二次組立,A030,MB000101,MG001,WC000053,63,150,20,170,2026/06/25 21:55:01,2026/06/26 11:20:00,,EQ-A030,9002,鈴木 花子,20,62,98.4,0,0.0,2026/06/26 08:30:00,2026/06/26 11:23:41,,,,,,完了,2026/06/26 11:23:41
CASE-PO-000442,CASE-PN-000442,4,CASE-PO-000442_4,完成検査,A040,MB000101,MG001,WC000054,63,60,0,60,2026/06/26 20:43:03,2026/06/29 09:30:00,,EQ-A040,9002,鈴木 花子,0,61,96.8,0,0.0,2026/06/29 08:30:00,2026/06/29 09:23:35,,,,,,完了,2026/06/29 09:23:35
CASE-PO-000443,CASE-PN-000443,1,CASE-PO-000443_1,部品準備,A010,MB000102,MG001,WC000051,80,45,10,55,2026/05/21 08:30:00,2026/05/21 09:25:00,,EQ-A010,9005,高橋 四郎,10,79,98.8,0,0.0,2026/05/21 08:30:00,2026/05/21 09:09:27,,,,,,完了,2026/05/21 09:09:27
CASE-PO-000443,CASE-PN-000443,2,CASE-PO-000443_2,一次組立,A020,MB000102,MG001,WC000052,80,180,25,205,2026/05/21 16:49:14,2026/05/22 11:14:00,,EQ-A020,9005,高橋 四郎,25,79,98.8,0,0.0,2026/05/21 16:49:14,2026/05/22 11:29:53,,,,,,完了,2026/05/22 11:29:53
CASE-PO-000443,CASE-PN-000443,3,CASE-PO-000443_3,二次組立,A030,MB000102,MG001,WC000053,80,150,20,170,2026/05/22 15:43:45,2026/05/25 09:33:00,,EQ-A030,9005,高橋 四郎,20,79,98.8,1,1.3,2026/05/22 15:43:45,2026/05/25 09:15:01,,,,,,完了,2026/05/25 09:15:01
CASE-PO-000443,CASE-PN-000443,4,CASE-PO-000443_4,完成検査,A040,MB000102,MG001,WC000054,80,60,0,60,2026/05/25 16:03:11,2026/05/25 17:03:11,,EQ-A040,9005,高橋 四郎,0,79,98.8,1,1.3,2026/05/25 16:03:11,2026/05/25 16:55:02,,,,,,完了,2026/05/25 16:55:02
CASE-PO-000444,CASE-PN-000444,1,CASE-PO-000444_1,部品準備,A010,MB000101,MG001,WC000051,81,45,10,55,2026/06/18 08:30:00,2026/06/18 09:25:00,,EQ-A010,9003,佐藤 次郎,10,79,97.5,1,1.2,2026/06/18 08:30:00,2026/06/18 09:18:43,,,,,,完了,2026/06/18 09:18:43
CASE-PO-000444,CASE-PN-000444,2,CASE-PO-000444_2,一次組立,A020,MB000101,MG001,WC000052,81,180,25,205,2026/06/18 14:41:40,2026/06/19 09:06:00,,EQ-A020,9003,佐藤 次郎,25,80,98.8,1,1.2,2026/06/18 14:41:40,2026/06/18 17:22:38,,,,,,完了,2026/06/18 17:22:38
CASE-PO-000444,CASE-PN-000444,3,CASE-PO-000444_3,二次組立,A030,MB000101,MG001,WC000053,81,150,20,170,2026/06/19 00:44:31,2026/06/19 11:20:00,,EQ-A030,9003,佐藤 次郎,20,80,98.8,1,1.2,2026/06/19 08:30:00,2026/06/19 11:35:24,,,,,,完了,2026/06/19 11:35:24
CASE-PO-000444,CASE-PN-000444,4,CASE-PO-000444_4,完成検査,A040,MB000101,MG001,WC000054,81,60,0,60,2026/06/19 21:07:27,2026/06/22 09:30:00,,EQ-A040,9003,佐藤 次郎,0,79,97.5,0,0.0,2026/06/22 08:30:00,2026/06/22 09:39:47,,,,,,完了,2026/06/22 09:39:47
CASE-PO-000445,CASE-PN-000445,1,CASE-PO-000445_1,部品準備,A010,MB000101,MG001,WC000051,56,45,10,55,2026/05/18 08:30:00,2026/05/18 09:25:00,,EQ-A010,9004,田中 三郎,10,55,98.2,1,1.8,2026/05/18 08:30:00,2026/05/18 09:11:05,,,,,,完了,2026/05/18 09:11:05
CASE-PO-000445,CASE-PN-000445,2,CASE-PO-000445_2,一次組立,A020,MB000101,MG001,WC000052,56,180,25,205,2026/05/18 16:55:37,2026/05/19 11:20:00,,EQ-A020,9004,田中 三郎,25,55,98.2,1,1.8,2026/05/18 16:55:37,2026/05/19 10:49:36,,,,,,完了,2026/05/19 10:49:36
CASE-PO-000445,CASE-PN-000445,3,CASE-PO-000445_3,二次組立,A030,MB000101,MG001,WC000053,56,150,20,170,2026/05/19 20:57:37,2026/05/20 11:20:00,,EQ-A030,9004,田中 三郎,20,55,98.2,1,1.8,2026/05/20 08:30:00,2026/05/20 11:09:49,,,,,,完了,2026/05/20 11:09:49
CASE-PO-000445,CASE-PN-000445,4,CASE-PO-000445_4,完成検査,A040,MB000101,MG001,WC000054,56,60,0,60,2026/05/20 18:59:05,2026/05/21 09:30:00,,EQ-A040,9004,田中 三郎,0,56,100.0,1,1.8,2026/05/21 08:30:00,2026/05/21 09:41:59,,,,,,完了,2026/05/21 09:41:59
CASE-PO-000446,CASE-PN-000446,1,CASE-PO-000446_1,部品準備,A010,MB000102,MG001,WC000051,163,45,10,55,2026/06/18 08:30:00,2026/06/18 09:25:00,,EQ-A010,9004,田中 三郎,10,163,100.0,3,1.8,2026/06/18 08:30:00,2026/06/18 09:16:27,,,,,,完了,2026/06/18 09:16:27
CASE-PO-000446,CASE-PN-000446,2,CASE-PO-000446_2,一次組立,A020,MB000102,MG001,WC000052,163,180,25,205,2026/06/18 15:49:07,2026/06/19 10:14:00,,EQ-A020,9004,田中 三郎,25,163,100.0,3,1.8,2026/06/18 15:49:07,2026/06/19 09:30:52,,,,,,完了,2026/06/19 09:30:52
CASE-PO-000446,CASE-PN-000446,3,CASE-PO-000446_3,二次組立,A030,MB000102,MG001,WC000053,163,150,20,170,2026/06/19 12:14:39,2026/06/19 15:04:39,,EQ-A030,9004,田中 三郎,20,162,99.4,1,0.6,2026/06/19 12:14:39,2026/06/19 15:08:53,,,,,,完了,2026/06/19 15:08:53
CASE-PO-000446,CASE-PN-000446,4,CASE-PO-000446_4,完成検査,A040,MB000102,MG001,WC000054,163,60,0,60,2026/06/19 19:00:32,2026/06/22 09:30:00,,EQ-A040,9004,田中 三郎,0,159,97.5,2,1.2,2026/06/22 08:30:00,2026/06/22 09:36:00,,,,,,完了,2026/06/22 09:36:00
CASE-PO-000447,CASE-PN-000447,1,CASE-PO-000447_1,部品準備,A010,MB000103,MG001,WC000051,59,45,10,55,2026/05/11 08:30:00,2026/05/11 09:25:00,,EQ-A010,9001,山田 太郎,10,58,98.3,1,1.7,2026/05/11 08:30:00,2026/05/11 09:11:22,,,,,,完了,2026/05/11 09:11:22
CASE-PO-000447,CASE-PN-000447,2,CASE-PO-000447_2,一次組立,A020,MB000103,MG001,WC000052,59,180,25,205,2026/05/11 12:19:34,2026/05/11 15:44:34,,EQ-A020,9001,山田 太郎,25,58,98.3,0,0.0,2026/05/11 12:19:34,2026/05/11 15:18:01,,,,,,完了,2026/05/11 15:18:01
CASE-PO-000447,CASE-PN-000447,3,CASE-PO-000447_3,二次組立,A030,MB000103,MG001,WC000053,59,150,20,170,2026/05/12 02:48:45,2026/05/12 11:20:00,,EQ-A030,9001,山田 太郎,20,58,98.3,0,0.0,2026/05/12 08:30:00,2026/05/12 10:45:49,,,,,,完了,2026/05/12 10:45:49
CASE-PO-000447,CASE-PN-000447,4,CASE-PO-000447_4,完成検査,A040,MB000103,MG001,WC000054,59,60,0,60,2026/05/12 13:05:19,2026/05/12 14:05:19,,EQ-A040,9001,山田 太郎,0,58,98.3,0,0.0,2026/05/12 13:05:19,2026/05/12 14:07:21,,,,,,完了,2026/05/12 14:07:21
CASE-PO-000448,CASE-PN-000448,1,CASE-PO-000448_1,部品準備,A010,MB000102,MG001,WC000051,186,45,10,55,2026/05/21 08:30:00,2026/05/21 09:25:00,,EQ-A010,9004,田中 三郎,10,185,99.5,3,1.6,2026/05/21 08:30:00,2026/05/21 09:24:00,,,,,,完了,2026/05/21 09:24:00
CASE-PO-000448,CASE-PN-000448,2,CASE-PO-000448_2,一次組立,A020,MB000102,MG001,WC000052,186,180,25,205,2026/05/21 12:42:29,2026/05/21 16:07:29,,EQ-A020,9004,田中 三郎,25,182,97.8,2,1.1,2026/05/21 12:42:29,2026/05/21 15:19:08,,,,,,完了,2026/05/21 15:19:08
CASE-PO-000448,CASE-PN-000448,3,CASE-PO-000448_3,二次組立,A030,MB000102,MG001,WC000053,186,150,20,170,2026/05/21 19:44:31,2026/05/22 11:20:00,,EQ-A030,9004,田中 三郎,20,181,97.3,1,0.5,2026/05/22 08:30:00,2026/05/22 11:31:09,,,,,,完了,2026/05/22 11:31:09
CASE-PO-000448,CASE-PN-000448,4,CASE-PO-000448_4,完成検査,A040,MB000102,MG001,WC000054,186,60,0,60,2026/05/22 20:44:38,2026/05/25 09:30:00,,EQ-A040,9004,田中 三郎,0,183,98.4,1,0.5,2026/05/25 08:30:00,2026/05/25 09:39:48,,,,,,完了,2026/05/25 09:39:48
CASE-PO-000449,CASE-PN-000449,1,CASE-PO-000449_1,部品準備,A010,MB000103,MG001,WC000051,35,45,10,55,2026/05/15 08:30:00,2026/05/15 09:25:00,,EQ-A010,9005,高橋 四郎,10,34,97.1,1,2.9,2026/05/15 08:30:00,2026/05/15 09:10:17,,,,,,完了,2026/05/15 09:10:17
CASE-PO-000449,CASE-PN-000449,2,CASE-PO-000449_2,一次組立,A020,MB000103,MG001,WC000052,35,180,25,205,2026/05/15 15:34:12,2026/05/18 09:59:00,,EQ-A020,9005,高橋 四郎,25,35,100.0,1,2.9,2026/05/15 15:34:12,2026/05/18 10:14:03,,,,,,完了,2026/05/18 10:14:03
CASE-PO-000449,CASE-PN-000449,3,CASE-PO-000449_3,二次組立,A030,MB000103,MG001,WC000053,35,150,20,170,2026/05/18 16:11:42,2026/05/19 10:01:00,,EQ-A030,9005,高橋 四郎,20,35,100.0,0,0.0,2026/05/18 16:11:42,2026/05/19 09:54:10,,,,,,完了,2026/05/19 09:54:10
CASE-PO-000449,CASE-PN-000449,4,CASE-PO-000449_4,完成検査,A040,MB000103,MG001,WC000054,35,60,0,60,2026/05/19 18:09:49,2026/05/20 09:30:00,,EQ-A040,9005,高橋 四郎,0,35,100.0,1,2.9,2026/05/20 08:30:00,2026/05/20 09:35:21,,,,,,完了,2026/05/20 09:35:21
CASE-PO-000450,CASE-PN-000450,1,CASE-PO-000450_1,部品準備,A010,MB000103,MG001,WC000051,89,45,10,55,2026/07/06 08:30:00,2026/07/06 09:25:00,,EQ-A010,9005,高橋 四郎,10,89,100.0,1,1.1,2026/07/06 08:30:00,2026/07/06 09:17:00,,,,,,完了,2026/07/06 09:17:00
CASE-PO-000450,CASE-PN-000450,2,CASE-PO-000450_2,一次組立,A020,MB000103,MG001,WC000052,89,180,25,205,2026/07/06 16:38:10,2026/07/07 11:03:00,,EQ-A020,9005,高橋 四郎,25,86,96.6,1,1.1,2026/07/06 16:38:10,2026/07/07 10:19:57,,,,,,完了,2026/07/07 10:19:57
CASE-PO-000450,CASE-PN-000450,3,CASE-PO-000450_3,二次組立,A030,MB000103,MG001,WC000053,89,150,20,170,2026/07/07 17:15:27,2026/07/08 11:05:00,,EQ-A030,9005,高橋 四郎,20,89,100.0,1,1.1,2026/07/07 17:15:27,2026/07/08 10:35:41,,,,,,完了,2026/07/08 10:35:41
CASE-PO-000450,CASE-PN-000450,4,CASE-PO-000450_4,完成検査,A040,MB000103,MG001,WC000054,89,60,0,60,2026/07/08 13:07:45,2026/07/08 14:07:45,,EQ-A040,9005,高橋 四郎,0,86,96.6,1,1.1,2026/07/08 13:07:45,2026/07/08 14:01:02,,,,,,完了,2026/07/08 14:01:02
CASE-PO-000451,CASE-PN-000451,1,CASE-PO-000451_1,部品準備,A010,MB000102,MG001,WC000051,151,45,10,55,2026/06/29 08:30:00,2026/06/29 09:25:00,,EQ-A010,9002,鈴木 花子,10,148,98.0,2,1.3,2026/06/29 08:30:00,2026/06/29 09:09:43,,,,,,完了,2026/06/29 09:09:43
CASE-PO-000451,CASE-PN-000451,2,CASE-PO-000451_2,一次組立,A020,MB000102,MG001,WC000052,151,180,25,205,2026/06/29 11:20:22,2026/06/29 14:45:22,,EQ-A020,9002,鈴木 花子,25,147,97.4,2,1.3,2026/06/29 11:20:22,2026/06/29 14:13:09,,,,,,完了,2026/06/29 14:13:09
CASE-PO-000451,CASE-PN-000451,3,CASE-PO-000451_3,二次組立,A030,MB000102,MG001,WC000053,151,150,20,170,2026/06/29 17:43:53,2026/06/30 11:20:00,,EQ-A030,9002,鈴木 花子,20,147,97.4,1,0.7,2026/06/30 08:30:00,2026/06/30 10:58:32,,,,,,完了,2026/06/30 10:58:32
CASE-PO-000451,CASE-PN-000451,4,CASE-PO-000451_4,完成検査,A040,MB000102,MG001,WC000054,151,60,0,60,2026/06/30 12:16:25,2026/06/30 13:16:25,,EQ-A040,9002,鈴木 花子,0,150,99.3,0,0.0,2026/06/30 12:16:25,2026/06/30 13:10:45,,,,,,完了,2026/06/30 13:10:45
CASE-PO-000452,CASE-PN-000452,1,CASE-PO-000452_1,部品準備,A010,MB000103,MG001,WC000051,51,45,10,55,2026/06/22 08:30:00,2026/06/22 09:25:00,,EQ-A010,9004,田中 三郎,10,51,100.0,1,2.0,2026/06/22 08:30:00,2026/06/22 09:16:06,,,,,,完了,2026/06/22 09:16:06
CASE-PO-000452,CASE-PN-000452,2,CASE-PO-000452_2,一次組立,A020,MB000103,MG001,WC000052,51,180,25,205,2026/06/22 12:19:53,2026/06/22 15:44:53,,EQ-A020,9004,田中 三郎,25,50,98.0,1,2.0,2026/06/22 12:19:53,2026/06/22 15:09:09,,,,,,完了,2026/06/22 15:09:09
CASE-PO-000452,CASE-PN-000452,3,CASE-PO-000452_3,二次組立,A030,MB000103,MG001,WC000053,51,150,20,170,2026/06/23 03:07:01,2026/06/23 11:20:00,,EQ-A030,9004,田中 三郎,20,50,98.0,1,2.0,2026/06/23 08:30:00,2026/06/23 10:44:15,,,,,,完了,2026/06/23 10:44:15
CASE-PO-000452,CASE-PN-000452,4,CASE-PO-000452_4,完成検査,A040,MB000103,MG001,WC000054,51,60,0,60,2026/06/23 13:30:23,2026/06/23 14:30:23,,EQ-A040,9004,田中 三郎,0,50,98.0,1,2.0,2026/06/23 13:30:23,2026/06/23 14:43:42,,,,,,完了,2026/06/23 14:43:42
CASE-PO-000453,CASE-PN-000453,1,CASE-PO-000453_1,部品準備,A010,MB000101,MG001,WC000051,80,45,10,55,2026/05/21 08:30:00,2026/05/21 09:25:00,,EQ-A010,9003,佐藤 次郎,10,78,97.5,1,1.3,2026/05/21 08:30:00,2026/05/21 09:24:59,,,,,,完了,2026/05/21 09:24:59
CASE-PO-000453,CASE-PN-000453,2,CASE-PO-000453_2,一次組立,A020,MB000101,MG001,WC000052,80,180,25,205,2026/05/21 11:16:46,2026/05/21 14:41:46,,EQ-A020,9003,佐藤 次郎,25,80,100.0,1,1.3,2026/05/21 11:16:46,2026/05/21 14:50:08,,,,,,完了,2026/05/21 14:50:08
CASE-PO-000453,CASE-PN-000453,3,CASE-PO-000453_3,二次組立,A030,MB000101,MG001,WC000053,80,150,20,170,2026/05/22 00:41:49,2026/05/22 11:20:00,,EQ-A030,9003,佐藤 次郎,20,80,100.0,1,1.3,2026/05/22 08:30:00,2026/05/22 11:32:50,,,,,,完了,2026/05/22 11:32:50
CASE-PO-000453,CASE-PN-000453,4,CASE-PO-000453_4,完成検査,A040,MB000101,MG001,WC000054,80,60,0,60,2026/05/22 15:33:37,2026/05/22 16:33:37,,EQ-A040,9003,佐藤 次郎,0,78,97.5,1,1.3,2026/05/22 15:33:37,2026/05/22 16:38:23,,,,,,完了,2026/05/22 16:38:23
CASE-PO-000454,CASE-PN-000454,1,CASE-PO-000454_1,部品準備,A010,MB000101,MG001,WC000051,44,45,10,55,2026/06/01 08:30:00,2026/06/01 09:25:00,,EQ-A010,9004,田中 三郎,10,44,100.0,0,0.0,2026/06/01 08:30:00,2026/06/01 09:20:57,,,,,,完了,2026/06/01 09:20:57
CASE-PO-000454,CASE-PN-000454,2,CASE-PO-000454_2,一次組立,A020,MB000101,MG001,WC000052,44,180,25,205,2026/06/01 16:33:12,2026/06/02 10:58:00,,EQ-A020,9004,田中 三郎,25,44,100.0,0,0.0,2026/06/01 16:33:12,2026/06/02 10:41:05,,,,,,完了,2026/06/02 10:41:05
CASE-PO-000454,CASE-PN-000454,3,CASE-PO-000454_3,二次組立,A030,MB000101,MG001,WC000053,44,150,20,170,2026/06/02 20:57:40,2026/06/03 11:20:00,,EQ-A030,9004,田中 三郎,,,,,,2026/06/03 08:30:00,,,,,,,生産中,2026/06/03 11:20:00
CASE-PO-000454,CASE-PN-000454,4,CASE-PO-000454_4,完成検査,A040,MB000101,MG001,WC000054,44,60,0,60,2026/06/03 17:54:48,2026/06/04 09:30:00,,EQ-A040,9004,田中 三郎,,,,,,,,,,,,,開始待ち,2026/06/04 09:30:00
CASE-PO-000455,CASE-PN-000455,1,CASE-PO-000455_1,部品準備,A010,MB000103,MG001,WC000051,81,45,10,55,2026/06/22 08:30:00,2026/06/22 09:25:00,,EQ-A010,9001,山田 太郎,10,80,98.8,0,0.0,2026/06/22 08:30:00,2026/06/22 09:10:51,,,,,,完了,2026/06/22 09:10:51
CASE-PO-000455,CASE-PN-000455,2,CASE-PO-000455_2,一次組立,A020,MB000103,MG001,WC000052,81,180,25,205,2026/06/22 16:58:56,2026/06/23 11:23:00,,EQ-A020,9001,山田 太郎,25,79,97.5,1,1.2,2026/06/22 16:58:56,2026/06/23 11:41:42,,,,,,完了,2026/06/23 11:41:42
CASE-PO-000455,CASE-PN-000455,3,CASE-PO-000455_3,二次組立,A030,MB000103,MG001,WC000053,81,150,20,170,2026/06/23 16:58:51,2026/06/24 10:48:00,,EQ-A030,9001,山田 太郎,20,80,98.8,2,2.5,2026/06/23 16:58:51,2026/06/24 10:53:24,,,,,,完了,2026/06/24 10:53:24
CASE-PO-000455,CASE-PN-000455,4,CASE-PO-000455_4,完成検査,A040,MB000103,MG001,WC000054,81,60,0,60,2026/06/24 20:52:56,2026/06/25 09:30:00,,EQ-A040,9001,山田 太郎,0,80,98.8,1,1.2,2026/06/25 08:30:00,2026/06/25 09:28:40,,,,,,完了,2026/06/25 09:28:40
CASE-PO-000456,CASE-PN-000456,1,CASE-PO-000456_1,部品準備,A010,MB000102,MG001,WC000051,89,45,10,55,2026/05/08 08:30:00,2026/05/08 09:25:00,,EQ-A010,9005,高橋 四郎,10,88,98.9,0,0.0,2026/05/08 08:30:00,2026/05/08 09:23:41,,,,,,完了,2026/05/08 09:23:41
CASE-PO-000456,CASE-PN-000456,2,CASE-PO-000456_2,一次組立,A020,MB000102,MG001,WC000052,89,180,25,205,2026/05/08 12:12:14,2026/05/08 15:37:14,,EQ-A020,9005,高橋 四郎,25,88,98.9,1,1.1,2026/05/08 12:12:14,2026/05/08 15:35:02,,,,,,完了,2026/05/08 15:35:02
CASE-PO-000456,CASE-PN-000456,3,CASE-PO-000456_3,二次組立,A030,MB000102,MG001,WC000053,89,150,20,170,2026/05/09 02:51:10,2026/05/11 11:20:00,,EQ-A030,9005,高橋 四郎,20,89,100.0,1,1.1,2026/05/11 08:30:00,2026/05/11 10:40:37,,,,,,完了,2026/05/11 10:40:37
CASE-PO-000456,CASE-PN-000456,4,CASE-PO-000456_4,完成検査,A040,MB000102,MG001,WC000054,89,60,0,60,2026/05/11 18:39:46,2026/05/12 09:30:00,,EQ-A040,9005,高橋 四郎,0,88,98.9,1,1.1,2026/05/12 08:30:00,2026/05/12 09:39:11,,,,,,完了,2026/05/12 09:39:11
CASE-PO-000457,CASE-PN-000457,1,CASE-PO-000457_1,部品準備,A010,MB000103,MG001,WC000051,54,45,10,55,2026/06/03 08:30:00,2026/06/03 09:25:00,,EQ-A010,9004,田中 三郎,10,53,98.1,1,1.9,2026/06/03 08:30:00,2026/06/03 09:15:52,,,,,,完了,2026/06/03 09:15:52
CASE-PO-000457,CASE-PN-000457,2,CASE-PO-000457_2,一次組立,A020,MB000103,MG001,WC000052,54,180,25,205,2026/06/03 15:37:51,2026/06/04 10:02:00,,EQ-A020,9004,田中 三郎,25,53,98.1,1,1.9,2026/06/03 15:37:51,2026/06/04 10:17:36,,,,,,完了,2026/06/04 10:17:36
CASE-PO-000457,CASE-PN-000457,3,CASE-PO-000457_3,二次組立,A030,MB000103,MG001,WC000053,54,150,20,170,2026/06/04 21:00:34,2026/06/05 11:20:00,,EQ-A030,9004,田中 三郎,20,53,98.1,1,1.9,2026/06/05 08:30:00,2026/06/05 10:49:50,,,,,,完了,2026/06/05 10:49:50
CASE-PO-000457,CASE-PN-000457,4,CASE-PO-000457_4,完成検査,A040,MB000103,MG001,WC000054,54,60,0,60,2026/06/05 13:02:52,2026/06/05 14:02:52,,EQ-A040,9004,田中 三郎,0,53,98.1,1,1.9,2026/06/05 13:02:52,2026/06/05 14:10:41,,,,,,完了,2026/06/05 14:10:41
CASE-PO-000458,CASE-PN-000458,1,CASE-PO-000458_1,部品準備,A010,MB000102,MG001,WC000051,156,45,10,55,2026/05/13 08:30:00,2026/05/13 09:25:00,,EQ-A010,9005,高橋 四郎,10,152,97.4,1,0.6,2026/05/13 08:30:00,2026/05/13 09:22:09,,,,,,完了,2026/05/13 09:22:09
CASE-PO-000458,CASE-PN-000458,2,CASE-PO-000458_2,一次組立,A020,MB000102,MG001,WC000052,156,180,25,205,2026/05/13 12:26:19,2026/05/13 15:51:19,,EQ-A020,9005,高橋 四郎,25,152,97.4,2,1.3,2026/05/13 12:26:19,2026/05/13 15:27:10,,,,,,完了,2026/05/13 15:27:10
CASE-PO-000458,CASE-PN-000458,3,CASE-PO-000458_3,二次組立,A030,MB000102,MG001,WC000053,156,150,20,170,2026/05/13 17:34:31,2026/05/14 11:20:00,,EQ-A030,9005,高橋 四郎,20,155,99.4,2,1.3,2026/05/14 08:30:00,2026/05/14 10:55:07,,,,,,完了,2026/05/14 10:55:07
CASE-PO-000458,CASE-PN-000458,4,CASE-PO-000458_4,完成検査,A040,MB000102,MG001,WC000054,156,60,0,60,2026/05/14 18:07:38,2026/05/15 09:30:00,,EQ-A040,9005,高橋 四郎,0,154,98.7,1,0.6,2026/05/15 08:30:00,2026/05/15 09:24:24,,,,,,完了,2026/05/15 09:24:24
CASE-PO-000459,CASE-PN-000459,1,CASE-PO-000459_1,部品準備,A010,MB000103,MG001,WC000051,53,45,10,55,2026/05/11 08:30:00,2026/05/11 09:25:00,,EQ-A010,9004,田中 三郎,10,53,100.0,0,0.0,2026/05/11 08:30:00,2026/05/11 09:09:52,,,,,,完了,2026/05/11 09:09:52
CASE-PO-000459,CASE-PN-000459,2,CASE-PO-000459_2,一次組立,A020,MB000103,MG001,WC000052,53,180,25,205,2026/05/11 11:32:03,2026/05/11 14:57:03,,EQ-A020,9004,田中 三郎,25,53,100.0,1,1.9,2026/05/11 11:32:03,2026/05/11 14:11:14,,,,,,完了,2026/05/11 14:11:14
CASE-PO-000459,CASE-PN-000459,3,CASE-PO-000459_3,二次組立,A030,MB000103,MG001,WC000053,53,150,20,170,2026/05/11 17:26:18,2026/05/12 11:16:00,,EQ-A030,9004,田中 三郎,,,,,,2026/05/11 17:26:18,,,,,,,生産中,2026/05/12 11:16:00
CASE-PO-000459,CASE-PN-000459,4,CASE-PO-000459_4,完成検査,A040,MB000103,MG001,WC000054,53,60,0,60,2026/05/12 13:12:51,2026/05/12 14:12:51,,EQ-A040,9004,田中 三郎,,,,,,,,,,,,,開始待ち,2026/05/12 14:12:51
CASE-PO-000460,CASE-PN-000460,1,CASE-PO-000460_1,部品準備,A010,MB000103,MG001,WC000051,42,45,10,55,2026/06/08 08:30:00,2026/06/08 09:25:00,,EQ-A010,9004,田中 三郎,10,41,97.6,0,0.0,2026/06/08 08:30:00,2026/06/08 09:09:03,,,,,,完了,2026/06/08 09:09:03
CASE-PO-000460,CASE-PN-000460,2,CASE-PO-000460_2,一次組立,A020,MB000103,MG001,WC000052,42,180,25,205,2026/06/08 13:03:03,2026/06/08 16:28:03,,EQ-A020,9004,田中 三郎,25,41,97.6,0,0.0,2026/06/08 13:03:03,2026/06/08 16:08:24,,,,,,完了,2026/06/08 16:08:24
CASE-PO-000460,CASE-PN-000460,3,CASE-PO-000460_3,二次組立,A030,MB000103,MG001,WC000053,42,150,20,170,2026/06/08 22:23:46,2026/06/09 11:20:00,,EQ-A030,9004,田中 三郎,20,41,97.6,0,0.0,2026/06/09 08:30:00,2026/06/09 10:46:52,,,,,,完了,2026/06/09 10:46:52
CASE-PO-000460,CASE-PN-000460,4,CASE-PO-000460_4,完成検査,A040,MB000103,MG001,WC000054,42,60,0,60,2026/06/09 12:07:21,2026/06/09 13:07:21,,EQ-A040,9004,田中 三郎,0,42,100.0,0,0.0,2026/06/09 12:07:21,2026/06/09 13:10:39,,,,,,完了,2026/06/09 13:10:39
CASE-PO-000461,CASE-PN-000461,1,CASE-PO-000461_1,部品準備,A010,MB000103,MG001,WC000051,46,45,10,55,2026/06/26 08:30:00,2026/06/26 09:25:00,,EQ-A010,9003,佐藤 次郎,10,46,100.0,0,0.0,2026/06/26 08:30:00,2026/06/26 09:20:18,,,,,,完了,2026/06/26 09:20:18
CASE-PO-000461,CASE-PN-000461,2,CASE-PO-000461_2,一次組立,A020,MB000103,MG001,WC000052,46,180,25,205,2026/06/26 12:25:29,2026/06/26 15:50:29,,EQ-A020,9003,佐藤 次郎,25,45,97.8,0,0.0,2026/06/26 12:25:29,2026/06/26 16:05:25,,,,,,完了,2026/06/26 16:05:25
CASE-PO-000461,CASE-PN-000461,3,CASE-PO-000461_3,二次組立,A030,MB000103,MG001,WC000053,46,150,20,170,2026/06/26 23:35:21,2026/06/29 11:20:00,,EQ-A030,9003,佐藤 次郎,20,45,97.8,1,2.2,2026/06/29 08:30:00,2026/06/29 10:43:57,,,,,,完了,2026/06/29 10:43:57
CASE-PO-000461,CASE-PN-000461,4,CASE-PO-000461_4,完成検査,A040,MB000103,MG001,WC000054,46,60,0,60,2026/06/29 15:12:48,2026/06/29 16:12:48,,EQ-A040,9003,佐藤 次郎,0,46,100.0,0,0.0,2026/06/29 15:12:48,2026/06/29 16:27:41,,,,,,完了,2026/06/29 16:27:41
CASE-PO-000462,CASE-PN-000462,1,CASE-PO-000462_1,部品準備,A010,MB000101,MG001,WC000051,91,45,10,55,2026/05/18 08:30:00,2026/05/18 09:25:00,,EQ-A010,9003,佐藤 次郎,10,90,98.9,1,1.1,2026/05/18 08:30:00,2026/05/18 09:15:39,,,,,,完了,2026/05/18 09:15:39
CASE-PO-000462,CASE-PN-000462,2,CASE-PO-000462_2,一次組立,A020,MB000101,MG001,WC000052,91,180,25,205,2026/05/18 12:49:15,2026/05/18 16:14:15,,EQ-A020,9003,佐藤 次郎,25,90,98.9,1,1.1,2026/05/18 12:49:15,2026/05/18 16:32:17,,,,,,完了,2026/05/18 16:32:17
CASE-PO-000462,CASE-PN-000462,3,CASE-PO-000462_3,二次組立,A030,MB000101,MG001,WC000053,91,150,20,170,2026/05/18 22:06:03,2026/05/19 11:20:00,,EQ-A030,9003,佐藤 次郎,20,90,98.9,1,1.1,2026/05/19 08:30:00,2026/05/19 10:50:13,,,,,,完了,2026/05/19 10:50:13
CASE-PO-000462,CASE-PN-000462,4,CASE-PO-000462_4,完成検査,A040,MB000101,MG001,WC000054,91,60,0,60,2026/05/19 14:22:09,2026/05/19 15:22:09,,EQ-A040,9003,佐藤 次郎,0,91,100.0,2,2.2,2026/05/19 14:22:09,2026/05/19 15:15:26,,,,,,完了,2026/05/19 15:15:26
CASE-PO-000463,CASE-PN-000463,1,CASE-PO-000463_1,部品準備,A010,MB000103,MG001,WC000051,71,45,10,55,2026/06/03 08:30:00,2026/06/03 09:25:00,,EQ-A010,9001,山田 太郎,10,70,98.6,0,0.0,2026/06/03 08:30:00,2026/06/03 09:21:50,,,,,,完了,2026/06/03 09:21:50
CASE-PO-000463,CASE-PN-000463,2,CASE-PO-000463_2,一次組立,A020,MB000103,MG001,WC000052,71,180,25,205,2026/06/03 15:09:03,2026/06/04 09:34:00,,EQ-A020,9001,山田 太郎,25,71,100.0,1,1.4,2026/06/03 15:09:03,2026/06/04 09:31:14,,,,,,完了,2026/06/04 09:31:14
CASE-PO-000463,CASE-PN-000463,3,CASE-PO-000463_3,二次組立,A030,MB000103,MG001,WC000053,71,150,20,170,2026/06/04 14:32:19,2026/06/04 17:22:19,,EQ-A030,9001,山田 太郎,20,69,97.2,1,1.4,2026/06/04 14:32:19,2026/06/04 16:51:21,,,,,,完了,2026/06/04 16:51:21
CASE-PO-000463,CASE-PN-000463,4,CASE-PO-000463_4,完成検査,A040,MB000103,MG001,WC000054,71,60,0,60,2026/06/04 21:17:27,2026/06/05 09:30:00,,EQ-A040,9001,山田 太郎,0,71,100.0,0,0.0,2026/06/05 08:30:00,2026/06/05 09:25:49,,,,,,完了,2026/06/05 09:25:49
CASE-PO-000464,CASE-PN-000464,1,CASE-PO-000464_1,部品準備,A010,MB000102,MG001,WC000051,78,45,10,55,2026/06/17 08:30:00,2026/06/17 09:25:00,,EQ-A010,9001,山田 太郎,10,77,98.7,0,0.0,2026/06/17 08:30:00,2026/06/17 09:09:44,,,,,,完了,2026/06/17 09:09:44
CASE-PO-000464,CASE-PN-000464,2,CASE-PO-000464_2,一次組立,A020,MB000102,MG001,WC000052,78,180,25,205,2026/06/17 13:55:53,2026/06/17 17:20:53,,EQ-A020,9001,山田 太郎,25,76,97.4,1,1.3,2026/06/17 13:55:53,2026/06/17 16:31:31,,,,,,完了,2026/06/17 16:31:31
CASE-PO-000464,CASE-PN-000464,3,CASE-PO-000464_3,二次組立,A030,MB000102,MG001,WC000053,78,150,20,170,2026/06/17 23:04:42,2026/06/18 11:20:00,,EQ-A030,9001,山田 太郎,20,76,97.4,1,1.3,2026/06/18 08:30:00,2026/06/18 11:36:43,,,,,,完了,2026/06/18 11:36:43
CASE-PO-000464,CASE-PN-000464,4,CASE-PO-000464_4,完成検査,A040,MB000102,MG001,WC000054,78,60,0,60,2026/06/18 14:19:13,2026/06/18 15:19:13,,EQ-A040,9001,山田 太郎,0,77,98.7,0,0.0,2026/06/18 14:19:13,2026/06/18 15:30:36,,,,,,完了,2026/06/18 15:30:36
CASE-PO-000465,CASE-PN-000465,1,CASE-PO-000465_1,部品準備,A010,MB000103,MG001,WC000051,30,45,10,55,2026/07/03 08:30:00,2026/07/03 09:25:00,,EQ-A010,9003,佐藤 次郎,10,29,96.7,0,0.0,2026/07/03 08:30:00,2026/07/03 09:24:14,,,,,,完了,2026/07/03 09:24:14
CASE-PO-000465,CASE-PN-000465,2,CASE-PO-000465_2,一次組立,A020,MB000103,MG001,WC000052,30,180,25,205,2026/07/03 14:12:16,2026/07/06 08:37:00,,EQ-A020,9003,佐藤 次郎,25,30,100.0,0,0.0,2026/07/03 14:12:16,2026/07/03 16:55:44,,,,,,完了,2026/07/03 16:55:44
CASE-PO-000465,CASE-PN-000465,3,CASE-PO-000465_3,二次組立,A030,MB000103,MG001,WC000053,30,150,20,170,2026/07/03 22:10:44,2026/07/06 11:20:00,,EQ-A030,9003,佐藤 次郎,20,30,100.0,0,0.0,2026/07/06 08:30:00,2026/07/06 11:27:36,,,,,,完了,2026/07/06 11:27:36
CASE-PO-000465,CASE-PN-000465,4,CASE-PO-000465_4,完成検査,A040,MB000103,MG001,WC000054,30,60,0,60,2026/07/06 19:09:33,2026/07/07 09:30:00,,EQ-A040,9003,佐藤 次郎,0,30,100.0,0,0.0,2026/07/07 08:30:00,2026/07/07 09:42:48,,,,,,完了,2026/07/07 09:42:48
CASE-PO-000466,CASE-PN-000466,1,CASE-PO-000466_1,部品準備,A010,MB000103,MG001,WC000051,76,45,10,55,2026/06/15 08:30:00,2026/06/15 09:25:00,,EQ-A010,9003,佐藤 次郎,10,76,100.0,1,1.3,2026/06/15 08:30:00,2026/06/15 09:17:33,,,,,,完了,2026/06/15 09:17:33
CASE-PO-000466,CASE-PN-000466,2,CASE-PO-000466_2,一次組立,A020,MB000103,MG001,WC000052,76,180,25,205,2026/06/15 14:19:34,2026/06/16 08:44:00,,EQ-A020,9003,佐藤 次郎,25,74,97.4,1,1.3,2026/06/15 14:19:34,2026/06/16 08:37:35,,,,,,完了,2026/06/16 08:37:35
CASE-PO-000466,CASE-PN-000466,3,CASE-PO-000466_3,二次組立,A030,MB000103,MG001,WC000053,76,150,20,170,2026/06/16 14:29:28,2026/06/16 17:19:28,,EQ-A030,9003,佐藤 次郎,20,75,98.7,0,0.0,2026/06/16 14:29:28,2026/06/16 17:22:46,,,,,,完了,2026/06/16 17:22:46
CASE-PO-000466,CASE-PN-000466,4,CASE-PO-000466_4,完成検査,A040,MB000103,MG001,WC000054,76,60,0,60,2026/06/16 22:12:15,2026/06/17 09:30:00,,EQ-A040,9003,佐藤 次郎,0,76,100.0,1,1.3,2026/06/17 08:30:00,2026/06/17 09:36:57,,,,,,完了,2026/06/17 09:36:57
CASE-PO-000467,CASE-PN-000467,1,CASE-PO-000467_1,部品準備,A010,MB000103,MG001,WC000051,45,45,10,55,2026/05/29 08:30:00,2026/05/29 09:25:00,,EQ-A010,9001,山田 太郎,10,45,100.0,1,2.2,2026/05/29 08:30:00,2026/05/29 09:09:48,,,,,,完了,2026/05/29 09:09:48
CASE-PO-000467,CASE-PN-000467,2,CASE-PO-000467_2,一次組立,A020,MB000103,MG001,WC000052,45,180,25,205,2026/05/29 14:57:12,2026/06/01 09:22:00,,EQ-A020,9001,山田 太郎,25,44,97.8,1,2.2,2026/05/29 14:57:12,2026/06/01 09:12:40,,,,,,完了,2026/06/01 09:12:40
CASE-PO-000467,CASE-PN-000467,3,CASE-PO-000467_3,二次組立,A030,MB000103,MG001,WC000053,45,150,20,170,2026/06/01 16:20:52,2026/06/02 10:10:00,,EQ-A030,9001,山田 太郎,20,45,100.0,0,0.0,2026/06/01 16:20:52,2026/06/02 10:25:19,,,,,,完了,2026/06/02 10:25:19
CASE-PO-000467,CASE-PN-000467,4,CASE-PO-000467_4,完成検査,A040,MB000103,MG001,WC000054,45,60,0,60,2026/06/02 13:14:17,2026/06/02 14:14:17,,EQ-A040,9001,山田 太郎,0,44,97.8,1,2.2,2026/06/02 13:14:17,2026/06/02 14:10:28,,,,,,完了,2026/06/02 14:10:28
CASE-PO-000468,CASE-PN-000468,1,CASE-PO-000468_1,部品準備,A010,MB000101,MG001,WC000051,48,45,10,55,2026/06/02 08:30:00,2026/06/02 09:25:00,,EQ-A010,9005,高橋 四郎,10,47,97.9,1,2.1,2026/06/02 08:30:00,2026/06/02 09:18:34,,,,,,完了,2026/06/02 09:18:34
CASE-PO-000468,CASE-PN-000468,2,CASE-PO-000468_2,一次組立,A020,MB000101,MG001,WC000052,48,180,25,205,2026/06/02 14:17:59,2026/06/03 08:42:00,,EQ-A020,9005,高橋 四郎,25,47,97.9,1,2.1,2026/06/02 14:17:59,2026/06/03 08:35:46,,,,,,完了,2026/06/03 08:35:46
CASE-PO-000468,CASE-PN-000468,3,CASE-PO-000468_3,二次組立,A030,MB000101,MG001,WC000053,48,150,20,170,2026/06/03 13:32:35,2026/06/03 16:22:35,,EQ-A030,9005,高橋 四郎,20,48,100.0,1,2.1,2026/06/03 13:32:35,2026/06/03 16:13:01,,,,,,完了,2026/06/03 16:13:01
CASE-PO-000468,CASE-PN-000468,4,CASE-PO-000468_4,完成検査,A040,MB000101,MG001,WC000054,48,60,0,60,2026/06/03 19:26:49,2026/06/04 09:30:00,,EQ-A040,9005,高橋 四郎,0,47,97.9,1,2.1,2026/06/04 08:30:00,2026/06/04 09:41:55,,,,,,完了,2026/06/04 09:41:55
CASE-PO-000469,CASE-PN-000469,1,CASE-PO-000469_1,部品準備,A010,MB000101,MG001,WC000051,50,45,10,55,2026/05/20 08:30:00,2026/05/20 09:25:00,,EQ-A010,9005,高橋 四郎,10,50,100.0,1,2.0,2026/05/20 08:30:00,2026/05/20 09:11:32,,,,,,完了,2026/05/20 09:11:32
CASE-PO-000469,CASE-PN-000469,2,CASE-PO-000469_2,一次組立,A020,MB000101,MG001,WC000052,50,180,25,205,2026/05/20 13:25:18,2026/05/20 16:50:18,,EQ-A020,9005,高橋 四郎,25,50,100.0,1,2.0,2026/05/20 13:25:18,2026/05/20 16:33:12,,,,,,完了,2026/05/20 16:33:12
CASE-PO-000469,CASE-PN-000469,3,CASE-PO-000469_3,二次組立,A030,MB000101,MG001,WC000053,50,150,20,170,2026/05/21 01:35:04,2026/05/21 11:20:00,,EQ-A030,9005,高橋 四郎,20,49,98.0,1,2.0,2026/05/21 08:30:00,2026/05/21 10:59:40,,,,,,完了,2026/05/21 10:59:40
CASE-PO-000469,CASE-PN-000469,4,CASE-PO-000469_4,完成検査,A040,MB000101,MG001,WC000054,50,60,0,60,2026/05/21 17:50:00,2026/05/22 09:30:00,,EQ-A040,9005,高橋 四郎,0,49,98.0,1,2.0,2026/05/22 08:30:00,2026/05/22 09:30:03,,,,,,完了,2026/05/22 09:30:03
CASE-PO-000470,CASE-PN-000470,1,CASE-PO-000470_1,部品準備,A010,MB000103,MG001,WC000051,40,45,10,55,2026/06/15 08:30:00,2026/06/15 09:25:00,,EQ-A010,9003,佐藤 次郎,10,40,100.0,0,0.0,2026/06/15 08:30:00,2026/06/15 09:16:21,,,,,,完了,2026/06/15 09:16:21
CASE-PO-000470,CASE-PN-000470,2,CASE-PO-000470_2,一次組立,A020,MB000103,MG001,WC000052,40,180,25,205,2026/06/15 13:06:39,2026/06/15 16:31:39,,EQ-A020,9003,佐藤 次郎,25,39,97.5,0,0.0,2026/06/15 13:06:39,2026/06/15 16:33:37,,,,,,完了,2026/06/15 16:33:37
CASE-PO-000470,CASE-PN-000470,3,CASE-PO-000470_3,二次組立,A030,MB000103,MG001,WC000053,40,150,20,170,2026/06/16 00:15:39,2026/06/16 11:20:00,,EQ-A030,9003,佐藤 次郎,20,39,97.5,0,0.0,2026/06/16 08:30:00,2026/06/16 10:42:05,,,,,,完了,2026/06/16 10:42:05
CASE-PO-000470,CASE-PN-000470,4,CASE-PO-000470_4,完成検査,A040,MB000103,MG001,WC000054,40,60,0,60,2026/06/16 12:38:22,2026/06/16 13:38:22,,EQ-A040,9003,佐藤 次郎,0,39,97.5,0,0.0,2026/06/16 12:38:22,2026/06/16 13:48:14,,,,,,完了,2026/06/16 13:48:14
CASE-PO-000471,CASE-PN-000471,1,CASE-PO-000471_1,部品準備,A010,MB000102,MG001,WC000051,161,45,10,55,2026/06/04 08:30:00,2026/06/04 09:25:00,,EQ-A010,9004,田中 三郎,10,157,97.5,1,0.6,2026/06/04 08:30:00,2026/06/04 09:11:05,,,,,,完了,2026/06/04 09:11:05
CASE-PO-000471,CASE-PN-000471,2,CASE-PO-000471_2,一次組立,A020,MB000102,MG001,WC000052,161,180,25,205,2026/06/04 13:25:44,2026/06/04 16:50:44,,EQ-A020,9004,田中 三郎,25,157,97.5,1,0.6,2026/06/04 13:25:44,2026/06/04 16:07:08,,,,,,完了,2026/06/04 16:07:08
CASE-PO-000471,CASE-PN-000471,3,CASE-PO-000471_3,二次組立,A030,MB000102,MG001,WC000053,161,150,20,170,2026/06/05 02:03:57,2026/06/05 11:20:00,,EQ-A030,9004,田中 三郎,20,160,99.4,1,0.6,2026/06/05 08:30:00,2026/06/05 11:06:32,,,,,,完了,2026/06/05 11:06:32
CASE-PO-000471,CASE-PN-000471,4,CASE-PO-000471_4,完成検査,A040,MB000102,MG001,WC000054,161,60,0,60,2026/06/05 15:20:09,2026/06/05 16:20:09,,EQ-A040,9004,田中 三郎,0,158,98.1,0,0.0,2026/06/05 15:20:09,2026/06/05 16:21:55,,,,,,完了,2026/06/05 16:21:55
CASE-PO-000472,CASE-PN-000472,1,CASE-PO-000472_1,部品準備,A010,MB000103,MG001,WC000051,87,45,10,55,2026/06/01 08:30:00,2026/06/01 09:25:00,,EQ-A010,9004,田中 三郎,10,86,98.9,1,1.1,2026/06/01 08:30:00,2026/06/01 09:12:01,,,,,,完了,2026/06/01 09:12:01
CASE-PO-000472,CASE-PN-000472,2,CASE-PO-000472_2,一次組立,A020,MB000103,MG001,WC000052,87,180,25,205,2026/06/01 16:03:53,2026/06/02 10:28:00,,EQ-A020,9004,田中 三郎,25,85,97.7,1,1.1,2026/06/01 16:03:53,2026/06/02 10:33:37,,,,,,完了,2026/06/02 10:33:37
CASE-PO-000472,CASE-PN-000472,3,CASE-PO-000472_3,二次組立,A030,MB000103,MG001,WC000053,87,150,20,170,2026/06/02 16:21:52,2026/06/03 10:11:00,,EQ-A030,9004,田中 三郎,20,86,98.9,2,2.3,2026/06/02 16:21:52,2026/06/03 10:14:14,,,,,,完了,2026/06/03 10:14:14
CASE-PO-000472,CASE-PN-000472,4,CASE-PO-000472_4,完成検査,A040,MB000103,MG001,WC000054,87,60,0,60,2026/06/03 18:51:19,2026/06/04 09:30:00,,EQ-A040,9004,田中 三郎,0,86,98.9,1,1.1,2026/06/04 08:30:00,2026/06/04 09:34:01,,,,,,完了,2026/06/04 09:34:01
CASE-PO-000473,CASE-PN-000473,1,CASE-PO-000473_1,部品準備,A010,MB000101,MG001,WC000051,71,45,10,55,2026/06/11 08:30:00,2026/06/11 09:25:00,,EQ-A010,9002,鈴木 花子,10,70,98.6,0,0.0,2026/06/11 08:30:00,2026/06/11 09:20:41,,,,,,完了,2026/06/11 09:20:41
CASE-PO-000473,CASE-PN-000473,2,CASE-PO-000473_2,一次組立,A020,MB000101,MG001,WC000052,71,180,25,205,2026/06/11 10:46:31,2026/06/11 14:11:31,,EQ-A020,9002,鈴木 花子,25,71,100.0,0,0.0,2026/06/11 10:46:31,2026/06/11 13:55:29,,,,,,完了,2026/06/11 13:55:29
CASE-PO-000473,CASE-PN-000473,3,CASE-PO-000473_3,二次組立,A030,MB000101,MG001,WC000053,71,150,20,170,2026/06/11 21:17:16,2026/06/12 11:20:00,,EQ-A030,9002,鈴木 花子,20,70,98.6,0,0.0,2026/06/12 08:30:00,2026/06/12 10:48:49,,,,,,完了,2026/06/12 10:48:49
CASE-PO-000473,CASE-PN-000473,4,CASE-PO-000473_4,完成検査,A040,MB000101,MG001,WC000054,71,60,0,60,2026/06/12 14:47:59,2026/06/12 15:47:59,,EQ-A040,9002,鈴木 花子,0,71,100.0,1,1.4,2026/06/12 14:47:59,2026/06/12 16:02:43,,,,,,完了,2026/06/12 16:02:43
CASE-PO-000474,CASE-PN-000474,1,CASE-PO-000474_1,部品準備,A010,MB000102,MG001,WC000051,160,45,10,55,2026/05/11 08:30:00,2026/05/11 09:25:00,,EQ-A010,9002,鈴木 花子,10,156,97.5,2,1.3,2026/05/11 08:30:00,2026/05/11 09:21:27,,,,,,完了,2026/05/11 09:21:27
CASE-PO-000474,CASE-PN-000474,2,CASE-PO-000474_2,一次組立,A020,MB000102,MG001,WC000052,160,180,25,205,2026/05/11 15:18:29,2026/05/12 09:43:00,,EQ-A020,9002,鈴木 花子,25,157,98.1,1,0.6,2026/05/11 15:18:29,2026/05/12 09:22:36,,,,,,完了,2026/05/12 09:22:36
CASE-PO-000474,CASE-PN-000474,3,CASE-PO-000474_3,二次組立,A030,MB000102,MG001,WC000053,160,150,20,170,2026/05/12 16:25:17,2026/05/13 10:15:00,,EQ-A030,9002,鈴木 花子,20,155,96.9,2,1.3,2026/05/12 16:25:17,2026/05/13 10:07:10,,,,,,完了,2026/05/13 10:07:10
CASE-PO-000474,CASE-PN-000474,4,CASE-PO-000474_4,完成検査,A040,MB000102,MG001,WC000054,160,60,0,60,2026/05/13 14:30:00,2026/05/13 15:30:00,,EQ-A040,9002,鈴木 花子,0,156,97.5,2,1.3,2026/05/13 14:30:00,2026/05/13 15:32:22,,,,,,完了,2026/05/13 15:32:22
CASE-PO-000475,CASE-PN-000475,1,CASE-PO-000475_1,部品準備,A010,MB000102,MG001,WC000051,90,45,10,55,2026/05/25 08:30:00,2026/05/25 09:25:00,,EQ-A010,9005,高橋 四郎,10,89,98.9,0,0.0,2026/05/25 08:30:00,2026/05/25 09:22:00,,,,,,完了,2026/05/25 09:22:00
CASE-PO-000475,CASE-PN-000475,2,CASE-PO-000475_2,一次組立,A020,MB000102,MG001,WC000052,90,180,25,205,2026/05/25 16:28:24,2026/05/26 10:53:00,,EQ-A020,9005,高橋 四郎,25,89,98.9,1,1.1,2026/05/25 16:28:24,2026/05/26 10:19:23,,,,,,完了,2026/05/26 10:19:23
CASE-PO-000475,CASE-PN-000475,3,CASE-PO-000475_3,二次組立,A030,MB000102,MG001,WC000053,90,150,20,170,2026/05/26 21:30:40,2026/05/27 11:20:00,,EQ-A030,9005,高橋 四郎,20,88,97.8,1,1.1,2026/05/27 08:30:00,2026/05/27 11:06:40,,,,,,完了,2026/05/27 11:06:40
CASE-PO-000475,CASE-PN-000475,4,CASE-PO-000475_4,完成検査,A040,MB000102,MG001,WC000054,90,60,0,60,2026/05/27 17:16:56,2026/05/28 09:16:00,,EQ-A040,9005,高橋 四郎,0,88,97.8,0,0.0,2026/05/27 17:16:56,2026/05/28 09:28:14,,,,,,完了,2026/05/28 09:28:14
CASE-PO-000476,CASE-PN-000476,1,CASE-PO-000476_1,部品準備,A010,MB000101,MG001,WC000051,70,45,10,55,2026/06/22 08:30:00,2026/06/22 09:25:00,,EQ-A010,9002,鈴木 花子,10,68,97.1,1,1.4,2026/06/22 08:30:00,2026/06/22 09:08:39,,,,,,完了,2026/06/22 09:08:39
CASE-PO-000476,CASE-PN-000476,2,CASE-PO-000476_2,一次組立,A020,MB000101,MG001,WC000052,70,180,25,205,2026/06/22 15:06:44,2026/06/23 09:31:00,,EQ-A020,9002,鈴木 花子,25,69,98.6,1,1.4,2026/06/22 15:06:44,2026/06/23 09:01:10,,,,,,完了,2026/06/23 09:01:10
CASE-PO-000476,CASE-PN-000476,3,CASE-PO-000476_3,二次組立,A030,MB000101,MG001,WC000053,70,150,20,170,2026/06/23 16:39:08,2026/06/24 10:29:00,,EQ-A030,9002,鈴木 花子,20,69,98.6,1,1.4,2026/06/23 16:39:08,2026/06/24 10:13:16,,,,,,完了,2026/06/24 10:13:16
CASE-PO-000476,CASE-PN-000476,4,CASE-PO-000476_4,完成検査,A040,MB000101,MG001,WC000054,70,60,0,60,2026/06/24 16:46:41,2026/06/25 08:46:00,,EQ-A040,9002,鈴木 花子,0,70,100.0,0,0.0,2026/06/24 16:46:41,2026/06/25 08:51:15,,,,,,完了,2026/06/25 08:51:15
CASE-PO-000477,CASE-PN-000477,1,CASE-PO-000477_1,部品準備,A010,MB000102,MG001,WC000051,165,45,10,55,2026/05/18 08:30:00,2026/05/18 09:25:00,,EQ-A010,9004,田中 三郎,10,165,100.0,3,1.8,2026/05/18 08:30:00,2026/05/18 09:15:45,,,,,,完了,2026/05/18 09:15:45
CASE-PO-000477,CASE-PN-000477,2,CASE-PO-000477_2,一次組立,A020,MB000102,MG001,WC000052,165,180,25,205,2026/05/18 16:02:52,2026/05/19 10:27:00,,EQ-A020,9004,田中 三郎,25,163,98.8,1,0.6,2026/05/18 16:02:52,2026/05/19 10:41:36,,,,,,完了,2026/05/19 10:41:36
CASE-PO-000477,CASE-PN-000477,3,CASE-PO-000477_3,二次組立,A030,MB000102,MG001,WC000053,165,150,20,170,2026/05/19 21:23:17,2026/05/20 11:20:00,,EQ-A030,9004,田中 三郎,20,162,98.2,0,0.0,2026/05/20 08:30:00,2026/05/20 10:52:14,,,,,,完了,2026/05/20 10:52:14
CASE-PO-000477,CASE-PN-000477,4,CASE-PO-000477_4,完成検査,A040,MB000102,MG001,WC000054,165,60,0,60,2026/05/20 17:58:54,2026/05/21 09:30:00,,EQ-A040,9004,田中 三郎,0,164,99.4,1,0.6,2026/05/21 08:30:00,2026/05/21 09:28:53,,,,,,完了,2026/05/21 09:28:53
CASE-PO-000478,CASE-PN-000478,1,CASE-PO-000478_1,部品準備,A010,MB000102,MG001,WC000051,103,45,10,55,2026/06/08 08:30:00,2026/06/08 09:25:00,,EQ-A010,9001,山田 太郎,10,101,98.1,1,1.0,2026/06/08 08:30:00,2026/06/08 09:09:47,,,,,,完了,2026/06/08 09:09:47
CASE-PO-000478,CASE-PN-000478,2,CASE-PO-000478_2,一次組立,A020,MB000102,MG001,WC000052,103,180,25,205,2026/06/08 14:17:45,2026/06/09 08:42:00,,EQ-A020,9001,山田 太郎,25,100,97.1,1,1.0,2026/06/08 14:17:45,2026/06/08 17:25:11,,,,,,完了,2026/06/08 17:25:11
CASE-PO-000478,CASE-PN-000478,3,CASE-PO-000478_3,二次組立,A030,MB000102,MG001,WC000053,103,150,20,170,2026/06/09 03:23:39,2026/06/09 11:20:00,,EQ-A030,9001,山田 太郎,20,100,97.1,1,1.0,2026/06/09 08:30:00,2026/06/09 11:12:10,,,,,,完了,2026/06/09 11:12:10
CASE-PO-000478,CASE-PN-000478,4,CASE-PO-000478_4,完成検査,A040,MB000102,MG001,WC000054,103,60,0,60,2026/06/09 14:22:12,2026/06/09 15:22:12,,EQ-A040,9001,山田 太郎,0,102,99.0,1,1.0,2026/06/09 14:22:12,2026/06/09 15:20:10,,,,,,完了,2026/06/09 15:20:10
CASE-PO-000479,CASE-PN-000479,1,CASE-PO-000479_1,部品準備,A010,MB000103,MG001,WC000051,90,45,10,55,2026/06/11 08:30:00,2026/06/11 09:25:00,,EQ-A010,9001,山田 太郎,10,88,97.8,0,0.0,2026/06/11 08:30:00,2026/06/11 09:24:03,,,,,,完了,2026/06/11 09:24:03
CASE-PO-000479,CASE-PN-000479,2,CASE-PO-000479_2,一次組立,A020,MB000103,MG001,WC000052,90,180,25,205,2026/06/11 11:31:57,2026/06/11 14:56:57,,EQ-A020,9001,山田 太郎,25,90,100.0,1,1.1,2026/06/11 11:31:57,2026/06/11 14:54:36,,,,,,完了,2026/06/11 14:54:36
CASE-PO-000479,CASE-PN-000479,3,CASE-PO-000479_3,二次組立,A030,MB000103,MG001,WC000053,90,150,20,170,2026/06/11 20:26:33,2026/06/12 11:20:00,,EQ-A030,9001,山田 太郎,20,88,97.8,1,1.1,2026/06/12 08:30:00,2026/06/12 10:38:38,,,,,,完了,2026/06/12 10:38:38
CASE-PO-000479,CASE-PN-000479,4,CASE-PO-000479_4,完成検査,A040,MB000103,MG001,WC000054,90,60,0,60,2026/06/12 15:21:42,2026/06/12 16:21:42,,EQ-A040,9001,山田 太郎,0,90,100.0,1,1.1,2026/06/12 15:21:42,2026/06/12 16:16:26,,,,,,完了,2026/06/12 16:16:26
CASE-PO-000480,CASE-PN-000480,1,CASE-PO-000480_1,部品準備,A010,MB000101,MG001,WC000051,54,45,10,55,2026/06/15 08:30:00,2026/06/15 09:25:00,,EQ-A010,9003,佐藤 次郎,10,54,100.0,1,1.9,2026/06/15 08:30:00,2026/06/15 09:09:38,,,,,,完了,2026/06/15 09:09:38
CASE-PO-000480,CASE-PN-000480,2,CASE-PO-000480_2,一次組立,A020,MB000101,MG001,WC000052,54,180,25,205,2026/06/15 16:45:09,2026/06/16 11:10:00,,EQ-A020,9003,佐藤 次郎,25,53,98.1,1,1.9,2026/06/15 16:45:09,2026/06/16 11:11:43,,,,,,完了,2026/06/16 11:11:43
CASE-PO-000480,CASE-PN-000480,3,CASE-PO-000480_3,二次組立,A030,MB000101,MG001,WC000053,54,150,20,170,2026/06/16 19:13:29,2026/06/17 11:20:00,,EQ-A030,9003,佐藤 次郎,20,54,100.0,1,1.9,2026/06/17 08:30:00,2026/06/17 11:10:39,,,,,,完了,2026/06/17 11:10:39
CASE-PO-000480,CASE-PN-000480,4,CASE-PO-000480_4,完成検査,A040,MB000101,MG001,WC000054,54,60,0,60,2026/06/17 15:51:52,2026/06/17 16:51:52,,EQ-A040,9003,佐藤 次郎,0,53,98.1,1,1.9,2026/06/17 15:51:52,2026/06/17 16:43:17,,,,,,完了,2026/06/17 16:43:17
CASE-PO-000481,CASE-PN-000481,1,CASE-PO-000481_1,部品準備,A010,MB000103,MG001,WC000051,49,45,10,55,2026/06/08 08:30:00,2026/06/08 09:25:00,,EQ-A010,9005,高橋 四郎,10,49,100.0,0,0.0,2026/06/08 08:30:00,2026/06/08 09:23:04,,,,,,完了,2026/06/08 09:23:04
CASE-PO-000481,CASE-PN-000481,2,CASE-PO-000481_2,一次組立,A020,MB000103,MG001,WC000052,49,180,25,205,2026/06/08 12:43:01,2026/06/08 16:08:01,,EQ-A020,9005,高橋 四郎,25,49,100.0,0,0.0,2026/06/08 12:43:01,2026/06/08 15:22:33,,,,,,完了,2026/06/08 15:22:33
CASE-PO-000481,CASE-PN-000481,3,CASE-PO-000481_3,二次組立,A030,MB000103,MG001,WC000053,49,150,20,170,2026/06/08 19:34:26,2026/06/09 11:20:00,,EQ-A030,9005,高橋 四郎,20,49,100.0,1,2.0,2026/06/09 08:30:00,2026/06/09 10:46:02,,,,,,完了,2026/06/09 10:46:02
CASE-PO-000481,CASE-PN-000481,4,CASE-PO-000481_4,完成検査,A040,MB000103,MG001,WC000054,49,60,0,60,2026/06/09 12:48:39,2026/06/09 13:48:39,,EQ-A040,9005,高橋 四郎,,,,,,2026/06/09 12:48:39,,,,,,,生産中,2026/06/09 13:48:39
CASE-PO-000482,CASE-PN-000482,1,CASE-PO-000482_1,部品準備,A010,MB000102,MG001,WC000051,74,45,10,55,2026/07/06 08:30:00,2026/07/06 09:25:00,,EQ-A010,9001,山田 太郎,10,74,100.0,0,0.0,2026/07/06 08:30:00,2026/07/06 09:12:11,,,,,,完了,2026/07/06 09:12:11
CASE-PO-000482,CASE-PN-000482,2,CASE-PO-000482_2,一次組立,A020,MB000102,MG001,WC000052,74,180,25,205,2026/07/06 16:42:42,2026/07/07 11:07:00,,EQ-A020,9001,山田 太郎,25,73,98.6,0,0.0,2026/07/06 16:42:42,2026/07/07 11:12:06,,,,,,完了,2026/07/07 11:12:06
CASE-PO-000482,CASE-PN-000482,3,CASE-PO-000482_3,二次組立,A030,MB000102,MG001,WC000053,74,150,20,170,2026/07/07 17:44:55,2026/07/08 11:20:00,,EQ-A030,9001,山田 太郎,20,74,100.0,1,1.4,2026/07/08 08:30:00,2026/07/08 10:41:07,,,,,,完了,2026/07/08 10:41:07
CASE-PO-000482,CASE-PN-000482,4,CASE-PO-000482_4,完成検査,A040,MB000102,MG001,WC000054,74,60,0,60,2026/07/08 17:42:41,2026/07/09 09:30:00,,EQ-A040,9001,山田 太郎,0,73,98.6,1,1.4,2026/07/09 08:30:00,2026/07/09 09:25:53,,,,,,完了,2026/07/09 09:25:53
CASE-PO-000483,CASE-PN-000483,1,CASE-PO-000483_1,部品準備,A010,MB000101,MG001,WC000051,71,45,10,55,2026/06/08 08:30:00,2026/06/08 09:25:00,,EQ-A010,9004,田中 三郎,10,70,98.6,1,1.4,2026/06/08 08:30:00,2026/06/08 09:09:55,,,,,,完了,2026/06/08 09:09:55
CASE-PO-000483,CASE-PN-000483,2,CASE-PO-000483_2,一次組立,A020,MB000101,MG001,WC000052,71,180,25,205,2026/06/08 16:20:06,2026/06/09 10:45:00,,EQ-A020,9004,田中 三郎,25,70,98.6,1,1.4,2026/06/08 16:20:06,2026/06/09 10:58:30,,,,,,完了,2026/06/09 10:58:30
CASE-PO-000483,CASE-PN-000483,3,CASE-PO-000483_3,二次組立,A030,MB000101,MG001,WC000053,71,150,20,170,2026/06/09 20:02:47,2026/06/10 11:20:00,,EQ-A030,9004,田中 三郎,20,70,98.6,1,1.4,2026/06/10 08:30:00,2026/06/10 11:18:16,,,,,,完了,2026/06/10 11:18:16
CASE-PO-000483,CASE-PN-000483,4,CASE-PO-000483_4,完成検査,A040,MB000101,MG001,WC000054,71,60,0,60,2026/06/10 18:55:49,2026/06/11 09:30:00,,EQ-A040,9004,田中 三郎,0,71,100.0,1,1.4,2026/06/11 08:30:00,2026/06/11 09:25:40,,,,,,完了,2026/06/11 09:25:40
CASE-PO-000484,CASE-PN-000484,1,CASE-PO-000484_1,部品準備,A010,MB000101,MG001,WC000051,47,45,10,55,2026/05/12 08:30:00,2026/05/12 09:25:00,,EQ-A010,9002,鈴木 花子,10,47,100.0,0,0.0,2026/05/12 08:30:00,2026/05/12 09:11:01,,,,,,完了,2026/05/12 09:11:01
CASE-PO-000484,CASE-PN-000484,2,CASE-PO-000484_2,一次組立,A020,MB000101,MG001,WC000052,47,180,25,205,2026/05/12 14:26:23,2026/05/13 08:51:00,,EQ-A020,9002,鈴木 花子,25,46,97.9,1,2.1,2026/05/12 14:26:23,2026/05/12 17:11:55,,,,,,完了,2026/05/12 17:11:55
CASE-PO-000484,CASE-PN-000484,3,CASE-PO-000484_3,二次組立,A030,MB000101,MG001,WC000053,47,150,20,170,2026/05/13 04:24:44,2026/05/13 11:20:00,,EQ-A030,9002,鈴木 花子,20,46,97.9,1,2.1,2026/05/13 08:30:00,2026/05/13 10:43:46,,,,,,完了,2026/05/13 10:43:46
CASE-PO-000484,CASE-PN-000484,4,CASE-PO-000484_4,完成検査,A040,MB000101,MG001,WC000054,47,60,0,60,2026/05/13 14:12:33,2026/05/13 15:12:33,,EQ-A040,9002,鈴木 花子,0,46,97.9,1,2.1,2026/05/13 14:12:33,2026/05/13 15:26:07,,,,,,完了,2026/05/13 15:26:07
CASE-PO-000485,CASE-PN-000485,1,CASE-PO-000485_1,部品準備,A010,MB000103,MG001,WC000051,67,45,10,55,2026/07/02 08:30:00,2026/07/02 09:25:00,,EQ-A010,9005,高橋 四郎,10,65,97.0,0,0.0,2026/07/02 08:30:00,2026/07/02 09:12:32,,,,,,完了,2026/07/02 09:12:32
CASE-PO-000485,CASE-PN-000485,2,CASE-PO-000485_2,一次組立,A020,MB000103,MG001,WC000052,67,180,25,205,2026/07/02 12:21:35,2026/07/02 15:46:35,,EQ-A020,9005,高橋 四郎,25,66,98.5,1,1.5,2026/07/02 12:21:35,2026/07/02 14:56:00,,,,,,完了,2026/07/02 14:56:00
CASE-PO-000485,CASE-PN-000485,3,CASE-PO-000485_3,二次組立,A030,MB000103,MG001,WC000053,67,150,20,170,2026/07/02 20:53:10,2026/07/03 11:20:00,,EQ-A030,9005,高橋 四郎,20,66,98.5,1,1.5,2026/07/03 08:30:00,2026/07/03 11:09:13,,,,,,完了,2026/07/03 11:09:13
CASE-PO-000485,CASE-PN-000485,4,CASE-PO-000485_4,完成検査,A040,MB000103,MG001,WC000054,67,60,0,60,2026/07/03 19:56:07,2026/07/06 09:30:00,,EQ-A040,9005,高橋 四郎,0,66,98.5,1,1.5,2026/07/06 08:30:00,2026/07/06 09:23:10,,,,,,完了,2026/07/06 09:23:10
CASE-PO-000486,CASE-PN-000486,1,CASE-PO-000486_1,部品準備,A010,MB000103,MG001,WC000051,74,45,10,55,2026/06/09 08:30:00,2026/06/09 09:25:00,,EQ-A010,9001,山田 太郎,10,74,100.0,0,0.0,2026/06/09 08:30:00,2026/06/09 09:15:12,,,,,,完了,2026/06/09 09:15:12
CASE-PO-000486,CASE-PN-000486,2,CASE-PO-000486_2,一次組立,A020,MB000103,MG001,WC000052,74,180,25,205,2026/06/09 17:05:05,2026/06/10 11:30:00,,EQ-A020,9001,山田 太郎,25,72,97.3,0,0.0,2026/06/09 17:05:05,2026/06/10 11:30:44,,,,,,完了,2026/06/10 11:30:44
CASE-PO-000486,CASE-PN-000486,3,CASE-PO-000486_3,二次組立,A030,MB000103,MG001,WC000053,74,150,20,170,2026/06/10 19:46:09,2026/06/11 11:20:00,,EQ-A030,9001,山田 太郎,20,72,97.3,1,1.4,2026/06/11 08:30:00,2026/06/11 11:15:05,,,,,,完了,2026/06/11 11:15:05
CASE-PO-000486,CASE-PN-000486,4,CASE-PO-000486_4,完成検査,A040,MB000103,MG001,WC000054,74,60,0,60,2026/06/11 14:33:08,2026/06/11 15:33:08,,EQ-A040,9001,山田 太郎,0,73,98.6,1,1.4,2026/06/11 14:33:08,2026/06/11 15:41:57,,,,,,完了,2026/06/11 15:41:57
CASE-PO-000487,CASE-PN-000487,1,CASE-PO-000487_1,部品準備,A010,MB000101,MG001,WC000051,114,45,10,55,2026/06/29 08:30:00,2026/06/29 09:25:00,,EQ-A010,9001,山田 太郎,10,112,98.2,2,1.8,2026/06/29 08:30:00,2026/06/29 09:14:48,,,,,,完了,2026/06/29 09:14:48
CASE-PO-000487,CASE-PN-000487,2,CASE-PO-000487_2,一次組立,A020,MB000101,MG001,WC000052,114,180,25,205,2026/06/29 15:16:41,2026/06/30 09:41:00,,EQ-A020,9001,山田 太郎,25,113,99.1,1,0.9,2026/06/29 15:16:41,2026/06/30 08:55:30,,,,,,完了,2026/06/30 08:55:30
CASE-PO-000487,CASE-PN-000487,3,CASE-PO-000487_3,二次組立,A030,MB000101,MG001,WC000053,114,150,20,170,2026/06/30 11:38:43,2026/06/30 14:28:43,,EQ-A030,9001,山田 太郎,20,112,98.2,2,1.8,2026/06/30 11:38:43,2026/06/30 14:36:33,,,,,,完了,2026/06/30 14:36:33
CASE-PO-000487,CASE-PN-000487,4,CASE-PO-000487_4,完成検査,A040,MB000101,MG001,WC000054,114,60,0,60,2026/06/30 18:32:17,2026/07/01 09:30:00,,EQ-A040,9001,山田 太郎,0,114,100.0,2,1.8,2026/07/01 08:30:00,2026/07/01 09:26:34,,,,,,完了,2026/07/01 09:26:34
CASE-PO-000488,CASE-PN-000488,1,CASE-PO-000488_1,部品準備,A010,MB000101,MG001,WC000051,110,45,10,55,2026/06/22 08:30:00,2026/06/22 09:25:00,,EQ-A010,9003,佐藤 次郎,10,108,98.2,1,0.9,2026/06/22 08:30:00,2026/06/22 09:22:42,,,,,,完了,2026/06/22 09:22:42
CASE-PO-000488,CASE-PN-000488,2,CASE-PO-000488_2,一次組立,A020,MB000101,MG001,WC000052,110,180,25,205,2026/06/22 16:55:31,2026/06/23 11:20:00,,EQ-A020,9003,佐藤 次郎,25,109,99.1,2,1.8,2026/06/22 16:55:31,2026/06/23 10:57:30,,,,,,完了,2026/06/23 10:57:30
CASE-PO-000488,CASE-PN-000488,3,CASE-PO-000488_3,二次組立,A030,MB000101,MG001,WC000053,110,150,20,170,2026/06/23 15:41:14,2026/06/24 09:31:00,,EQ-A030,9003,佐藤 次郎,20,108,98.2,2,1.8,2026/06/23 15:41:14,2026/06/24 09:25:39,,,,,,完了,2026/06/24 09:25:39
CASE-PO-000488,CASE-PN-000488,4,CASE-PO-000488_4,完成検査,A040,MB000101,MG001,WC000054,110,60,0,60,2026/06/24 16:23:34,2026/06/24 17:23:34,,EQ-A040,9003,佐藤 次郎,0,108,98.2,2,1.8,2026/06/24 16:23:34,2026/06/24 17:23:14,,,,,,完了,2026/06/24 17:23:14
CASE-PO-000489,CASE-PN-000489,1,CASE-PO-000489_1,部品準備,A010,MB000101,MG001,WC000051,109,45,10,55,2026/05/27 08:30:00,2026/05/27 09:25:00,,EQ-A010,9003,佐藤 次郎,10,108,99.1,1,0.9,2026/05/27 08:30:00,2026/05/27 09:12:27,,,,,,完了,2026/05/27 09:12:27
CASE-PO-000489,CASE-PN-000489,2,CASE-PO-000489_2,一次組立,A020,MB000101,MG001,WC000052,109,180,25,205,2026/05/27 11:43:44,2026/05/27 15:08:44,,EQ-A020,9003,佐藤 次郎,25,106,97.2,1,0.9,2026/05/27 11:43:44,2026/05/27 15:08:05,,,,,,完了,2026/05/27 15:08:05
CASE-PO-000489,CASE-PN-000489,3,CASE-PO-000489_3,二次組立,A030,MB000101,MG001,WC000053,109,150,20,170,2026/05/27 18:35:18,2026/05/28 11:20:00,,EQ-A030,9003,佐藤 次郎,20,106,97.2,2,1.8,2026/05/28 08:30:00,2026/05/28 11:34:11,,,,,,完了,2026/05/28 11:34:11
CASE-PO-000489,CASE-PN-000489,4,CASE-PO-000489_4,完成検査,A040,MB000101,MG001,WC000054,109,60,0,60,2026/05/28 14:23:49,2026/05/28 15:23:49,,EQ-A040,9003,佐藤 次郎,0,108,99.1,0,0.0,2026/05/28 14:23:49,2026/05/28 15:23:55,,,,,,完了,2026/05/28 15:23:55
CASE-PO-000490,CASE-PN-000490,1,CASE-PO-000490_1,部品準備,A010,MB000101,MG001,WC000051,100,45,10,55,2026/06/10 08:30:00,2026/06/10 09:25:00,,EQ-A010,9005,高橋 四郎,10,98,98.0,1,1.0,2026/06/10 08:30:00,2026/06/10 09:14:54,,,,,,完了,2026/06/10 09:14:54
CASE-PO-000490,CASE-PN-000490,2,CASE-PO-000490_2,一次組立,A020,MB000101,MG001,WC000052,100,180,25,205,2026/06/10 15:56:21,2026/06/11 10:21:00,,EQ-A020,9005,高橋 四郎,25,100,100.0,1,1.0,2026/06/10 15:56:21,2026/06/11 10:40:27,,,,,,完了,2026/06/11 10:40:27
CASE-PO-000490,CASE-PN-000490,3,CASE-PO-000490_3,二次組立,A030,MB000101,MG001,WC000053,100,150,20,170,2026/06/11 20:35:48,2026/06/12 11:20:00,,EQ-A030,9005,高橋 四郎,20,99,99.0,1,1.0,2026/06/12 08:30:00,2026/06/12 11:10:38,,,,,,完了,2026/06/12 11:10:38
CASE-PO-000490,CASE-PN-000490,4,CASE-PO-000490_4,完成検査,A040,MB000101,MG001,WC000054,100,60,0,60,2026/06/12 17:20:14,2026/06/15 09:20:00,,EQ-A040,9005,高橋 四郎,0,99,99.0,1,1.0,2026/06/12 17:20:14,2026/06/15 09:24:01,,,,,,完了,2026/06/15 09:24:01
CASE-PO-000491,CASE-PN-000491,1,CASE-PO-000491_1,部品準備,A010,MB000101,MG001,WC000051,101,45,10,55,2026/06/01 08:30:00,2026/06/01 09:25:00,,EQ-A010,9002,鈴木 花子,10,100,99.0,1,1.0,2026/06/01 08:30:00,2026/06/01 09:16:47,,,,,,完了,2026/06/01 09:16:47
CASE-PO-000491,CASE-PN-000491,2,CASE-PO-000491_2,一次組立,A020,MB000101,MG001,WC000052,101,180,25,205,2026/06/01 13:25:49,2026/06/01 16:50:49,,EQ-A020,9002,鈴木 花子,25,98,97.0,1,1.0,2026/06/01 13:25:49,2026/06/01 16:31:15,,,,,,完了,2026/06/01 16:31:15
CASE-PO-000491,CASE-PN-000491,3,CASE-PO-000491_3,二次組立,A030,MB000101,MG001,WC000053,101,150,20,170,2026/06/02 03:46:17,2026/06/02 11:20:00,,EQ-A030,9002,鈴木 花子,,,,,,2026/06/02 08:30:00,,,,,,,生産中,2026/06/02 11:20:00
CASE-PO-000491,CASE-PN-000491,4,CASE-PO-000491_4,完成検査,A040,MB000101,MG001,WC000054,101,60,0,60,2026/06/02 20:31:16,2026/06/03 09:30:00,,EQ-A040,9002,鈴木 花子,,,,,,,,,,,,,開始待ち,2026/06/03 09:30:00
CASE-PO-000492,CASE-PN-000492,1,CASE-PO-000492_1,部品準備,A010,MB000102,MG001,WC000051,177,45,10,55,2026/05/11 08:30:00,2026/05/11 09:25:00,,EQ-A010,9003,佐藤 次郎,10,175,98.9,2,1.1,2026/05/11 08:30:00,2026/05/11 09:12:24,,,,,,完了,2026/05/11 09:12:24
CASE-PO-000492,CASE-PN-000492,2,CASE-PO-000492_2,一次組立,A020,MB000102,MG001,WC000052,177,180,25,205,2026/05/11 17:06:21,2026/05/12 11:31:00,,EQ-A020,9003,佐藤 次郎,25,173,97.7,2,1.1,2026/05/11 17:06:21,2026/05/12 11:05:35,,,,,,完了,2026/05/12 11:05:35
CASE-PO-000492,CASE-PN-000492,3,CASE-PO-000492_3,二次組立,A030,MB000102,MG001,WC000053,177,150,20,170,2026/05/12 15:44:44,2026/05/13 09:34:00,,EQ-A030,9003,佐藤 次郎,20,175,98.9,1,0.6,2026/05/12 15:44:44,2026/05/13 09:17:38,,,,,,完了,2026/05/13 09:17:38
CASE-PO-000492,CASE-PN-000492,4,CASE-PO-000492_4,完成検査,A040,MB000102,MG001,WC000054,177,60,0,60,2026/05/13 18:00:30,2026/05/14 09:30:00,,EQ-A040,9003,佐藤 次郎,0,177,100.0,0,0.0,2026/05/14 08:30:00,2026/05/14 09:33:51,,,,,,完了,2026/05/14 09:33:51
CASE-PO-000493,CASE-PN-000493,1,CASE-PO-000493_1,部品準備,A010,MB000103,MG001,WC000051,65,45,10,55,2026/06/01 08:30:00,2026/06/01 09:25:00,,EQ-A010,9002,鈴木 花子,10,64,98.5,1,1.5,2026/06/01 08:30:00,2026/06/01 09:08:47,,,,,,完了,2026/06/01 09:08:47
CASE-PO-000493,CASE-PN-000493,2,CASE-PO-000493_2,一次組立,A020,MB000103,MG001,WC000052,65,180,25,205,2026/06/01 15:54:57,2026/06/02 10:19:00,,EQ-A020,9002,鈴木 花子,25,64,98.5,1,1.5,2026/06/01 15:54:57,2026/06/02 10:07:36,,,,,,完了,2026/06/02 10:07:36
CASE-PO-000493,CASE-PN-000493,3,CASE-PO-000493_3,二次組立,A030,MB000103,MG001,WC000053,65,150,20,170,2026/06/02 13:58:32,2026/06/02 16:48:32,,EQ-A030,9002,鈴木 花子,20,65,100.0,1,1.5,2026/06/02 13:58:32,2026/06/02 16:26:49,,,,,,完了,2026/06/02 16:26:49
CASE-PO-000493,CASE-PN-000493,4,CASE-PO-000493_4,完成検査,A040,MB000103,MG001,WC000054,65,60,0,60,2026/06/02 23:22:28,2026/06/03 09:30:00,,EQ-A040,9002,鈴木 花子,0,64,98.5,1,1.5,2026/06/03 08:30:00,2026/06/03 09:21:37,,,,,,完了,2026/06/03 09:21:37
CASE-PO-000494,CASE-PN-000494,1,CASE-PO-000494_1,部品準備,A010,MB000103,MG001,WC000051,42,45,10,55,2026/06/18 08:30:00,2026/06/18 09:25:00,,EQ-A010,9004,田中 三郎,10,41,97.6,1,2.4,2026/06/18 08:30:00,2026/06/18 09:18:30,,,,,,完了,2026/06/18 09:18:30
CASE-PO-000494,CASE-PN-000494,2,CASE-PO-000494_2,一次組立,A020,MB000103,MG001,WC000052,42,180,25,205,2026/06/18 11:42:21,2026/06/18 15:07:21,,EQ-A020,9004,田中 三郎,25,41,97.6,1,2.4,2026/06/18 11:42:21,2026/06/18 14:35:51,,,,,,完了,2026/06/18 14:35:51
CASE-PO-000494,CASE-PN-000494,3,CASE-PO-000494_3,二次組立,A030,MB000103,MG001,WC000053,42,150,20,170,2026/06/19 00:36:50,2026/06/19 11:20:00,,EQ-A030,9004,田中 三郎,20,41,97.6,0,0.0,2026/06/19 08:30:00,2026/06/19 10:46:18,,,,,,完了,2026/06/19 10:46:18
CASE-PO-000494,CASE-PN-000494,4,CASE-PO-000494_4,完成検査,A040,MB000103,MG001,WC000054,42,60,0,60,2026/06/19 13:42:15,2026/06/19 14:42:15,,EQ-A040,9004,田中 三郎,0,41,97.6,0,0.0,2026/06/19 13:42:15,2026/06/19 14:56:59,,,,,,完了,2026/06/19 14:56:59
CASE-PO-000495,CASE-PN-000495,1,CASE-PO-000495_1,部品準備,A010,MB000101,MG001,WC000051,94,45,10,55,2026/05/06 08:30:00,2026/05/06 09:25:00,,EQ-A010,9003,佐藤 次郎,10,93,98.9,0,0.0,2026/05/06 08:30:00,2026/05/06 09:22:30,,,,,,完了,2026/05/06 09:22:30
CASE-PO-000495,CASE-PN-000495,2,CASE-PO-000495_2,一次組立,A020,MB000101,MG001,WC000052,94,180,25,205,2026/05/06 11:48:29,2026/05/06 15:13:29,,EQ-A020,9003,佐藤 次郎,25,94,100.0,1,1.1,2026/05/06 11:48:29,2026/05/06 14:32:43,,,,,,完了,2026/05/06 14:32:43
CASE-PO-000495,CASE-PN-000495,3,CASE-PO-000495_3,二次組立,A030,MB000101,MG001,WC000053,94,150,20,170,2026/05/06 20:18:54,2026/05/07 11:20:00,,EQ-A030,9003,佐藤 次郎,20,93,98.9,1,1.1,2026/05/07 08:30:00,2026/05/07 10:39:48,,,,,,完了,2026/05/07 10:39:48
CASE-PO-000495,CASE-PN-000495,4,CASE-PO-000495_4,完成検査,A040,MB000101,MG001,WC000054,94,60,0,60,2026/05/07 12:44:41,2026/05/07 13:44:41,,EQ-A040,9003,佐藤 次郎,0,92,97.9,1,1.1,2026/05/07 12:44:41,2026/05/07 13:42:17,,,,,,完了,2026/05/07 13:42:17
CASE-PO-000496,CASE-PN-000496,1,CASE-PO-000496_1,部品準備,A010,MB000102,MG001,WC000051,140,45,10,55,2026/05/25 08:30:00,2026/05/25 09:25:00,,EQ-A010,9004,田中 三郎,10,140,100.0,0,0.0,2026/05/25 08:30:00,2026/05/25 09:16:14,,,,,,完了,2026/05/25 09:16:14
CASE-PO-000496,CASE-PN-000496,2,CASE-PO-000496_2,一次組立,A020,MB000102,MG001,WC000052,140,180,25,205,2026/05/25 16:42:58,2026/05/26 11:07:00,,EQ-A020,9004,田中 三郎,25,137,97.9,1,0.7,2026/05/25 16:42:58,2026/05/26 10:16:58,,,,,,完了,2026/05/26 10:16:58
CASE-PO-000496,CASE-PN-000496,3,CASE-PO-000496_3,二次組立,A030,MB000102,MG001,WC000053,140,150,20,170,2026/05/26 21:21:14,2026/05/27 11:20:00,,EQ-A030,9004,田中 三郎,20,138,98.6,2,1.4,2026/05/27 08:30:00,2026/05/27 11:19:22,,,,,,完了,2026/05/27 11:19:22
CASE-PO-000496,CASE-PN-000496,4,CASE-PO-000496_4,完成検査,A040,MB000102,MG001,WC000054,140,60,0,60,2026/05/27 16:10:49,2026/05/27 17:10:49,,EQ-A040,9004,田中 三郎,0,138,98.6,1,0.7,2026/05/27 16:10:49,2026/05/27 17:19:09,,,,,,完了,2026/05/27 17:19:09
CASE-PO-000497,CASE-PN-000497,1,CASE-PO-000497_1,部品準備,A010,MB000101,MG001,WC000051,89,45,10,55,2026/07/06 08:30:00,2026/07/06 09:25:00,,EQ-A010,9002,鈴木 花子,10,88,98.9,0,0.0,2026/07/06 08:30:00,2026/07/06 09:13:22,,,,,,完了,2026/07/06 09:13:22
CASE-PO-000497,CASE-PN-000497,2,CASE-PO-000497_2,一次組立,A020,MB000101,MG001,WC000052,89,180,25,205,2026/07/06 16:09:28,2026/07/07 10:34:00,,EQ-A020,9002,鈴木 花子,25,89,100.0,1,1.1,2026/07/06 16:09:28,2026/07/07 09:49:15,,,,,,完了,2026/07/07 09:49:15
CASE-PO-000497,CASE-PN-000497,3,CASE-PO-000497_3,二次組立,A030,MB000101,MG001,WC000053,89,150,20,170,2026/07/07 13:45:38,2026/07/07 16:35:38,,EQ-A030,9002,鈴木 花子,20,89,100.0,1,1.1,2026/07/07 13:45:38,2026/07/07 16:07:11,,,,,,完了,2026/07/07 16:07:11
CASE-PO-000497,CASE-PN-000497,4,CASE-PO-000497_4,完成検査,A040,MB000101,MG001,WC000054,89,60,0,60,2026/07/08 01:19:05,2026/07/08 09:30:00,,EQ-A040,9002,鈴木 花子,0,88,98.9,1,1.1,2026/07/08 08:30:00,2026/07/08 09:39:40,,,,,,完了,2026/07/08 09:39:40
CASE-PO-000498,CASE-PN-000498,1,CASE-PO-000498_1,部品準備,A010,MB000102,MG001,WC000051,159,45,10,55,2026/05/20 08:30:00,2026/05/20 09:25:00,,EQ-A010,9004,田中 三郎,10,157,98.7,2,1.3,2026/05/20 08:30:00,2026/05/20 09:16:00,,,,,,完了,2026/05/20 09:16:00
CASE-PO-000498,CASE-PN-000498,2,CASE-PO-000498_2,一次組立,A020,MB000102,MG001,WC000052,159,180,25,205,2026/05/20 11:20:32,2026/05/20 14:45:32,,EQ-A020,9004,田中 三郎,25,157,98.7,2,1.3,2026/05/20 11:20:32,2026/05/20 14:04:25,,,,,,完了,2026/05/20 14:04:25
CASE-PO-000498,CASE-PN-000498,3,CASE-PO-000498_3,二次組立,A030,MB000102,MG001,WC000053,159,150,20,170,2026/05/20 19:09:50,2026/05/21 11:20:00,,EQ-A030,9004,田中 三郎,20,157,98.7,1,0.6,2026/05/21 08:30:00,2026/05/21 10:44:37,,,,,,完了,2026/05/21 10:44:37
CASE-PO-000498,CASE-PN-000498,4,CASE-PO-000498_4,完成検査,A040,MB000102,MG001,WC000054,159,60,0,60,2026/05/21 13:04:56,2026/05/21 14:04:56,,EQ-A040,9004,田中 三郎,0,158,99.4,0,0.0,2026/05/21 13:04:56,2026/05/21 14:16:23,,,,,,完了,2026/05/21 14:16:23
CASE-PO-000499,CASE-PN-000499,1,CASE-PO-000499_1,部品準備,A010,MB000103,MG001,WC000051,37,45,10,55,2026/06/08 08:30:00,2026/06/08 09:25:00,,EQ-A010,9001,山田 太郎,10,36,97.3,0,0.0,2026/06/08 08:30:00,2026/06/08 09:11:53,,,,,,完了,2026/06/08 09:11:53
CASE-PO-000499,CASE-PN-000499,2,CASE-PO-000499_2,一次組立,A020,MB000103,MG001,WC000052,37,180,25,205,2026/06/08 15:49:14,2026/06/09 10:14:00,,EQ-A020,9001,山田 太郎,25,37,100.0,1,2.7,2026/06/08 15:49:14,2026/06/09 09:42:36,,,,,,完了,2026/06/09 09:42:36
CASE-PO-000499,CASE-PN-000499,3,CASE-PO-000499_3,二次組立,A030,MB000103,MG001,WC000053,37,150,20,170,2026/06/09 13:22:58,2026/06/09 16:12:58,,EQ-A030,9001,山田 太郎,20,36,97.3,0,0.0,2026/06/09 13:22:58,2026/06/09 16:28:20,,,,,,完了,2026/06/09 16:28:20
CASE-PO-000499,CASE-PN-000499,4,CASE-PO-000499_4,完成検査,A040,MB000103,MG001,WC000054,37,60,0,60,2026/06/09 23:52:51,2026/06/10 09:30:00,,EQ-A040,9001,山田 太郎,0,37,100.0,0,0.0,2026/06/10 08:30:00,2026/06/10 09:22:06,,,,,,完了,2026/06/10 09:22:06
CASE-PO-000500,CASE-PN-000500,1,CASE-PO-000500_1,部品準備,A010,MB000102,MG001,WC000051,170,45,10,55,2026/05/18 08:30:00,2026/05/18 09:25:00,,EQ-A010,9002,鈴木 花子,10,167,98.2,1,0.6,2026/05/18 08:30:00,2026/05/18 09:25:30,,,,,,完了,2026/05/18 09:25:30
CASE-PO-000500,CASE-PN-000500,2,CASE-PO-000500_2,一次組立,A020,MB000102,MG001,WC000052,170,180,25,205,2026/05/18 11:14:04,2026/05/18 14:39:04,,EQ-A020,9002,鈴木 花子,25,169,99.4,3,1.8,2026/05/18 11:14:04,2026/05/18 14:47:04,,,,,,完了,2026/05/18 14:47:04
CASE-PO-000500,CASE-PN-000500,3,CASE-PO-000500_3,二次組立,A030,MB000102,MG001,WC000053,170,150,20,170,2026/05/19 02:18:00,2026/05/19 11:20:00,,EQ-A030,9002,鈴木 花子,20,169,99.4,0,0.0,,2026/05/19 11:19:40,,,,,,完了,2026/05/19 11:19:40
CASE-PO-000500,CASE-PN-000500,4,CASE-PO-000500_4,完成検査,A040,MB000102,MG001,WC000054,170,60,0,60,2026/05/19 12:37:00,2026/05/19 13:37:00,,EQ-A040,9002,鈴木 花子,0,168,98.8,3,1.8,2026/05/19 12:37:00,2026/05/19 13:37:10,,,,,,完了,2026/05/19 13:37:10
CASE-PO-000501,CASE-PN-000501,1,CASE-PO-000501_1,部品準備,A010,MB000102,MG001,WC000051,139,45,10,55,2026/06/23 08:30:00,2026/06/23 09:25:00,,EQ-A010,9005,高橋 四郎,10,138,99.3,2,1.4,2026/06/23 08:30:00,2026/06/23 09:16:49,,,,,,完了,2026/06/23 09:16:49
CASE-PO-000501,CASE-PN-000501,2,CASE-PO-000501_2,一次組立,A020,MB000102,MG001,WC000052,139,180,25,205,2026/06/23 13:39:39,2026/06/23 17:04:39,,EQ-A020,9005,高橋 四郎,25,136,97.8,1,0.7,2026/06/23 13:39:39,2026/06/23 16:15:13,,,,,,完了,2026/06/23 16:15:13
CASE-PO-000501,CASE-PN-000501,3,CASE-PO-000501_3,二次組立,A030,MB000102,MG001,WC000053,139,150,20,170,2026/06/23 20:25:52,2026/06/24 11:20:00,,EQ-A030,9005,高橋 四郎,20,139,100.0,1,0.7,2026/06/24 08:30:00,2026/06/24 11:04:59,,,,,,完了,2026/06/24 11:04:59
CASE-PO-000501,CASE-PN-000501,4,CASE-PO-000501_4,完成検査,A040,MB000102,MG001,WC000054,139,60,0,60,2026/06/24 14:12:26,2026/06/24 15:12:26,,EQ-A040,9005,高橋 四郎,0,137,98.6,2,1.4,2026/06/24 14:12:26,2026/06/24 15:26:38,,,,,,完了,2026/06/24 15:26:38
CASE-PO-000502,CASE-PN-000502,1,CASE-PO-000502_1,部品準備,A010,MB000101,MG001,WC000051,64,45,10,55,2026/05/12 08:30:00,2026/05/12 09:25:00,,EQ-A010,9002,鈴木 花子,10,63,98.4,1,1.6,2026/05/12 08:30:00,2026/05/12 09:25:04,,,,,,完了,2026/05/12 09:25:04
CASE-PO-000502,CASE-PN-000502,2,CASE-PO-000502_2,一次組立,A020,MB000101,MG001,WC000052,64,180,25,205,2026/05/12 12:40:41,2026/05/12 16:05:41,,EQ-A020,9002,鈴木 花子,25,62,96.9,0,0.0,2026/05/12 12:40:41,2026/05/12 15:28:53,,,,,,完了,2026/05/12 15:28:53
CASE-PO-000502,CASE-PN-000502,3,CASE-PO-000502_3,二次組立,A030,MB000101,MG001,WC000053,64,150,20,170,2026/05/12 19:12:08,2026/05/13 11:20:00,,EQ-A030,9002,鈴木 花子,20,62,96.9,0,0.0,2026/05/13 08:30:00,2026/05/13 11:19:40,,,,,,完了,2026/05/13 11:19:40
CASE-PO-000502,CASE-PN-000502,4,CASE-PO-000502_4,完成検査,A040,MB000101,MG001,WC000054,64,60,0,60,2026/05/13 12:56:03,2026/05/13 13:56:03,,EQ-A040,9002,鈴木 花子,0,64,100.0,1,1.6,2026/05/13 12:56:03,2026/05/13 13:54:50,,,,,,完了,2026/05/13 13:54:50
CASE-PO-000503,CASE-PN-000503,1,CASE-PO-000503_1,部品準備,A010,MB000102,MG001,WC000051,174,45,10,55,2026/06/05 08:30:00,2026/06/05 09:25:00,,EQ-A010,9002,鈴木 花子,10,171,98.3,2,1.1,2026/06/05 08:30:00,2026/06/05 09:18:01,,,,,,完了,2026/06/05 09:18:01
CASE-PO-000503,CASE-PN-000503,2,CASE-PO-000503_2,一次組立,A020,MB000102,MG001,WC000052,174,180,25,205,2026/06/05 15:46:35,2026/06/08 10:11:00,,EQ-A020,9002,鈴木 花子,25,171,98.3,0,0.0,2026/06/05 15:46:35,2026/06/08 09:56:20,,,,,,完了,2026/06/08 09:56:20
CASE-PO-000503,CASE-PN-000503,3,CASE-PO-000503_3,二次組立,A030,MB000102,MG001,WC000053,174,150,20,170,2026/06/08 13:57:02,2026/06/08 16:47:02,,EQ-A030,9002,鈴木 花子,20,169,97.1,2,1.1,2026/06/08 13:57:02,2026/06/08 16:42:39,,,,,,完了,2026/06/08 16:42:39
CASE-PO-000503,CASE-PN-000503,4,CASE-PO-000503_4,完成検査,A040,MB000102,MG001,WC000054,174,60,0,60,2026/06/09 00:10:28,2026/06/09 09:30:00,,EQ-A040,9002,鈴木 花子,0,171,98.3,1,0.6,2026/06/09 08:30:00,2026/06/09 09:41:15,,,,,,完了,2026/06/09 09:41:15
CASE-PO-000504,CASE-PN-000504,1,CASE-PO-000504_1,部品準備,A010,MB000103,MG001,WC000051,68,45,10,55,2026/05/15 08:30:00,2026/05/15 09:25:00,,EQ-A010,9002,鈴木 花子,10,66,97.1,1,1.5,2026/05/15 08:30:00,2026/05/15 09:18:51,,,,,,完了,2026/05/15 09:18:51
CASE-PO-000504,CASE-PN-000504,2,CASE-PO-000504_2,一次組立,A020,MB000103,MG001,WC000052,68,180,25,205,2026/05/15 13:41:45,2026/05/15 17:06:45,,EQ-A020,9002,鈴木 花子,25,66,97.1,1,1.5,2026/05/15 13:41:45,2026/05/15 16:44:45,,,,,,完了,2026/05/15 16:44:45
CASE-PO-000504,CASE-PN-000504,3,CASE-PO-000504_3,二次組立,A030,MB000103,MG001,WC000053,68,150,20,170,2026/05/15 22:53:12,2026/05/18 11:20:00,,EQ-A030,9002,鈴木 花子,20,66,97.1,1,1.5,2026/05/18 08:30:00,2026/05/18 11:16:33,,,,,,完了,2026/05/18 11:16:33
CASE-PO-000504,CASE-PN-000504,4,CASE-PO-000504_4,完成検査,A040,MB000103,MG001,WC000054,68,60,0,60,2026/05/18 19:02:25,2026/05/19 09:30:00,,EQ-A040,9002,鈴木 花子,0,67,98.5,0,0.0,2026/05/19 08:30:00,2026/05/19 09:44:36,,,,,,完了,2026/05/19 09:44:36
CASE-PO-000505,CASE-PN-000505,1,CASE-PO-000505_1,部品準備,A010,MB000101,MG001,WC000051,85,45,10,55,2026/06/16 08:30:00,2026/06/16 09:25:00,,EQ-A010,9003,佐藤 次郎,10,83,97.6,1,1.2,2026/06/16 08:30:00,2026/06/16 09:25:00,,,,,,完了,2026/06/16 09:25:00
CASE-PO-000505,CASE-PN-000505,2,CASE-PO-000505_2,一次組立,A020,MB000101,MG001,WC000052,85,180,25,205,2026/06/16 14:13:52,2026/06/17 08:38:00,,EQ-A020,9003,佐藤 次郎,25,84,98.8,1,1.2,2026/06/16 14:13:52,2026/06/16 17:10:03,,,,,,完了,2026/06/16 17:10:03
CASE-PO-000505,CASE-PN-000505,3,CASE-PO-000505_3,二次組立,A030,MB000101,MG001,WC000053,85,150,20,170,2026/06/17 03:36:00,2026/06/17 11:20:00,,EQ-A030,9003,佐藤 次郎,20,85,100.0,1,1.2,2026/06/17 08:30:00,2026/06/17 11:13:29,,,,,,完了,2026/06/17 11:13:29
CASE-PO-000505,CASE-PN-000505,4,CASE-PO-000505_4,完成検査,A040,MB000101,MG001,WC000054,85,60,0,60,2026/06/17 15:37:34,2026/06/17 16:37:34,,EQ-A040,9003,佐藤 次郎,0,82,96.5,1,1.2,2026/06/17 15:37:34,2026/06/17 16:47:59,,,,,,完了,2026/06/17 16:47:59
CASE-PO-000506,CASE-PN-000506,1,CASE-PO-000506_1,部品準備,A010,MB000102,MG001,WC000051,152,45,10,55,2026/06/29 08:30:00,2026/06/29 09:25:00,,EQ-A010,9001,山田 太郎,10,149,98.0,1,0.7,2026/06/29 08:30:00,2026/06/29 09:09:14,,,,,,完了,2026/06/29 09:09:14
CASE-PO-000506,CASE-PN-000506,2,CASE-PO-000506_2,一次組立,A020,MB000102,MG001,WC000052,152,180,25,205,2026/06/29 12:33:38,2026/06/29 15:58:38,,EQ-A020,9001,山田 太郎,25,148,97.4,1,0.7,2026/06/29 12:33:38,2026/06/29 15:11:53,,,,,,完了,2026/06/29 15:11:53
CASE-PO-000506,CASE-PN-000506,3,CASE-PO-000506_3,二次組立,A030,MB000102,MG001,WC000053,152,150,20,170,2026/06/29 18:57:18,2026/06/30 11:20:00,,EQ-A030,9001,山田 太郎,20,148,97.4,1,0.7,2026/06/30 08:30:00,2026/06/30 11:11:54,,,,,,完了,2026/06/30 11:11:54
CASE-PO-000506,CASE-PN-000506,4,CASE-PO-000506_4,完成検査,A040,MB000102,MG001,WC000054,152,60,0,60,2026/06/30 16:57:23,2026/07/01 08:57:00,,EQ-A040,9001,山田 太郎,0,148,97.4,1,0.7,2026/06/30 16:57:23,2026/07/01 08:49:15,,,,,,完了,2026/07/01 08:49:15
CASE-PO-000507,CASE-PN-000507,1,CASE-PO-000507_1,部品準備,A010,MB000103,MG001,WC000051,76,45,10,55,2026/07/01 08:30:00,2026/07/01 09:25:00,,EQ-A010,9004,田中 三郎,10,75,98.7,0,0.0,2026/07/01 08:30:00,2026/07/01 09:24:47,,,,,,完了,2026/07/01 09:24:47
CASE-PO-000507,CASE-PN-000507,2,CASE-PO-000507_2,一次組立,A020,MB000103,MG001,WC000052,76,180,25,205,2026/07/01 11:28:21,2026/07/01 14:53:21,,EQ-A020,9004,田中 三郎,25,75,98.7,1,1.3,2026/07/01 11:28:21,2026/07/01 14:12:33,,,,,,完了,2026/07/01 14:12:33
CASE-PO-000507,CASE-PN-000507,3,CASE-PO-000507_3,二次組立,A030,MB000103,MG001,WC000053,76,150,20,170,2026/07/02 01:44:23,2026/07/02 11:20:00,,EQ-A030,9004,田中 三郎,20,75,98.7,1,1.3,2026/07/02 08:30:00,2026/07/02 11:16:35,,,,,,完了,2026/07/02 11:16:35
CASE-PO-000507,CASE-PN-000507,4,CASE-PO-000507_4,完成検査,A040,MB000103,MG001,WC000054,76,60,0,60,2026/07/02 18:08:21,2026/07/03 09:30:00,,EQ-A040,9004,田中 三郎,0,74,97.4,1,1.3,2026/07/03 08:30:00,2026/07/03 09:44:57,,,,,,完了,2026/07/03 09:44:57
CASE-PO-000508,CASE-PN-000508,1,CASE-PO-000508_1,部品準備,A010,MB000101,MG001,WC000051,51,45,10,55,2026/05/18 08:30:00,2026/05/18 09:25:00,,EQ-A010,9004,田中 三郎,10,50,98.0,1,2.0,2026/05/18 08:30:00,2026/05/18 09:24:43,,,,,,完了,2026/05/18 09:24:43
CASE-PO-000508,CASE-PN-000508,2,CASE-PO-000508_2,一次組立,A020,MB000101,MG001,WC000052,51,180,25,205,2026/05/18 13:16:11,2026/05/18 16:41:11,,EQ-A020,9004,田中 三郎,25,51,100.0,1,2.0,2026/05/18 13:16:11,2026/05/18 16:16:36,,,,,,完了,2026/05/18 16:16:36
CASE-PO-000508,CASE-PN-000508,3,CASE-PO-000508_3,二次組立,A030,MB000101,MG001,WC000053,51,150,20,170,2026/05/19 00:53:17,2026/05/19 11:20:00,,EQ-A030,9004,田中 三郎,20,50,98.0,0,0.0,2026/05/19 08:30:00,2026/05/19 11:23:46,,,,,,完了,2026/05/19 11:23:46
CASE-PO-000508,CASE-PN-000508,4,CASE-PO-000508_4,完成検査,A040,MB000101,MG001,WC000054,51,60,0,60,2026/05/19 18:32:31,2026/05/20 09:30:00,,EQ-A040,9004,田中 三郎,0,51,100.0,0,0.0,2026/05/20 08:30:00,2026/05/20 09:29:35,,,,,,完了,2026/05/20 09:29:35
CASE-PO-000509,CASE-PN-000509,1,CASE-PO-000509_1,部品準備,A010,MB000102,MG001,WC000051,122,45,10,55,2026/05/25 08:30:00,2026/05/25 09:25:00,,EQ-A010,9005,高橋 四郎,10,119,97.5,0,0.0,2026/05/25 08:30:00,2026/05/25 09:20:39,,,,,,完了,2026/05/25 09:20:39
CASE-PO-000509,CASE-PN-000509,2,CASE-PO-000509_2,一次組立,A020,MB000102,MG001,WC000052,122,180,25,205,2026/05/25 13:53:01,2026/05/25 17:18:01,,EQ-A020,9005,高橋 四郎,25,120,98.4,1,0.8,2026/05/25 13:53:01,2026/05/25 16:30:09,,,,,,完了,2026/05/25 16:30:09
CASE-PO-000509,CASE-PN-000509,3,CASE-PO-000509_3,二次組立,A030,MB000102,MG001,WC000053,122,150,20,170,2026/05/26 02:51:42,2026/05/26 11:20:00,,EQ-A030,9005,高橋 四郎,20,119,97.5,1,0.8,2026/05/26 08:30:00,2026/05/26 10:42:54,,,,,,完了,2026/05/26 10:42:54
CASE-PO-000509,CASE-PN-000509,4,CASE-PO-000509_4,完成検査,A040,MB000102,MG001,WC000054,122,60,0,60,2026/05/26 18:57:03,2026/05/27 09:30:00,,EQ-A040,9005,高橋 四郎,0,119,97.5,0,0.0,2026/05/27 08:30:00,2026/05/27 09:23:40,,,,,,完了,2026/05/27 09:23:40
CASE-PO-000510,CASE-PN-000510,1,CASE-PO-000510_1,部品準備,A010,MB000102,MG001,WC000051,140,45,10,55,2026/06/08 08:30:00,2026/06/08 09:25:00,,EQ-A010,9001,山田 太郎,10,137,97.9,1,0.7,2026/06/08 08:30:00,2026/06/08 09:11:48,,,,,,完了,2026/06/08 09:11:48
CASE-PO-000510,CASE-PN-000510,2,CASE-PO-000510_2,一次組立,A020,MB000102,MG001,WC000052,140,180,25,205,2026/06/08 10:13:06,2026/06/08 13:38:06,,EQ-A020,9001,山田 太郎,25,137,97.9,0,0.0,2026/06/08 10:13:06,2026/06/08 13:54:46,,,,,,完了,2026/06/08 13:54:46
CASE-PO-000510,CASE-PN-000510,3,CASE-PO-000510_3,二次組立,A030,MB000102,MG001,WC000053,140,150,20,170,2026/06/09 00:46:41,2026/06/09 11:20:00,,EQ-A030,9001,山田 太郎,20,139,99.3,2,1.4,2026/06/09 08:30:00,2026/06/09 10:51:53,,,,,,完了,2026/06/09 10:51:53
CASE-PO-000510,CASE-PN-000510,4,CASE-PO-000510_4,完成検査,A040,MB000102,MG001,WC000054,140,60,0,60,2026/06/09 16:02:18,2026/06/09 17:02:18,,EQ-A040,9001,山田 太郎,0,137,97.9,2,1.4,2026/06/09 16:02:18,2026/06/09 17:04:30,,,,,,完了,2026/06/09 17:04:30
CASE-PO-000511,CASE-PN-000511,1,CASE-PO-000511_1,部品準備,A010,MB000102,MG001,WC000051,177,45,10,55,2026/06/01 08:30:00,2026/06/01 09:25:00,,EQ-A010,9002,鈴木 花子,10,177,100.0,3,1.7,2026/06/01 08:30:00,2026/06/01 09:23:17,,,,,,完了,2026/06/01 09:23:17
CASE-PO-000511,CASE-PN-000511,2,CASE-PO-000511_2,一次組立,A020,MB000102,MG001,WC000052,177,180,25,205,2026/06/01 11:49:07,2026/06/01 15:14:07,,EQ-A020,9002,鈴木 花子,25,173,97.7,2,1.1,2026/06/01 11:49:07,2026/06/01 14:50:36,,,,,,完了,2026/06/01 14:50:36
CASE-PO-000511,CASE-PN-000511,3,CASE-PO-000511_3,二次組立,A030,MB000102,MG001,WC000053,177,150,20,170,2026/06/01 19:28:19,2026/06/02 11:20:00,,EQ-A030,9002,鈴木 花子,20,174,98.3,1,0.6,2026/06/02 08:30:00,2026/06/02 10:55:42,,,,,,完了,2026/06/02 10:55:42
CASE-PO-000511,CASE-PN-000511,4,CASE-PO-000511_4,完成検査,A040,MB000102,MG001,WC000054,177,60,0,60,2026/06/02 14:38:30,2026/06/02 15:38:30,,EQ-A040,9002,鈴木 花子,0,174,98.3,2,1.1,2026/06/02 14:38:30,2026/06/02 15:46:15,,,,,,完了,2026/06/02 15:46:15
CASE-PO-000512,CASE-PN-000512,1,CASE-PO-000512_1,部品準備,A010,MB000102,MG001,WC000051,155,45,10,55,2026/05/15 08:30:00,2026/05/15 09:25:00,,EQ-A010,9001,山田 太郎,10,151,97.4,2,1.3,2026/05/15 08:30:00,2026/05/15 09:17:48,,,,,,完了,2026/05/15 09:17:48
CASE-PO-000512,CASE-PN-000512,2,CASE-PO-000512_2,一次組立,A020,MB000102,MG001,WC000052,155,180,25,205,2026/05/15 11:46:21,2026/05/15 15:11:21,,EQ-A020,9001,山田 太郎,25,151,97.4,3,1.9,2026/05/15 11:46:21,2026/05/15 14:34:29,,,,,,完了,2026/05/15 14:34:29
CASE-PO-000512,CASE-PN-000512,3,CASE-PO-000512_3,二次組立,A030,MB000102,MG001,WC000053,155,150,20,170,2026/05/16 02:04:31,2026/05/18 11:20:00,,EQ-A030,9001,山田 太郎,20,152,98.1,2,1.3,2026/05/18 08:30:00,2026/05/18 11:14:25,,,,,,完了,2026/05/18 11:14:25
CASE-PO-000512,CASE-PN-000512,4,CASE-PO-000512_4,完成検査,A040,MB000102,MG001,WC000054,155,60,0,60,2026/05/18 20:58:57,2026/05/19 09:30:00,,EQ-A040,9001,山田 太郎,0,151,97.4,1,0.6,2026/05/19 08:30:00,2026/05/19 09:37:19,,,,,,完了,2026/05/19 09:37:19
CASE-PO-000513,CASE-PN-000513,1,CASE-PO-000513_1,部品準備,A010,MB000101,MG001,WC000051,43,45,10,55,2026/06/29 08:30:00,2026/06/29 09:25:00,,EQ-A010,9001,山田 太郎,10,43,100.0,0,0.0,2026/06/29 08:30:00,2026/06/29 09:08:52,,,,,,完了,2026/06/29 09:08:52
CASE-PO-000513,CASE-PN-000513,2,CASE-PO-000513_2,一次組立,A020,MB000101,MG001,WC000052,43,180,25,205,2026/06/29 16:52:24,2026/06/30 11:17:00,,EQ-A020,9001,山田 太郎,25,43,100.0,0,0.0,2026/06/29 16:52:24,2026/06/30 10:33:25,,,,,,完了,2026/06/30 10:33:25
CASE-PO-000513,CASE-PN-000513,3,CASE-PO-000513_3,二次組立,A030,MB000101,MG001,WC000053,43,150,20,170,2026/06/30 21:52:36,2026/07/01 11:20:00,,EQ-A030,9001,山田 太郎,20,43,100.0,0,0.0,2026/07/01 08:30:00,2026/07/01 11:14:04,,,,,,完了,2026/07/01 11:14:04
CASE-PO-000513,CASE-PN-000513,4,CASE-PO-000513_4,完成検査,A040,MB000101,MG001,WC000054,43,60,0,60,2026/07/01 16:22:18,2026/07/01 17:22:18,,EQ-A040,9001,山田 太郎,0,42,97.7,0,0.0,2026/07/01 16:22:18,2026/07/02 08:33:15,,,,,,完了,2026/07/02 08:33:15
CASE-PO-000514,CASE-PN-000514,1,CASE-PO-000514_1,部品準備,A010,MB000101,MG001,WC000051,66,45,10,55,2026/07/01 08:30:00,2026/07/01 09:25:00,,EQ-A010,9005,高橋 四郎,10,65,98.5,1,1.5,2026/07/01 08:30:00,2026/07/01 09:15:03,,,,,,完了,2026/07/01 09:15:03
CASE-PO-000514,CASE-PN-000514,2,CASE-PO-000514_2,一次組立,A020,MB000101,MG001,WC000052,66,180,25,205,2026/07/01 13:29:36,2026/07/01 16:54:36,,EQ-A020,9005,高橋 四郎,25,64,97.0,1,1.5,2026/07/01 13:29:36,2026/07/01 16:29:55,,,,,,完了,2026/07/01 16:29:55
CASE-PO-000514,CASE-PN-000514,3,CASE-PO-000514_3,二次組立,A030,MB000101,MG001,WC000053,66,150,20,170,2026/07/01 19:59:00,2026/07/02 11:20:00,,EQ-A030,9005,高橋 四郎,20,65,98.5,1,1.5,2026/07/02 08:30:00,2026/07/02 10:53:42,,,,,,完了,2026/07/02 10:53:42
CASE-PO-000514,CASE-PN-000514,4,CASE-PO-000514_4,完成検査,A040,MB000101,MG001,WC000054,66,60,0,60,2026/07/02 13:03:13,2026/07/02 14:03:13,,EQ-A040,9005,高橋 四郎,0,66,100.0,1,1.5,2026/07/02 13:03:13,2026/07/02 13:59:14,,,,,,完了,2026/07/02 13:59:14
CASE-PO-000515,CASE-PN-000515,1,CASE-PO-000515_1,部品準備,A010,MB000102,MG001,WC000051,68,45,10,55,2026/06/08 08:30:00,2026/06/08 09:25:00,,EQ-A010,9003,佐藤 次郎,10,68,100.0,1,1.5,2026/06/08 08:30:00,2026/06/08 09:16:43,,,,,,完了,2026/06/08 09:16:43
CASE-PO-000515,CASE-PN-000515,2,CASE-PO-000515_2,一次組立,A020,MB000102,MG001,WC000052,68,180,25,205,2026/06/08 11:17:27,2026/06/08 14:42:27,,EQ-A020,9003,佐藤 次郎,25,68,100.0,1,1.5,2026/06/08 11:17:27,2026/06/08 14:32:09,,,,,,完了,2026/06/08 14:32:09
CASE-PO-000515,CASE-PN-000515,3,CASE-PO-000515_3,二次組立,A030,MB000102,MG001,WC000053,68,150,20,170,2026/06/08 18:56:17,2026/06/09 11:20:00,,EQ-A030,9003,佐藤 次郎,20,68,100.0,0,0.0,2026/06/09 08:30:00,2026/06/09 11:31:07,,,,,,完了,2026/06/09 11:31:07
CASE-PO-000515,CASE-PN-000515,4,CASE-PO-000515_4,完成検査,A040,MB000102,MG001,WC000054,68,60,0,60,2026/06/09 14:36:45,2026/06/09 15:36:45,,EQ-A040,9003,佐藤 次郎,0,66,97.1,1,1.5,2026/06/09 14:36:45,2026/06/09 15:32:54,,,,,,完了,2026/06/09 15:32:54
CASE-PO-000516,CASE-PN-000516,1,CASE-PO-000516_1,部品準備,A010,MB000102,MG001,WC000051,181,45,10,55,2026/05/14 08:30:00,2026/05/14 09:25:00,,EQ-A010,9002,鈴木 花子,10,179,98.9,3,1.7,2026/05/14 08:30:00,2026/05/14 09:22:50,,,,,,完了,2026/05/14 09:22:50
CASE-PO-000516,CASE-PN-000516,2,CASE-PO-000516_2,一次組立,A020,MB000102,MG001,WC000052,181,180,25,205,2026/05/14 13:49:04,2026/05/14 17:14:04,,EQ-A020,9002,鈴木 花子,25,177,97.8,1,0.6,2026/05/14 13:49:04,2026/05/14 16:37:35,,,,,,完了,2026/05/14 16:37:35
CASE-PO-000516,CASE-PN-000516,3,CASE-PO-000516_3,二次組立,A030,MB000102,MG001,WC000053,181,150,20,170,2026/05/15 03:43:59,2026/05/15 11:20:00,,EQ-A030,9002,鈴木 花子,20,180,99.4,2,1.1,2026/05/15 08:30:00,2026/05/15 11:23:35,,,,,,完了,2026/05/15 11:23:35
CASE-PO-000516,CASE-PN-000516,4,CASE-PO-000516_4,完成検査,A040,MB000102,MG001,WC000054,181,60,0,60,2026/05/15 15:43:38,2026/05/15 16:43:38,,EQ-A040,9002,鈴木 花子,0,177,97.8,2,1.1,2026/05/15 15:43:38,2026/05/15 16:58:36,,,,,,完了,2026/05/15 16:58:36
CASE-PO-000517,CASE-PN-000517,1,CASE-PO-000517_1,部品準備,A010,MB000103,MG001,WC000051,73,45,10,55,2026/07/01 08:30:00,2026/07/01 09:25:00,,EQ-A010,9005,高橋 四郎,10,71,97.3,1,1.4,2026/07/01 08:30:00,2026/07/01 09:15:51,,,,,,完了,2026/07/01 09:15:51
CASE-PO-000517,CASE-PN-000517,2,CASE-PO-000517_2,一次組立,A020,MB000103,MG001,WC000052,73,180,25,205,2026/07/01 13:25:44,2026/07/01 16:50:44,,EQ-A020,9005,高橋 四郎,25,71,97.3,1,1.4,2026/07/01 13:25:44,2026/07/01 16:40:36,,,,,,完了,2026/07/01 16:40:36
CASE-PO-000517,CASE-PN-000517,3,CASE-PO-000517_3,二次組立,A030,MB000103,MG001,WC000053,73,150,20,170,2026/07/01 19:01:02,2026/07/02 11:20:00,,EQ-A030,9005,高橋 四郎,20,72,98.6,1,1.4,2026/07/02 08:30:00,2026/07/02 11:10:28,,,,,,完了,2026/07/02 11:10:28
CASE-PO-000517,CASE-PN-000517,4,CASE-PO-000517_4,完成検査,A040,MB000103,MG001,WC000054,73,60,0,60,2026/07/02 13:26:02,2026/07/02 14:26:02,,EQ-A040,9005,高橋 四郎,0,72,98.6,1,1.4,2026/07/02 13:26:02,2026/07/02 14:29:38,,,,,,完了,2026/07/02 14:29:38
CASE-PO-000518,CASE-PN-000518,1,CASE-PO-000518_1,部品準備,A010,MB000103,MG001,WC000051,38,45,10,55,2026/06/30 08:30:00,2026/06/30 09:25:00,,EQ-A010,9005,高橋 四郎,10,38,100.0,1,2.6,2026/06/30 08:30:00,2026/06/30 09:16:31,,,,,,完了,2026/06/30 09:16:31
CASE-PO-000518,CASE-PN-000518,2,CASE-PO-000518_2,一次組立,A020,MB000103,MG001,WC000052,38,180,25,205,2026/06/30 12:48:38,2026/06/30 16:13:38,,EQ-A020,9005,高橋 四郎,25,38,100.0,0,0.0,2026/06/30 12:48:38,2026/06/30 15:29:21,,,,,,完了,2026/06/30 15:29:21
CASE-PO-000518,CASE-PN-000518,3,CASE-PO-000518_3,二次組立,A030,MB000103,MG001,WC000053,38,150,20,170,2026/06/30 23:28:59,2026/07/01 11:20:00,,EQ-A030,9005,高橋 四郎,,,,,,2026/07/01 08:30:00,,,,,,,生産中,2026/07/01 11:20:00
CASE-PO-000518,CASE-PN-000518,4,CASE-PO-000518_4,完成検査,A040,MB000103,MG001,WC000054,38,60,0,60,2026/07/01 16:22:14,2026/07/01 17:22:14,,EQ-A040,9005,高橋 四郎,,,,,,,,,,,,,開始待ち,2026/07/01 17:22:14
CASE-PO-000519,CASE-PN-000519,1,CASE-PO-000519_1,部品準備,A010,MB000103,MG001,WC000051,84,45,10,55,2026/05/27 08:30:00,2026/05/27 09:25:00,,EQ-A010,9001,山田 太郎,10,82,97.6,1,1.2,2026/05/27 08:30:00,2026/05/27 09:08:40,,,,,,完了,2026/05/27 09:08:40
CASE-PO-000519,CASE-PN-000519,2,CASE-PO-000519_2,一次組立,A020,MB000103,MG001,WC000052,84,180,25,205,2026/05/27 11:11:42,2026/05/27 14:36:42,,EQ-A020,9001,山田 太郎,25,82,97.6,1,1.2,2026/05/27 11:11:42,2026/05/27 14:08:39,,,,,,完了,2026/05/27 14:08:39
CASE-PO-000519,CASE-PN-000519,3,CASE-PO-000519_3,二次組立,A030,MB000103,MG001,WC000053,84,150,20,170,2026/05/27 16:56:58,2026/05/28 10:46:00,,EQ-A030,9001,山田 太郎,20,82,97.6,0,0.0,2026/05/27 16:56:58,2026/05/28 10:54:11,,,,,,完了,2026/05/28 10:54:11
CASE-PO-000519,CASE-PN-000519,4,CASE-PO-000519_4,完成検査,A040,MB000103,MG001,WC000054,84,60,0,60,2026/05/28 12:30:15,2026/05/28 13:30:15,,EQ-A040,9001,山田 太郎,0,83,98.8,1,1.2,2026/05/28 12:30:15,2026/05/28 13:43:02,,,,,,完了,2026/05/28 13:43:02
CASE-PO-000520,CASE-PN-000520,1,CASE-PO-000520_1,部品準備,A010,MB000102,MG001,WC000051,177,45,10,55,2026/06/11 08:30:00,2026/06/11 09:25:00,,EQ-A010,9005,高橋 四郎,10,172,97.2,1,0.6,2026/06/11 08:30:00,2026/06/11 09:10:24,,,,,,完了,2026/06/11 09:10:24
CASE-PO-000520,CASE-PN-000520,2,CASE-PO-000520_2,一次組立,A020,MB000102,MG001,WC000052,177,180,25,205,2026/06/11 11:05:50,2026/06/11 14:30:50,,EQ-A020,9005,高橋 四郎,25,174,98.3,3,1.7,2026/06/11 11:05:50,2026/06/11 13:51:28,,,,,,完了,2026/06/11 13:51:28
CASE-PO-000520,CASE-PN-000520,3,CASE-PO-000520_3,二次組立,A030,MB000102,MG001,WC000053,177,150,20,170,2026/06/11 21:32:18,2026/06/12 11:20:00,,EQ-A030,9005,高橋 四郎,20,176,99.4,3,1.7,2026/06/12 08:30:00,2026/06/12 11:00:45,,,,,,完了,2026/06/12 11:00:45
CASE-PO-000520,CASE-PN-000520,4,CASE-PO-000520_4,完成検査,A040,MB000102,MG001,WC000054,177,60,0,60,2026/06/12 15:39:06,2026/06/12 16:39:06,,EQ-A040,9005,高橋 四郎,0,175,98.9,2,1.1,2026/06/12 15:39:06,2026/06/12 16:38:01,,,,,,完了,2026/06/12 16:38:01
CASE-PO-000521,CASE-PN-000521,1,CASE-PO-000521_1,部品準備,A010,MB000103,MG001,WC000051,69,45,10,55,2026/06/01 08:30:00,2026/06/01 09:25:00,,EQ-A010,9001,山田 太郎,10,67,97.1,0,0.0,2026/06/01 08:30:00,2026/06/01 09:15:51,,,,,,完了,2026/06/01 09:15:51
CASE-PO-000521,CASE-PN-000521,2,CASE-PO-000521_2,一次組立,A020,MB000103,MG001,WC000052,69,180,25,205,2026/06/01 11:25:55,2026/06/01 14:50:55,,EQ-A020,9001,山田 太郎,25,67,97.1,1,1.4,2026/06/01 11:25:55,2026/06/01 14:50:56,,,,,,完了,2026/06/01 14:50:56
CASE-PO-000521,CASE-PN-000521,3,CASE-PO-000521_3,二次組立,A030,MB000103,MG001,WC000053,69,150,20,170,2026/06/01 18:01:31,2026/06/02 11:20:00,,EQ-A030,9001,山田 太郎,20,67,97.1,1,1.4,2026/06/02 08:30:00,2026/06/02 10:54:26,,,,,,完了,2026/06/02 10:54:26
CASE-PO-000521,CASE-PN-000521,4,CASE-PO-000521_4,完成検査,A040,MB000103,MG001,WC000054,69,60,0,60,2026/06/02 19:52:21,2026/06/03 09:30:00,,EQ-A040,9001,山田 太郎,0,69,100.0,1,1.4,2026/06/03 08:30:00,2026/06/03 09:34:46,,,,,,完了,2026/06/03 09:34:46
CASE-PO-000522,CASE-PN-000522,1,CASE-PO-000522_1,部品準備,A010,MB000101,MG001,WC000051,107,45,10,55,2026/05/14 08:30:00,2026/05/14 09:25:00,,EQ-A010,9005,高橋 四郎,10,105,98.1,0,0.0,2026/05/14 08:30:00,2026/05/14 09:19:39,,,,,,完了,2026/05/14 09:19:39
CASE-PO-000522,CASE-PN-000522,2,CASE-PO-000522_2,一次組立,A020,MB000101,MG001,WC000052,107,180,25,205,2026/05/14 11:32:06,2026/05/14 14:57:06,,EQ-A020,9005,高橋 四郎,25,107,100.0,0,0.0,2026/05/14 11:32:06,2026/05/14 14:43:50,,,,,,完了,2026/05/14 14:43:50
CASE-PO-000522,CASE-PN-000522,3,CASE-PO-000522_3,二次組立,A030,MB000101,MG001,WC000053,107,150,20,170,2026/05/15 02:15:29,2026/05/15 11:20:00,,EQ-A030,9005,高橋 四郎,20,105,98.1,2,1.9,2026/05/15 08:30:00,2026/05/15 11:26:59,,,,,,完了,2026/05/15 11:26:59
CASE-PO-000522,CASE-PN-000522,4,CASE-PO-000522_4,完成検査,A040,MB000101,MG001,WC000054,107,60,0,60,2026/05/15 14:02:10,2026/05/15 15:02:10,,EQ-A040,9005,高橋 四郎,0,106,99.1,2,1.9,2026/05/15 14:02:10,2026/05/15 14:54:21,,,,,,完了,2026/05/15 14:54:21
CASE-PO-000523,CASE-PN-000523,1,CASE-PO-000523_1,部品準備,A010,MB000101,MG001,WC000051,46,45,10,55,2026/06/05 08:30:00,2026/06/05 09:25:00,,EQ-A010,9002,鈴木 花子,10,45,97.8,1,2.2,2026/06/05 08:30:00,2026/06/05 09:09:13,,,,,,完了,2026/06/05 09:09:13
CASE-PO-000523,CASE-PN-000523,2,CASE-PO-000523_2,一次組立,A020,MB000101,MG001,WC000052,46,180,25,205,2026/06/05 11:22:21,2026/06/05 14:47:21,,EQ-A020,9002,鈴木 花子,25,46,100.0,0,0.0,2026/06/05 11:22:21,2026/06/05 14:00:21,,,,,,完了,2026/06/05 14:00:21
CASE-PO-000523,CASE-PN-000523,3,CASE-PO-000523_3,二次組立,A030,MB000101,MG001,WC000053,46,150,20,170,2026/06/05 20:57:26,2026/06/08 11:20:00,,EQ-A030,9002,鈴木 花子,20,46,100.0,0,0.0,2026/06/08 08:30:00,2026/06/08 11:27:11,,,,,,完了,2026/06/08 11:27:11
CASE-PO-000523,CASE-PN-000523,4,CASE-PO-000523_4,完成検査,A040,MB000101,MG001,WC000054,46,60,0,60,2026/06/08 19:53:07,2026/06/09 09:30:00,,EQ-A040,9002,鈴木 花子,0,45,97.8,0,0.0,2026/06/09 08:30:00,2026/06/09 09:39:43,,,,,,完了,2026/06/09 09:39:43
CASE-PO-000524,CASE-PN-000524,1,CASE-PO-000524_1,部品準備,A010,MB000103,MG001,WC000051,65,45,10,55,2026/06/25 08:30:00,2026/06/25 09:25:00,,EQ-A010,9003,佐藤 次郎,10,64,98.5,1,1.5,2026/06/25 08:30:00,2026/06/25 09:17:24,,,,,,完了,2026/06/25 09:17:24
CASE-PO-000524,CASE-PN-000524,2,CASE-PO-000524_2,一次組立,A020,MB000103,MG001,WC000052,65,180,25,205,2026/06/25 17:07:46,2026/06/26 11:32:00,,EQ-A020,9003,佐藤 次郎,25,65,100.0,1,1.5,2026/06/25 17:07:46,2026/06/26 11:14:03,,,,,,完了,2026/06/26 11:14:03
CASE-PO-000524,CASE-PN-000524,3,CASE-PO-000524_3,二次組立,A030,MB000103,MG001,WC000053,65,150,20,170,2026/06/26 19:28:26,2026/06/29 11:20:00,,EQ-A030,9003,佐藤 次郎,20,64,98.5,1,1.5,2026/06/29 08:30:00,2026/06/29 11:05:30,,,,,,完了,2026/06/29 11:05:30
CASE-PO-000524,CASE-PN-000524,4,CASE-PO-000524_4,完成検査,A040,MB000103,MG001,WC000054,65,60,0,60,2026/06/29 13:30:21,2026/06/29 14:30:21,,EQ-A040,9003,佐藤 次郎,0,65,100.0,0,0.0,2026/06/29 13:30:21,2026/06/29 14:27:21,,,,,,完了,2026/06/29 14:27:21
CASE-PO-000525,CASE-PN-000525,1,CASE-PO-000525_1,部品準備,A010,MB000103,MG001,WC000051,85,45,10,55,2026/06/29 08:30:00,2026/06/29 09:25:00,,EQ-A010,9005,高橋 四郎,10,85,100.0,0,0.0,2026/06/29 08:30:00,2026/06/29 09:21:08,,,,,,完了,2026/06/29 09:21:08
CASE-PO-000525,CASE-PN-000525,2,CASE-PO-000525_2,一次組立,A020,MB000103,MG001,WC000052,85,180,25,205,2026/06/29 12:06:51,2026/06/29 15:31:51,,EQ-A020,9005,高橋 四郎,25,83,97.6,1,1.2,2026/06/29 12:06:51,2026/06/29 15:17:05,,,,,,完了,2026/06/29 15:17:05
CASE-PO-000525,CASE-PN-000525,3,CASE-PO-000525_3,二次組立,A030,MB000103,MG001,WC000053,85,150,20,170,2026/06/29 21:33:20,2026/06/30 11:20:00,,EQ-A030,9005,高橋 四郎,20,83,97.6,1,1.2,2026/06/30 08:30:00,2026/06/30 11:14:07,,,,,,完了,2026/06/30 11:14:07
CASE-PO-000525,CASE-PN-000525,4,CASE-PO-000525_4,完成検査,A040,MB000103,MG001,WC000054,85,60,0,60,2026/06/30 16:40:53,2026/07/01 08:40:00,,EQ-A040,9005,高橋 四郎,0,84,98.8,0,0.0,2026/06/30 16:40:53,2026/07/01 08:52:33,,,,,,完了,2026/07/01 08:52:33
CASE-PO-000526,CASE-PN-000526,1,CASE-PO-000526_1,部品準備,A010,MB000103,MG001,WC000051,60,45,10,55,2026/05/18 08:30:00,2026/05/18 09:25:00,,EQ-A010,9004,田中 三郎,10,59,98.3,0,0.0,2026/05/18 08:30:00,2026/05/18 09:19:34,,,,,,完了,2026/05/18 09:19:34
CASE-PO-000526,CASE-PN-000526,2,CASE-PO-000526_2,一次組立,A020,MB000103,MG001,WC000052,60,180,25,205,2026/05/18 16:44:54,2026/05/19 11:09:00,,EQ-A020,9004,田中 三郎,25,60,100.0,1,1.7,2026/05/18 16:44:54,2026/05/19 10:38:06,,,,,,完了,2026/05/19 10:38:06
CASE-PO-000526,CASE-PN-000526,3,CASE-PO-000526_3,二次組立,A030,MB000103,MG001,WC000053,60,150,20,170,2026/05/19 17:11:17,2026/05/20 11:01:00,,EQ-A030,9004,田中 三郎,20,60,100.0,1,1.7,2026/05/19 17:11:17,2026/05/20 10:32:05,,,,,,完了,2026/05/20 10:32:05
CASE-PO-000526,CASE-PN-000526,4,CASE-PO-000526_4,完成検査,A040,MB000103,MG001,WC000054,60,60,0,60,2026/05/20 15:02:14,2026/05/20 16:02:14,,EQ-A040,9004,田中 三郎,0,60,100.0,0,0.0,2026/05/20 15:02:14,2026/05/20 16:00:43,,,,,,完了,2026/05/20 16:00:43
CASE-PO-000527,CASE-PN-000527,1,CASE-PO-000527_1,部品準備,A010,MB000102,MG001,WC000051,94,45,10,55,2026/06/26 08:30:00,2026/06/26 09:25:00,,EQ-A010,9003,佐藤 次郎,10,92,97.9,2,2.1,2026/06/26 08:30:00,2026/06/26 09:13:28,,,,,,完了,2026/06/26 09:13:28
CASE-PO-000527,CASE-PN-000527,2,CASE-PO-000527_2,一次組立,A020,MB000102,MG001,WC000052,94,180,25,205,2026/06/26 17:03:40,2026/06/29 11:28:00,,EQ-A020,9003,佐藤 次郎,25,92,97.9,0,0.0,2026/06/26 17:03:40,2026/06/29 11:36:28,,,,,,完了,2026/06/29 11:36:28
CASE-PO-000527,CASE-PN-000527,3,CASE-PO-000527_3,二次組立,A030,MB000102,MG001,WC000053,94,150,20,170,2026/06/29 19:15:38,2026/06/30 11:20:00,,EQ-A030,9003,佐藤 次郎,20,93,98.9,2,2.1,2026/06/30 08:30:00,2026/06/30 11:17:07,,,,,,完了,2026/06/30 11:17:07
CASE-PO-000527,CASE-PN-000527,4,CASE-PO-000527_4,完成検査,A040,MB000102,MG001,WC000054,94,60,0,60,2026/06/30 12:23:11,2026/06/30 13:23:11,,EQ-A040,9003,佐藤 次郎,0,93,98.9,1,1.1,2026/06/30 12:23:11,2026/06/30 13:25:30,,,,,,完了,2026/06/30 13:25:30
CASE-PO-000528,CASE-PN-000528,1,CASE-PO-000528_1,部品準備,A010,MB000103,MG001,WC000051,59,45,10,55,2026/05/11 08:30:00,2026/05/11 09:25:00,,EQ-A010,9002,鈴木 花子,10,58,98.3,1,1.7,2026/05/11 08:30:00,2026/05/11 09:17:17,,,,,,完了,2026/05/11 09:17:17
CASE-PO-000528,CASE-PN-000528,2,CASE-PO-000528_2,一次組立,A020,MB000103,MG001,WC000052,59,180,25,205,2026/05/11 15:01:48,2026/05/12 09:26:00,,EQ-A020,9002,鈴木 花子,25,59,100.0,0,0.0,2026/05/11 15:01:48,2026/05/12 08:53:17,,,,,,完了,2026/05/12 08:53:17
CASE-PO-000528,CASE-PN-000528,3,CASE-PO-000528_3,二次組立,A030,MB000103,MG001,WC000053,59,150,20,170,2026/05/12 14:08:08,2026/05/12 16:58:08,,EQ-A030,9002,鈴木 花子,20,58,98.3,1,1.7,2026/05/12 14:08:08,2026/05/12 16:39:02,,,,,,完了,2026/05/12 16:39:02
CASE-PO-000528,CASE-PN-000528,4,CASE-PO-000528_4,完成検査,A040,MB000103,MG001,WC000054,59,60,0,60,2026/05/12 18:42:31,2026/05/13 09:30:00,,EQ-A040,9002,鈴木 花子,0,57,96.6,1,1.7,2026/05/13 08:30:00,2026/05/13 09:24:26,,,,,,完了,2026/05/13 09:24:26
CASE-PO-000529,CASE-PN-000529,1,CASE-PO-000529_1,部品準備,A010,MB000102,MG001,WC000051,131,45,10,55,2026/06/15 08:30:00,2026/06/15 09:25:00,,EQ-A010,9002,鈴木 花子,10,128,97.7,1,0.8,2026/06/15 08:30:00,2026/06/15 09:11:23,,,,,,完了,2026/06/15 09:11:23
CASE-PO-000529,CASE-PN-000529,2,CASE-PO-000529_2,一次組立,A020,MB000102,MG001,WC000052,131,180,25,205,2026/06/15 14:06:37,2026/06/16 08:31:00,,EQ-A020,9002,鈴木 花子,25,129,98.5,2,1.5,2026/06/15 14:06:37,2026/06/15 17:26:44,,,,,,完了,2026/06/15 17:26:44
CASE-PO-000529,CASE-PN-000529,3,CASE-PO-000529_3,二次組立,A030,MB000102,MG001,WC000053,131,150,20,170,2026/06/16 02:45:40,2026/06/16 11:20:00,,EQ-A030,9002,鈴木 花子,20,129,98.5,2,1.5,2026/06/16 08:30:00,2026/06/16 10:51:06,,,,,,完了,2026/06/16 10:51:06
CASE-PO-000529,CASE-PN-000529,4,CASE-PO-000529_4,完成検査,A040,MB000102,MG001,WC000054,131,60,0,60,2026/06/16 12:52:46,2026/06/16 13:52:46,,EQ-A040,9002,鈴木 花子,,,,,,2026/06/16 12:52:46,,,,,,,生産中,2026/06/16 13:52:46
CASE-PO-000530,CASE-PN-000530,1,CASE-PO-000530_1,部品準備,A010,MB000101,MG001,WC000051,90,45,10,55,2026/05/20 08:30:00,2026/05/20 09:25:00,,EQ-A010,9005,高橋 四郎,10,89,98.9,1,1.1,2026/05/20 08:30:00,2026/05/20 09:26:12,,,,,,完了,2026/05/20 09:26:12
CASE-PO-000530,CASE-PN-000530,2,CASE-PO-000530_2,一次組立,A020,MB000101,MG001,WC000052,90,180,25,205,2026/05/20 15:43:58,2026/05/21 10:08:00,,EQ-A020,9005,高橋 四郎,25,89,98.9,0,0.0,2026/05/20 15:43:58,2026/05/21 10:05:12,,,,,,完了,2026/05/21 10:05:12
CASE-PO-000530,CASE-PN-000530,3,CASE-PO-000530_3,二次組立,A030,MB000101,MG001,WC000053,90,150,20,170,2026/05/21 20:32:42,2026/05/22 11:20:00,,EQ-A030,9005,高橋 四郎,20,90,100.0,1,1.1,2026/05/22 08:30:00,2026/05/22 11:34:04,,,,,,完了,2026/05/22 11:34:04
CASE-PO-000530,CASE-PN-000530,4,CASE-PO-000530_4,完成検査,A040,MB000101,MG001,WC000054,90,60,0,60,2026/05/22 13:50:17,2026/05/22 14:50:17,,EQ-A040,9005,高橋 四郎,0,89,98.9,0,0.0,2026/05/22 13:50:17,2026/05/22 15:01:49,,,,,,完了,2026/05/22 15:01:49
CASE-PO-000531,CASE-PN-000531,1,CASE-PO-000531_1,部品準備,A010,MB000102,MG001,WC000051,155,45,10,55,2026/05/11 08:30:00,2026/05/11 09:25:00,,EQ-A010,9004,田中 三郎,10,153,98.7,2,1.3,2026/05/11 08:30:00,2026/05/11 09:14:57,,,,,,完了,2026/05/11 09:14:57
CASE-PO-000531,CASE-PN-000531,2,CASE-PO-000531_2,一次組立,A020,MB000102,MG001,WC000052,155,180,25,205,2026/05/11 12:14:34,2026/05/11 15:39:34,,EQ-A020,9004,田中 三郎,25,151,97.4,0,0.0,2026/05/11 12:14:34,2026/05/11 15:48:27,,,,,,完了,2026/05/11 15:48:27
CASE-PO-000531,CASE-PN-000531,3,CASE-PO-000531_3,二次組立,A030,MB000102,MG001,WC000053,155,150,20,170,2026/05/12 02:18:01,2026/05/12 11:20:00,,EQ-A030,9004,田中 三郎,20,151,97.4,2,1.3,2026/05/12 08:30:00,2026/05/12 11:10:17,,,,,,完了,2026/05/12 11:10:17
CASE-PO-000531,CASE-PN-000531,4,CASE-PO-000531_4,完成検査,A040,MB000102,MG001,WC000054,155,60,0,60,2026/05/12 20:11:21,2026/05/13 09:30:00,,EQ-A040,9004,田中 三郎,0,154,99.4,1,0.6,2026/05/13 08:30:00,2026/05/13 09:22:24,,,,,,完了,2026/05/13 09:22:24
CASE-PO-000532,CASE-PN-000532,1,CASE-PO-000532_1,部品準備,A010,MB000102,MG001,WC000051,147,45,10,55,2026/05/25 08:30:00,2026/05/25 09:25:00,,EQ-A010,9001,山田 太郎,10,145,98.6,2,1.4,2026/05/25 08:30:00,2026/05/25 09:23:15,,,,,,完了,2026/05/25 09:23:15
CASE-PO-000532,CASE-PN-000532,2,CASE-PO-000532_2,一次組立,A020,MB000102,MG001,WC000052,147,180,25,205,2026/05/25 10:53:42,2026/05/25 14:18:42,,EQ-A020,9001,山田 太郎,25,146,99.3,2,1.4,2026/05/25 10:53:42,2026/05/25 14:03:13,,,,,,完了,2026/05/25 14:03:13
CASE-PO-000532,CASE-PN-000532,3,CASE-PO-000532_3,二次組立,A030,MB000102,MG001,WC000053,147,150,20,170,2026/05/25 22:08:14,2026/05/26 11:20:00,,EQ-A030,9001,山田 太郎,20,144,98.0,1,0.7,2026/05/26 08:30:00,2026/05/26 11:08:35,,,,,,完了,2026/05/26 11:08:35
CASE-PO-000532,CASE-PN-000532,4,CASE-PO-000532_4,完成検査,A040,MB000102,MG001,WC000054,147,60,0,60,2026/05/26 13:17:12,2026/05/26 14:17:12,,EQ-A040,9001,山田 太郎,0,147,100.0,3,2.0,2026/05/26 13:17:12,2026/05/26 14:30:48,,,,,,完了,2026/05/26 14:30:48
CASE-PO-000533,CASE-PN-000533,1,CASE-PO-000533_1,部品準備,A010,MB000101,MG001,WC000051,95,45,10,55,2026/05/18 08:30:00,2026/05/18 09:25:00,,EQ-A010,9005,高橋 四郎,10,93,97.9,0,0.0,2026/05/18 08:30:00,2026/05/18 09:11:26,,,,,,完了,2026/05/18 09:11:26
CASE-PO-000533,CASE-PN-000533,2,CASE-PO-000533_2,一次組立,A020,MB000101,MG001,WC000052,95,180,25,205,2026/05/18 14:20:49,2026/05/19 08:45:00,,EQ-A020,9005,高橋 四郎,25,93,97.9,1,1.1,2026/05/18 14:20:49,2026/05/19 08:56:13,,,,,,完了,2026/05/19 08:56:13
CASE-PO-000533,CASE-PN-000533,3,CASE-PO-000533_3,二次組立,A030,MB000101,MG001,WC000053,95,150,20,170,2026/05/19 18:47:17,2026/05/20 11:20:00,,EQ-A030,9005,高橋 四郎,20,93,97.9,2,2.1,2026/05/20 08:30:00,2026/05/20 10:46:45,,,,,,完了,2026/05/20 10:46:45
CASE-PO-000533,CASE-PN-000533,4,CASE-PO-000533_4,完成検査,A040,MB000101,MG001,WC000054,95,60,0,60,2026/05/20 14:01:06,2026/05/20 15:01:06,,EQ-A040,9005,高橋 四郎,0,93,97.9,1,1.1,2026/05/20 14:01:06,2026/05/20 14:57:28,,,,,,完了,2026/05/20 14:57:28
CASE-PO-000534,CASE-PN-000534,1,CASE-PO-000534_1,部品準備,A010,MB000102,MG001,WC000051,93,45,10,55,2026/07/01 08:30:00,2026/07/01 09:25:00,,EQ-A010,9002,鈴木 花子,10,91,97.8,0,0.0,2026/07/01 08:30:00,2026/07/01 09:08:31,,,,,,完了,2026/07/01 09:08:31
CASE-PO-000534,CASE-PN-000534,2,CASE-PO-000534_2,一次組立,A020,MB000102,MG001,WC000052,93,180,25,205,2026/07/01 15:22:38,2026/07/02 09:47:00,,EQ-A020,9002,鈴木 花子,25,91,97.8,1,1.1,2026/07/01 15:22:38,2026/07/02 09:33:43,,,,,,完了,2026/07/02 09:33:43
CASE-PO-000534,CASE-PN-000534,3,CASE-PO-000534_3,二次組立,A030,MB000102,MG001,WC000053,93,150,20,170,2026/07/02 12:14:50,2026/07/02 15:04:50,,EQ-A030,9002,鈴木 花子,20,93,100.0,1,1.1,2026/07/02 12:14:50,2026/07/02 15:14:05,,,,,,完了,2026/07/02 15:14:05
CASE-PO-000534,CASE-PN-000534,4,CASE-PO-000534_4,完成検査,A040,MB000102,MG001,WC000054,93,60,0,60,2026/07/02 20:41:58,2026/07/03 09:30:00,,EQ-A040,9002,鈴木 花子,0,93,100.0,2,2.2,2026/07/03 08:30:00,2026/07/03 09:42:59,,,,,,完了,2026/07/03 09:42:59
CASE-PO-000535,CASE-PN-000535,1,CASE-PO-000535_1,部品準備,A010,MB000101,MG001,WC000051,78,45,10,55,2026/06/08 08:30:00,2026/06/08 09:25:00,,EQ-A010,9005,高橋 四郎,10,76,97.4,1,1.3,2026/06/08 08:30:00,2026/06/08 09:21:11,,,,,,完了,2026/06/08 09:21:11
CASE-PO-000535,CASE-PN-000535,2,CASE-PO-000535_2,一次組立,A020,MB000101,MG001,WC000052,78,180,25,205,2026/06/08 14:19:19,2026/06/09 08:44:00,,EQ-A020,9005,高橋 四郎,25,77,98.7,1,1.3,2026/06/08 14:19:19,2026/06/09 08:58:27,,,,,,完了,2026/06/09 08:58:27
CASE-PO-000535,CASE-PN-000535,3,CASE-PO-000535_3,二次組立,A030,MB000101,MG001,WC000053,78,150,20,170,2026/06/09 13:01:06,2026/06/09 15:51:06,,EQ-A030,9005,高橋 四郎,20,76,97.4,1,1.3,2026/06/09 13:01:06,2026/06/09 15:35:05,,,,,,完了,2026/06/09 15:35:05
CASE-PO-000535,CASE-PN-000535,4,CASE-PO-000535_4,完成検査,A040,MB000101,MG001,WC000054,78,60,0,60,2026/06/10 01:07:23,2026/06/10 09:30:00,,EQ-A040,9005,高橋 四郎,0,78,100.0,0,0.0,2026/06/10 08:30:00,2026/06/10 09:41:54,,,,,,完了,2026/06/10 09:41:54
CASE-PO-000536,CASE-PN-000536,1,CASE-PO-000536_1,部品準備,A010,MB000102,MG001,WC000051,175,45,10,55,2026/05/25 08:30:00,2026/05/25 09:25:00,,EQ-A010,9005,高橋 四郎,10,172,98.3,2,1.1,2026/05/25 08:30:00,2026/05/25 09:12:53,,,,,,完了,2026/05/25 09:12:53
CASE-PO-000536,CASE-PN-000536,2,CASE-PO-000536_2,一次組立,A020,MB000102,MG001,WC000052,175,180,25,205,2026/05/25 16:33:59,2026/05/26 10:58:00,,EQ-A020,9005,高橋 四郎,25,173,98.9,3,1.7,2026/05/25 16:33:59,2026/05/26 10:21:31,,,,,,完了,2026/05/26 10:21:31
CASE-PO-000536,CASE-PN-000536,3,CASE-PO-000536_3,二次組立,A030,MB000102,MG001,WC000053,175,150,20,170,2026/05/26 20:36:36,2026/05/27 11:20:00,,EQ-A030,9005,高橋 四郎,20,171,97.7,2,1.1,2026/05/27 08:30:00,2026/05/27 10:55:43,,,,,,完了,2026/05/27 10:55:43
CASE-PO-000536,CASE-PN-000536,4,CASE-PO-000536_4,完成検査,A040,MB000102,MG001,WC000054,175,60,0,60,2026/05/27 16:40:40,2026/05/28 08:40:00,,EQ-A040,9005,高橋 四郎,0,172,98.3,2,1.1,2026/05/27 16:40:40,2026/05/28 08:37:30,,,,,,完了,2026/05/28 08:37:30
CASE-PO-000537,CASE-PN-000537,1,CASE-PO-000537_1,部品準備,A010,MB000103,MG001,WC000051,54,45,10,55,2026/06/29 08:30:00,2026/06/29 09:25:00,,EQ-A010,9003,佐藤 次郎,10,53,98.1,0,0.0,2026/06/29 08:30:00,2026/06/29 09:20:48,,,,,,完了,2026/06/29 09:20:48
CASE-PO-000537,CASE-PN-000537,2,CASE-PO-000537_2,一次組立,A020,MB000103,MG001,WC000052,54,180,25,205,2026/06/29 12:00:10,2026/06/29 15:25:10,,EQ-A020,9003,佐藤 次郎,25,54,100.0,0,0.0,2026/06/29 12:00:10,2026/06/29 15:09:33,,,,,,完了,2026/06/29 15:09:33
CASE-PO-000537,CASE-PN-000537,3,CASE-PO-000537_3,二次組立,A030,MB000103,MG001,WC000053,54,150,20,170,2026/06/30 02:59:49,2026/06/30 11:20:00,,EQ-A030,9003,佐藤 次郎,20,53,98.1,0,0.0,2026/06/30 08:30:00,2026/06/30 11:20:01,,,,,,完了,2026/06/30 11:20:01
CASE-PO-000537,CASE-PN-000537,4,CASE-PO-000537_4,完成検査,A040,MB000103,MG001,WC000054,54,60,0,60,2026/06/30 17:09:00,2026/07/01 09:09:00,,EQ-A040,9003,佐藤 次郎,0,53,98.1,0,0.0,2026/06/30 17:09:00,2026/07/01 09:01:32,,,,,,完了,2026/07/01 09:01:32
CASE-PO-000538,CASE-PN-000538,1,CASE-PO-000538_1,部品準備,A010,MB000101,MG001,WC000051,62,45,10,55,2026/05/26 08:30:00,2026/05/26 09:25:00,,EQ-A010,9004,田中 三郎,10,62,100.0,1,1.6,2026/05/26 08:30:00,2026/05/26 09:23:59,,,,,,完了,2026/05/26 09:23:59
CASE-PO-000538,CASE-PN-000538,2,CASE-PO-000538_2,一次組立,A020,MB000101,MG001,WC000052,62,180,25,205,2026/05/26 14:30:19,2026/05/27 08:55:00,,EQ-A020,9004,田中 三郎,25,61,98.4,0,0.0,2026/05/26 14:30:19,2026/05/27 08:53:33,,,,,,完了,2026/05/27 08:53:33
CASE-PO-000538,CASE-PN-000538,3,CASE-PO-000538_3,二次組立,A030,MB000101,MG001,WC000053,62,150,20,170,2026/05/27 20:12:50,2026/05/28 11:20:00,,EQ-A030,9004,田中 三郎,20,61,98.4,0,0.0,2026/05/28 08:30:00,2026/05/28 11:34:22,,,,,,完了,2026/05/28 11:34:22
CASE-PO-000538,CASE-PN-000538,4,CASE-PO-000538_4,完成検査,A040,MB000101,MG001,WC000054,62,60,0,60,2026/05/28 17:55:55,2026/05/29 09:30:00,,EQ-A040,9004,田中 三郎,0,61,98.4,0,0.0,2026/05/29 08:30:00,2026/05/29 09:26:04,,,,,,完了,2026/05/29 09:26:04
CASE-PO-000539,CASE-PN-000539,1,CASE-PO-000539_1,部品準備,A010,MB000103,MG001,WC000051,57,45,10,55,2026/06/23 08:30:00,2026/06/23 09:25:00,,EQ-A010,9003,佐藤 次郎,10,56,98.2,1,1.8,2026/06/23 08:30:00,2026/06/23 09:17:40,,,,,,完了,2026/06/23 09:17:40
CASE-PO-000539,CASE-PN-000539,2,CASE-PO-000539_2,一次組立,A020,MB000103,MG001,WC000052,57,180,25,205,2026/06/23 14:45:00,2026/06/24 09:10:00,,EQ-A020,9003,佐藤 次郎,25,57,100.0,1,1.8,2026/06/23 14:45:00,2026/06/24 08:51:16,,,,,,完了,2026/06/24 08:51:16
CASE-PO-000539,CASE-PN-000539,3,CASE-PO-000539_3,二次組立,A030,MB000103,MG001,WC000053,57,150,20,170,2026/06/24 18:10:02,2026/06/25 11:20:00,,EQ-A030,9003,佐藤 次郎,20,55,96.5,0,0.0,2026/06/25 08:30:00,2026/06/25 11:37:05,,,,,,完了,2026/06/25 11:37:05
CASE-PO-000539,CASE-PN-000539,4,CASE-PO-000539_4,完成検査,A040,MB000103,MG001,WC000054,57,60,0,60,2026/06/25 18:17:47,2026/06/26 09:30:00,,EQ-A040,9003,佐藤 次郎,0,56,98.2,0,0.0,2026/06/26 08:30:00,2026/06/26 09:34:58,,,,,,完了,2026/06/26 09:34:58
CASE-PO-000540,CASE-PN-000540,1,CASE-PO-000540_1,部品準備,A010,MB000103,MG001,WC000051,80,45,10,55,2026/06/05 08:30:00,2026/06/05 09:25:00,,EQ-A010,9003,佐藤 次郎,10,79,98.8,1,1.3,2026/06/05 08:30:00,2026/06/05 09:25:46,,,,,,完了,2026/06/05 09:25:46
CASE-PO-000540,CASE-PN-000540,2,CASE-PO-000540_2,一次組立,A020,MB000103,MG001,WC000052,80,180,25,205,2026/06/05 12:51:46,2026/06/05 16:16:46,,EQ-A020,9003,佐藤 次郎,25,80,100.0,1,1.3,2026/06/05 12:51:46,2026/06/05 15:55:46,,,,,,完了,2026/06/05 15:55:46
CASE-PO-000540,CASE-PN-000540,3,CASE-PO-000540_3,二次組立,A030,MB000103,MG001,WC000053,80,150,20,170,2026/06/05 23:12:12,2026/06/08 11:20:00,,EQ-A030,9003,佐藤 次郎,20,79,98.8,1,1.3,2026/06/08 08:30:00,2026/06/08 11:30:13,,,,,,完了,2026/06/08 11:30:13
CASE-PO-000540,CASE-PN-000540,4,CASE-PO-000540_4,完成検査,A040,MB000103,MG001,WC000054,80,60,0,60,2026/06/08 15:58:15,2026/06/08 16:58:15,,EQ-A040,9003,佐藤 次郎,0,80,100.0,1,1.3,2026/06/08 15:58:15,2026/06/08 16:53:49,,,,,,完了,2026/06/08 16:53:49
CASE-PO-000541,CASE-PN-000541,1,CASE-PO-000541_1,部品準備,A010,MB000102,MG001,WC000051,64,45,10,55,2026/06/10 08:30:00,2026/06/10 09:25:00,,EQ-A010,9004,田中 三郎,10,64,100.0,1,1.6,2026/06/10 08:30:00,2026/06/10 09:10:26,,,,,,完了,2026/06/10 09:10:26
CASE-PO-000541,CASE-PN-000541,2,CASE-PO-000541_2,一次組立,A020,MB000102,MG001,WC000052,64,180,25,205,2026/06/10 10:57:06,2026/06/10 14:22:06,,EQ-A020,9004,田中 三郎,25,63,98.4,1,1.6,2026/06/10 10:57:06,2026/06/10 14:33:06,,,,,,完了,2026/06/10 14:33:06
CASE-PO-000541,CASE-PN-000541,3,CASE-PO-000541_3,二次組立,A030,MB000102,MG001,WC000053,64,150,20,170,2026/06/10 16:54:32,2026/06/11 10:44:00,,EQ-A030,9004,田中 三郎,20,63,98.4,1,1.6,2026/06/10 16:54:32,2026/06/11 10:04:17,,,,,,完了,2026/06/11 10:04:17
CASE-PO-000541,CASE-PN-000541,4,CASE-PO-000541_4,完成検査,A040,MB000102,MG001,WC000054,64,60,0,60,2026/06/11 13:51:33,2026/06/11 14:51:33,,EQ-A040,9004,田中 三郎,0,64,100.0,0,0.0,2026/06/11 13:51:33,2026/06/11 14:55:31,,,,,,完了,2026/06/11 14:55:31
CASE-PO-000542,CASE-PN-000542,1,CASE-PO-000542_1,部品準備,A010,MB000101,MG001,WC000051,75,45,10,55,2026/05/13 08:30:00,2026/05/13 09:25:00,,EQ-A010,9001,山田 太郎,10,73,97.3,1,1.3,2026/05/13 08:30:00,2026/05/13 09:25:58,,,,,,完了,2026/05/13 09:25:58
CASE-PO-000542,CASE-PN-000542,2,CASE-PO-000542_2,一次組立,A020,MB000101,MG001,WC000052,75,180,25,205,2026/05/13 13:42:36,2026/05/13 17:07:36,,EQ-A020,9001,山田 太郎,25,75,100.0,0,0.0,2026/05/13 13:42:36,2026/05/13 16:25:55,,,,,,完了,2026/05/13 16:25:55
CASE-PO-000542,CASE-PN-000542,3,CASE-PO-000542_3,二次組立,A030,MB000101,MG001,WC000053,75,150,20,170,2026/05/13 20:18:56,2026/05/14 11:20:00,,EQ-A030,9001,山田 太郎,20,74,98.7,0,0.0,2026/05/14 08:30:00,2026/05/14 11:09:09,,,,,,完了,2026/05/14 11:09:09
CASE-PO-000542,CASE-PN-000542,4,CASE-PO-000542_4,完成検査,A040,MB000101,MG001,WC000054,75,60,0,60,2026/05/14 16:45:41,2026/05/15 08:45:00,,EQ-A040,9001,山田 太郎,0,74,98.7,1,1.3,2026/05/14 16:45:41,2026/05/15 08:44:51,,,,,,完了,2026/05/15 08:44:51
CASE-PO-000543,CASE-PN-000543,1,CASE-PO-000543_1,部品準備,A010,MB000102,MG001,WC000051,120,45,10,55,2026/06/08 08:30:00,2026/06/08 09:25:00,,EQ-A010,9002,鈴木 花子,10,118,98.3,1,0.8,2026/06/08 08:30:00,2026/06/08 09:11:47,,,,,,完了,2026/06/08 09:11:47
CASE-PO-000543,CASE-PN-000543,2,CASE-PO-000543_2,一次組立,A020,MB000102,MG001,WC000052,120,180,25,205,2026/06/08 14:57:36,2026/06/09 09:22:00,,EQ-A020,9002,鈴木 花子,25,119,99.2,2,1.7,2026/06/08 14:57:36,2026/06/09 08:55:29,,,,,,完了,2026/06/09 08:55:29
CASE-PO-000543,CASE-PN-000543,3,CASE-PO-000543_3,二次組立,A030,MB000102,MG001,WC000053,120,150,20,170,2026/06/09 20:50:34,2026/06/10 11:20:00,,EQ-A030,9002,鈴木 花子,20,119,99.2,0,0.0,2026/06/10 08:30:00,2026/06/10 11:28:04,,,,,,完了,2026/06/10 11:28:04
CASE-PO-000543,CASE-PN-000543,4,CASE-PO-000543_4,完成検査,A040,MB000102,MG001,WC000054,120,60,0,60,2026/06/10 19:52:55,2026/06/11 09:30:00,,EQ-A040,9002,鈴木 花子,0,118,98.3,1,0.8,2026/06/11 08:30:00,2026/06/11 09:22:38,,,,,,完了,2026/06/11 09:22:38
CASE-PO-000544,CASE-PN-000544,1,CASE-PO-000544_1,部品準備,A010,MB000103,MG001,WC000051,47,45,10,55,2026/07/03 08:30:00,2026/07/03 09:25:00,,EQ-A010,9002,鈴木 花子,10,47,100.0,0,0.0,2026/07/03 08:30:00,2026/07/03 09:12:00,,,,,,完了,2026/07/03 09:12:00
CASE-PO-000544,CASE-PN-000544,2,CASE-PO-000544_2,一次組立,A020,MB000103,MG001,WC000052,47,180,25,205,2026/07/03 10:23:15,2026/07/03 13:48:15,,EQ-A020,9002,鈴木 花子,25,47,100.0,0,0.0,2026/07/03 10:23:15,2026/07/03 12:58:11,,,,,,完了,2026/07/03 12:58:11
CASE-PO-000544,CASE-PN-000544,3,CASE-PO-000544_3,二次組立,A030,MB000103,MG001,WC000053,47,150,20,170,2026/07/03 19:00:43,2026/07/06 11:20:00,,EQ-A030,9002,鈴木 花子,20,46,97.9,1,2.1,2026/07/06 08:30:00,2026/07/06 11:00:32,,,,,,完了,2026/07/06 11:00:32
CASE-PO-000544,CASE-PN-000544,4,CASE-PO-000544_4,完成検査,A040,MB000103,MG001,WC000054,47,60,0,60,2026/07/06 14:02:22,2026/07/06 15:02:22,,EQ-A040,9002,鈴木 花子,0,47,100.0,0,0.0,2026/07/06 14:02:22,2026/07/06 15:17:13,,,,,,完了,2026/07/06 15:17:13
CASE-PO-000545,CASE-PN-000545,1,CASE-PO-000545_1,部品準備,A010,MB000102,MG001,WC000051,131,45,10,55,2026/05/25 08:30:00,2026/05/25 09:25:00,,EQ-A010,9002,鈴木 花子,10,128,97.7,0,0.0,2026/05/25 08:30:00,2026/05/25 09:22:23,,,,,,完了,2026/05/25 09:22:23
CASE-PO-000545,CASE-PN-000545,2,CASE-PO-000545_2,一次組立,A020,MB000102,MG001,WC000052,131,180,25,205,2026/05/25 12:37:14,2026/05/25 16:02:14,,EQ-A020,9002,鈴木 花子,25,129,98.5,2,1.5,2026/05/25 12:37:14,2026/05/25 15:20:44,,,,,,完了,2026/05/25 15:20:44
CASE-PO-000545,CASE-PN-000545,3,CASE-PO-000545_3,二次組立,A030,MB000102,MG001,WC000053,131,150,20,170,2026/05/25 21:16:58,2026/05/26 11:20:00,,EQ-A030,9002,鈴木 花子,20,130,99.2,1,0.8,2026/05/26 08:30:00,2026/05/26 10:49:41,,,,,,完了,2026/05/26 10:49:41
CASE-PO-000545,CASE-PN-000545,4,CASE-PO-000545_4,完成検査,A040,MB000102,MG001,WC000054,131,60,0,60,2026/05/26 19:25:16,2026/05/27 09:30:00,,EQ-A040,9002,鈴木 花子,0,130,99.2,1,0.8,2026/05/27 08:30:00,2026/05/27 09:26:04,,,,,,完了,2026/05/27 09:26:04
CASE-PO-000546,CASE-PN-000546,1,CASE-PO-000546_1,部品準備,A010,MB000102,MG001,WC000051,195,45,10,55,2026/06/29 08:30:00,2026/06/29 09:25:00,,EQ-A010,9001,山田 太郎,10,194,99.5,3,1.5,2026/06/29 08:30:00,2026/06/29 09:13:38,,,,,,完了,2026/06/29 09:13:38
CASE-PO-000546,CASE-PN-000546,2,CASE-PO-000546_2,一次組立,A020,MB000102,MG001,WC000052,195,180,25,205,2026/06/29 14:24:30,2026/06/30 08:49:00,,EQ-A020,9001,山田 太郎,25,195,100.0,1,0.5,2026/06/29 14:24:30,2026/06/29 17:10:13,,,,,,完了,2026/06/29 17:10:13
CASE-PO-000546,CASE-PN-000546,3,CASE-PO-000546_3,二次組立,A030,MB000102,MG001,WC000053,195,150,20,170,2026/06/30 04:21:33,2026/06/30 11:20:00,,EQ-A030,9001,山田 太郎,20,194,99.5,3,1.5,2026/06/30 08:30:00,2026/06/30 11:37:18,,,,,,完了,2026/06/30 11:37:18
CASE-PO-000546,CASE-PN-000546,4,CASE-PO-000546_4,完成検査,A040,MB000102,MG001,WC000054,195,60,0,60,2026/06/30 15:58:23,2026/06/30 16:58:23,,EQ-A040,9001,山田 太郎,0,195,100.0,3,1.5,2026/06/30 15:58:23,2026/06/30 16:54:11,,,,,,完了,2026/06/30 16:54:11
CASE-PO-000547,CASE-PN-000547,1,CASE-PO-000547_1,部品準備,A010,MB000103,MG001,WC000051,34,45,10,55,2026/06/02 08:30:00,2026/06/02 09:25:00,,EQ-A010,9003,佐藤 次郎,10,33,97.1,1,2.9,2026/06/02 08:30:00,2026/06/02 09:18:46,,,,,,完了,2026/06/02 09:18:46
CASE-PO-000547,CASE-PN-000547,2,CASE-PO-000547_2,一次組立,A020,MB000103,MG001,WC000052,34,180,25,205,2026/06/02 12:31:28,2026/06/02 15:56:28,,EQ-A020,9003,佐藤 次郎,25,33,97.1,1,2.9,2026/06/02 12:31:28,2026/06/02 15:38:33,,,,,,完了,2026/06/02 15:38:33
CASE-PO-000547,CASE-PN-000547,3,CASE-PO-000547_3,二次組立,A030,MB000103,MG001,WC000053,34,150,20,170,2026/06/02 18:20:19,2026/06/03 11:20:00,,EQ-A030,9003,佐藤 次郎,20,33,97.1,0,0.0,2026/06/03 08:30:00,2026/06/03 11:24:59,,,,,,完了,2026/06/03 11:24:59
CASE-PO-000547,CASE-PN-000547,4,CASE-PO-000547_4,完成検査,A040,MB000103,MG001,WC000054,34,60,0,60,2026/06/03 19:53:50,2026/06/04 09:30:00,,EQ-A040,9003,佐藤 次郎,0,33,97.1,0,0.0,2026/06/04 08:30:00,2026/06/04 09:22:30,,,,,,完了,2026/06/04 09:22:30
CASE-PO-000548,CASE-PN-000548,1,CASE-PO-000548_1,部品準備,A010,MB000101,MG001,WC000051,55,45,10,55,2026/05/11 08:30:00,2026/05/11 09:25:00,,EQ-A010,9002,鈴木 花子,10,55,100.0,0,0.0,2026/05/11 08:30:00,2026/05/11 09:13:04,,,,,,完了,2026/05/11 09:13:04
CASE-PO-000548,CASE-PN-000548,2,CASE-PO-000548_2,一次組立,A020,MB000101,MG001,WC000052,55,180,25,205,2026/05/11 16:02:05,2026/05/12 10:27:00,,EQ-A020,9002,鈴木 花子,25,54,98.2,1,1.8,2026/05/11 16:02:05,2026/05/12 10:44:49,,,,,,完了,2026/05/12 10:44:49
CASE-PO-000548,CASE-PN-000548,3,CASE-PO-000548_3,二次組立,A030,MB000101,MG001,WC000053,55,150,20,170,2026/05/12 14:36:21,2026/05/12 17:26:21,,EQ-A030,9002,鈴木 花子,20,55,100.0,0,0.0,2026/05/12 14:36:21,2026/05/12 16:46:47,,,,,,完了,2026/05/12 16:46:47
CASE-PO-000548,CASE-PN-000548,4,CASE-PO-000548_4,完成検査,A040,MB000101,MG001,WC000054,55,60,0,60,2026/05/13 01:19:06,2026/05/13 09:30:00,,EQ-A040,9002,鈴木 花子,0,55,100.0,0,0.0,2026/05/13 08:30:00,2026/05/13 09:32:18,,,,,,完了,2026/05/13 09:32:18
CASE-PO-000549,CASE-PN-000549,1,CASE-PO-000549_1,部品準備,A010,MB000102,MG001,WC000051,116,45,10,55,2026/05/20 08:30:00,2026/05/20 09:25:00,,EQ-A010,9005,高橋 四郎,10,113,97.4,2,1.7,2026/05/20 08:30:00,2026/05/20 09:21:31,,,,,,完了,2026/05/20 09:21:31
CASE-PO-000549,CASE-PN-000549,2,CASE-PO-000549_2,一次組立,A020,MB000102,MG001,WC000052,116,180,25,205,2026/05/20 12:28:15,2026/05/20 15:53:15,,EQ-A020,9005,高橋 四郎,25,115,99.1,0,0.0,2026/05/20 12:28:15,2026/05/20 15:36:05,,,,,,完了,2026/05/20 15:36:05
CASE-PO-000549,CASE-PN-000549,3,CASE-PO-000549_3,二次組立,A030,MB000102,MG001,WC000053,116,150,20,170,2026/05/21 02:34:33,2026/05/21 11:20:00,,EQ-A030,9005,高橋 四郎,20,116,100.0,1,0.9,2026/05/21 08:30:00,2026/05/21 10:56:24,,,,,,完了,2026/05/21 10:56:24
CASE-PO-000549,CASE-PN-000549,4,CASE-PO-000549_4,完成検査,A040,MB000102,MG001,WC000054,116,60,0,60,2026/05/21 17:20:05,2026/05/22 09:20:00,,EQ-A040,9005,高橋 四郎,0,114,98.3,1,0.9,2026/05/21 17:20:05,2026/05/22 09:13:11,,,,,,完了,2026/05/22 09:13:11
CASE-PO-000550,CASE-PN-000550,1,CASE-PO-000550_1,部品準備,A010,MB000101,MG001,WC000051,83,45,10,55,2026/05/11 08:30:00,2026/05/11 09:25:00,,EQ-A010,9004,田中 三郎,10,82,98.8,1,1.2,2026/05/11 08:30:00,2026/05/11 09:21:44,,,,,,完了,2026/05/11 09:21:44
CASE-PO-000550,CASE-PN-000550,2,CASE-PO-000550_2,一次組立,A020,MB000101,MG001,WC000052,83,180,25,205,2026/05/11 13:46:16,2026/05/11 17:11:16,,EQ-A020,9004,田中 三郎,25,82,98.8,1,1.2,2026/05/11 13:46:16,2026/05/11 16:41:51,,,,,,完了,2026/05/11 16:41:51
CASE-PO-000550,CASE-PN-000550,3,CASE-PO-000550_3,二次組立,A030,MB000101,MG001,WC000053,83,150,20,170,2026/05/11 18:54:39,2026/05/12 11:20:00,,EQ-A030,9004,田中 三郎,20,81,97.6,0,0.0,2026/05/12 08:30:00,2026/05/12 10:49:14,,,,,,完了,2026/05/12 10:49:14
CASE-PO-000550,CASE-PN-000550,4,CASE-PO-000550_4,完成検査,A040,MB000101,MG001,WC000054,83,60,0,60,2026/05/12 17:18:49,2026/05/13 09:18:00,,EQ-A040,9004,田中 三郎,0,81,97.6,1,1.2,2026/05/12 17:18:49,2026/05/13 09:16:46,,,,,,完了,2026/05/13 09:16:46
CASE-PO-000551,CASE-PN-000551,1,CASE-PO-000551_1,部品準備,A010,MB000102,MG001,WC000051,117,45,10,55,2026/06/19 08:30:00,2026/06/19 09:25:00,,EQ-A010,9003,佐藤 次郎,10,115,98.3,0,0.0,2026/06/19 08:30:00,2026/06/19 09:23:01,,,,,,完了,2026/06/19 09:23:01
CASE-PO-000551,CASE-PN-000551,2,CASE-PO-000551_2,一次組立,A020,MB000102,MG001,WC000052,117,180,25,205,2026/06/19 11:34:32,2026/06/19 14:59:32,,EQ-A020,9003,佐藤 次郎,25,116,99.1,1,0.9,2026/06/19 11:34:32,2026/06/19 14:16:13,,,,,,完了,2026/06/19 14:16:13
CASE-PO-000551,CASE-PN-000551,3,CASE-PO-000551_3,二次組立,A030,MB000102,MG001,WC000053,117,150,20,170,2026/06/20 00:53:19,2026/06/22 11:20:00,,EQ-A030,9003,佐藤 次郎,20,115,98.3,2,1.7,2026/06/22 08:30:00,2026/06/22 10:42:19,,,,,,完了,2026/06/22 10:42:19
CASE-PO-000551,CASE-PN-000551,4,CASE-PO-000551_4,完成検査,A040,MB000102,MG001,WC000054,117,60,0,60,2026/06/22 14:22:27,2026/06/22 15:22:27,,EQ-A040,9003,佐藤 次郎,0,115,98.3,1,0.9,2026/06/22 14:22:27,2026/06/22 15:36:01,,,,,,完了,2026/06/22 15:36:01
CASE-PO-000552,CASE-PN-000552,1,CASE-PO-000552_1,部品準備,A010,MB000101,MG001,WC000051,59,45,10,55,2026/05/12 08:30:00,2026/05/12 09:25:00,,EQ-A010,9003,佐藤 次郎,10,58,98.3,1,1.7,2026/05/12 08:30:00,2026/05/12 09:08:34,,,,,,完了,2026/05/12 09:08:34
CASE-PO-000552,CASE-PN-000552,2,CASE-PO-000552_2,一次組立,A020,MB000101,MG001,WC000052,59,180,25,205,2026/05/12 17:06:34,2026/05/13 11:31:00,,EQ-A020,9003,佐藤 次郎,25,57,96.6,0,0.0,2026/05/12 17:06:34,2026/05/13 11:34:18,,,,,,完了,2026/05/13 11:34:18
CASE-PO-000552,CASE-PN-000552,3,CASE-PO-000552_3,二次組立,A030,MB000101,MG001,WC000053,59,150,20,170,2026/05/13 15:40:41,2026/05/14 09:30:00,,EQ-A030,9003,佐藤 次郎,20,58,98.3,0,0.0,2026/05/13 15:40:41,2026/05/14 09:30:54,,,,,,完了,2026/05/14 09:30:54
CASE-PO-000552,CASE-PN-000552,4,CASE-PO-000552_4,完成検査,A040,MB000101,MG001,WC000054,59,60,0,60,2026/05/14 12:54:50,2026/05/14 13:54:50,,EQ-A040,9003,佐藤 次郎,0,58,98.3,0,0.0,2026/05/14 12:54:50,2026/05/14 13:47:02,,,,,,完了,2026/05/14 13:47:02
CASE-PO-000553,CASE-PN-000553,1,CASE-PO-000553_1,部品準備,A010,MB000103,MG001,WC000051,52,45,10,55,2026/05/12 08:30:00,2026/05/12 09:25:00,,EQ-A010,9002,鈴木 花子,10,51,98.1,0,0.0,2026/05/12 08:30:00,2026/05/12 09:17:08,,,,,,完了,2026/05/12 09:17:08
CASE-PO-000553,CASE-PN-000553,2,CASE-PO-000553_2,一次組立,A020,MB000103,MG001,WC000052,52,180,25,205,2026/05/12 16:16:46,2026/05/13 10:41:00,,EQ-A020,9002,鈴木 花子,25,51,98.1,0,0.0,2026/05/12 16:16:46,2026/05/13 10:35:34,,,,,,完了,2026/05/13 10:35:34
CASE-PO-000553,CASE-PN-000553,3,CASE-PO-000553_3,二次組立,A030,MB000103,MG001,WC000053,52,150,20,170,2026/05/13 22:18:23,2026/05/14 11:20:00,,EQ-A030,9002,鈴木 花子,20,51,98.1,0,0.0,2026/05/14 08:30:00,2026/05/14 11:33:28,,,,,,完了,2026/05/14 11:33:28
CASE-PO-000553,CASE-PN-000553,4,CASE-PO-000553_4,完成検査,A040,MB000103,MG001,WC000054,52,60,0,60,2026/05/14 15:30:10,2026/05/14 16:30:10,,EQ-A040,9002,鈴木 花子,0,51,98.1,1,1.9,2026/05/14 15:30:10,2026/05/14 16:29:18,,,,,,完了,2026/05/14 16:29:18
CASE-PO-000554,CASE-PN-000554,1,CASE-PO-000554_1,部品準備,A010,MB000101,MG001,WC000051,45,45,10,55,2026/05/18 08:30:00,2026/05/18 09:25:00,,EQ-A010,9003,佐藤 次郎,10,45,100.0,1,2.2,2026/05/18 08:30:00,2026/05/18 09:20:00,,,,,,完了,2026/05/18 09:20:00
CASE-PO-000554,CASE-PN-000554,2,CASE-PO-000554_2,一次組立,A020,MB000101,MG001,WC000052,45,180,25,205,2026/05/18 11:25:15,2026/05/18 14:50:15,,EQ-A020,9003,佐藤 次郎,25,44,97.8,1,2.2,2026/05/18 11:25:15,2026/05/18 14:38:58,,,,,,完了,2026/05/18 14:38:58
CASE-PO-000554,CASE-PN-000554,3,CASE-PO-000554_3,二次組立,A030,MB000101,MG001,WC000053,45,150,20,170,2026/05/18 16:42:33,2026/05/19 10:32:00,,EQ-A030,9003,佐藤 次郎,20,44,97.8,0,0.0,2026/05/18 16:42:33,2026/05/19 10:41:41,,,,,,完了,2026/05/19 10:41:41
CASE-PO-000554,CASE-PN-000554,4,CASE-PO-000554_4,完成検査,A040,MB000101,MG001,WC000054,45,60,0,60,2026/05/19 15:39:32,2026/05/19 16:39:32,,EQ-A040,9003,佐藤 次郎,0,45,100.0,1,2.2,2026/05/19 15:39:32,2026/05/19 16:35:44,,,,,,完了,2026/05/19 16:35:44
CASE-PO-000555,CASE-PN-000555,1,CASE-PO-000555_1,部品準備,A010,MB000103,MG001,WC000051,61,45,10,55,2026/06/08 08:30:00,2026/06/08 09:25:00,,EQ-A010,9004,田中 三郎,10,59,96.7,1,1.6,2026/06/08 08:30:00,2026/06/08 09:12:40,,,,,,完了,2026/06/08 09:12:40
CASE-PO-000555,CASE-PN-000555,2,CASE-PO-000555_2,一次組立,A020,MB000103,MG001,WC000052,61,180,25,205,2026/06/08 14:42:30,2026/06/09 09:07:00,,EQ-A020,9004,田中 三郎,25,61,100.0,0,0.0,2026/06/08 14:42:30,2026/06/09 08:46:22,,,,,,完了,2026/06/09 08:46:22
CASE-PO-000555,CASE-PN-000555,3,CASE-PO-000555_3,二次組立,A030,MB000103,MG001,WC000053,61,150,20,170,2026/06/09 19:00:43,2026/06/10 11:20:00,,EQ-A030,9004,田中 三郎,20,59,96.7,1,1.6,2026/06/10 08:30:00,2026/06/10 11:33:55,,,,,,完了,2026/06/10 11:33:55
CASE-PO-000555,CASE-PN-000555,4,CASE-PO-000555_4,完成検査,A040,MB000103,MG001,WC000054,61,60,0,60,2026/06/10 18:26:09,2026/06/11 09:30:00,,EQ-A040,9004,田中 三郎,0,60,98.4,1,1.6,2026/06/11 08:30:00,2026/06/11 09:26:01,,,,,,完了,2026/06/11 09:26:01
CASE-PO-000556,CASE-PN-000556,1,CASE-PO-000556_1,部品準備,A010,MB000102,MG001,WC000051,148,45,10,55,2026/07/03 08:30:00,2026/07/03 09:25:00,,EQ-A010,9004,田中 三郎,10,145,98.0,0,0.0,2026/07/03 08:30:00,2026/07/03 09:18:03,,,,,,完了,2026/07/03 09:18:03
CASE-PO-000556,CASE-PN-000556,2,CASE-PO-000556_2,一次組立,A020,MB000102,MG001,WC000052,148,180,25,205,2026/07/03 14:03:13,2026/07/03 17:28:13,,EQ-A020,9004,田中 三郎,25,145,98.0,3,2.0,2026/07/03 14:03:13,2026/07/03 17:25:42,,,,,,完了,2026/07/03 17:25:42
CASE-PO-000556,CASE-PN-000556,3,CASE-PO-000556_3,二次組立,A030,MB000102,MG001,WC000053,148,150,20,170,2026/07/03 21:48:36,2026/07/06 11:20:00,,EQ-A030,9004,田中 三郎,20,144,97.3,2,1.4,2026/07/06 08:30:00,2026/07/06 10:53:36,,,,,,完了,2026/07/06 10:53:36
CASE-PO-000556,CASE-PN-000556,4,CASE-PO-000556_4,完成検査,A040,MB000102,MG001,WC000054,148,60,0,60,2026/07/06 15:14:44,2026/07/06 16:14:44,,EQ-A040,9004,田中 三郎,0,145,98.0,1,0.7,2026/07/06 15:14:44,2026/07/06 16:13:01,,,,,,完了,2026/07/06 16:13:01
CASE-PO-000557,CASE-PN-000557,1,CASE-PO-000557_1,部品準備,A010,MB000102,MG001,WC000051,81,45,10,55,2026/06/18 08:30:00,2026/06/18 09:25:00,,EQ-A010,9004,田中 三郎,10,79,97.5,1,1.2,2026/06/18 08:30:00,2026/06/18 09:19:12,,,,,,完了,2026/06/18 09:19:12
CASE-PO-000557,CASE-PN-000557,2,CASE-PO-000557_2,一次組立,A020,MB000102,MG001,WC000052,81,180,25,205,2026/06/18 15:40:21,2026/06/19 10:05:00,,EQ-A020,9004,田中 三郎,25,79,97.5,0,0.0,2026/06/18 15:40:21,2026/06/19 09:32:06,,,,,,完了,2026/06/19 09:32:06
CASE-PO-000557,CASE-PN-000557,3,CASE-PO-000557_3,二次組立,A030,MB000102,MG001,WC000053,81,150,20,170,2026/06/19 21:04:38,2026/06/22 11:20:00,,EQ-A030,9004,田中 三郎,20,81,100.0,1,1.2,2026/06/22 08:30:00,2026/06/22 11:28:35,,,,,,完了,2026/06/22 11:28:35
CASE-PO-000557,CASE-PN-000557,4,CASE-PO-000557_4,完成検査,A040,MB000102,MG001,WC000054,81,60,0,60,2026/06/22 15:01:12,2026/06/22 16:01:12,,EQ-A040,9004,田中 三郎,0,79,97.5,1,1.2,2026/06/22 15:01:12,2026/06/22 15:53:30,,,,,,完了,2026/06/22 15:53:30
CASE-PO-000558,CASE-PN-000558,1,CASE-PO-000558_1,部品準備,A010,MB000101,MG001,WC000051,52,45,10,55,2026/05/18 08:30:00,2026/05/18 09:25:00,,EQ-A010,9004,田中 三郎,10,51,98.1,1,1.9,2026/05/18 08:30:00,2026/05/18 09:08:41,,,,,,完了,2026/05/18 09:08:41
CASE-PO-000558,CASE-PN-000558,2,CASE-PO-000558_2,一次組立,A020,MB000101,MG001,WC000052,52,180,25,205,2026/05/18 11:11:07,2026/05/18 14:36:07,,EQ-A020,9004,田中 三郎,25,51,98.1,1,1.9,2026/05/18 11:11:07,2026/05/18 13:49:04,,,,,,完了,2026/05/18 13:49:04
CASE-PO-000558,CASE-PN-000558,3,CASE-PO-000558_3,二次組立,A030,MB000101,MG001,WC000053,52,150,20,170,2026/05/19 01:42:09,2026/05/19 11:20:00,,EQ-A030,9004,田中 三郎,20,51,98.1,0,0.0,2026/05/19 08:30:00,2026/05/19 11:01:02,,,,,,完了,2026/05/19 11:01:02
CASE-PO-000558,CASE-PN-000558,4,CASE-PO-000558_4,完成検査,A040,MB000101,MG001,WC000054,52,60,0,60,2026/05/19 16:07:59,2026/05/19 17:07:59,,EQ-A040,9004,田中 三郎,0,51,98.1,1,1.9,2026/05/19 16:07:59,2026/05/19 17:22:11,,,,,,完了,2026/05/19 17:22:11
CASE-PO-000559,CASE-PN-000559,1,CASE-PO-000559_1,部品準備,A010,MB000102,MG001,WC000051,154,45,10,55,2026/06/04 08:30:00,2026/06/04 09:25:00,,EQ-A010,9004,田中 三郎,10,152,98.7,1,0.6,2026/06/04 08:30:00,2026/06/04 09:26:04,,,,,,完了,2026/06/04 09:26:04
CASE-PO-000559,CASE-PN-000559,2,CASE-PO-000559_2,一次組立,A020,MB000102,MG001,WC000052,154,180,25,205,2026/06/04 10:42:50,2026/06/04 14:07:50,,EQ-A020,9004,田中 三郎,25,153,99.4,1,0.6,2026/06/04 10:42:50,2026/06/04 13:55:22,,,,,,完了,2026/06/04 13:55:22
CASE-PO-000559,CASE-PN-000559,3,CASE-PO-000559_3,二次組立,A030,MB000102,MG001,WC000053,154,150,20,170,2026/06/04 19:56:45,2026/06/05 11:20:00,,EQ-A030,9004,田中 三郎,20,152,98.7,3,1.9,2026/06/05 08:30:00,2026/06/05 10:49:59,,,,,,完了,2026/06/05 10:49:59
CASE-PO-000559,CASE-PN-000559,4,CASE-PO-000559_4,完成検査,A040,MB000102,MG001,WC000054,154,60,0,60,2026/06/05 16:31:42,2026/06/08 08:31:00,,EQ-A040,9004,田中 三郎,0,153,99.4,3,1.9,2026/06/05 16:31:42,2026/06/05 17:25:08,,,,,,完了,2026/06/05 17:25:08
CASE-PO-000560,CASE-PN-000560,1,CASE-PO-000560_1,部品準備,A010,MB000102,MG001,WC000051,114,45,10,55,2026/06/02 08:30:00,2026/06/02 09:25:00,,EQ-A010,9003,佐藤 次郎,10,112,98.2,0,0.0,2026/06/02 08:30:00,2026/06/02 09:09:34,,,,,,完了,2026/06/02 09:09:34
CASE-PO-000560,CASE-PN-000560,2,CASE-PO-000560_2,一次組立,A020,MB000102,MG001,WC000052,114,180,25,205,2026/06/02 16:55:44,2026/06/03 11:20:00,,EQ-A020,9003,佐藤 次郎,25,113,99.1,2,1.8,2026/06/02 16:55:44,2026/06/03 11:26:01,,,,,,完了,2026/06/03 11:26:01
CASE-PO-000560,CASE-PN-000560,3,CASE-PO-000560_3,二次組立,A030,MB000102,MG001,WC000053,114,150,20,170,2026/06/03 19:00:09,2026/06/04 11:20:00,,EQ-A030,9003,佐藤 次郎,20,111,97.4,2,1.8,2026/06/04 08:30:00,2026/06/04 10:47:15,,,,,,完了,2026/06/04 10:47:15
CASE-PO-000560,CASE-PN-000560,4,CASE-PO-000560_4,完成検査,A040,MB000102,MG001,WC000054,114,60,0,60,2026/06/04 14:53:40,2026/06/04 15:53:40,,EQ-A040,9003,佐藤 次郎,0,112,98.2,1,0.9,2026/06/04 14:53:40,2026/06/04 15:52:26,,,,,,完了,2026/06/04 15:52:26
CASE-PO-000561,CASE-PN-000561,1,CASE-PO-000561_1,部品準備,A010,MB000103,MG001,WC000051,80,45,10,55,2026/05/21 08:30:00,2026/05/21 09:25:00,,EQ-A010,9005,高橋 四郎,10,80,100.0,1,1.3,2026/05/21 08:30:00,2026/05/21 09:11:01,,,,,,完了,2026/05/21 09:11:01
CASE-PO-000561,CASE-PN-000561,2,CASE-PO-000561_2,一次組立,A020,MB000103,MG001,WC000052,80,180,25,205,2026/05/21 15:36:25,2026/05/22 10:01:00,,EQ-A020,9005,高橋 四郎,25,78,97.5,1,1.3,2026/05/21 15:36:25,2026/05/22 10:07:07,,,,,,完了,2026/05/22 10:07:07
CASE-PO-000561,CASE-PN-000561,3,CASE-PO-000561_3,二次組立,A030,MB000103,MG001,WC000053,80,150,20,170,2026/05/22 18:47:41,2026/05/25 11:20:00,,EQ-A030,9005,高橋 四郎,20,79,98.8,1,1.3,2026/05/25 08:30:00,2026/05/25 11:29:14,,,,,,完了,2026/05/25 11:29:14
CASE-PO-000561,CASE-PN-000561,4,CASE-PO-000561_4,完成検査,A040,MB000103,MG001,WC000054,80,60,0,60,2026/05/25 17:34:16,2026/05/26 09:30:00,,EQ-A040,9005,高橋 四郎,0,78,97.5,1,1.3,2026/05/26 08:30:00,2026/05/26 09:37:14,,,,,,完了,2026/05/26 09:37:14
CASE-PO-000562,CASE-PN-000562,1,CASE-PO-000562_1,部品準備,A010,MB000101,MG001,WC000051,60,45,10,55,2026/05/18 08:30:00,2026/05/18 09:25:00,,EQ-A010,9004,田中 三郎,10,60,100.0,1,1.7,2026/05/18 08:30:00,2026/05/18 09:15:40,,,,,,完了,2026/05/18 09:15:40
CASE-PO-000562,CASE-PN-000562,2,CASE-PO-000562_2,一次組立,A020,MB000101,MG001,WC000052,60,180,25,205,2026/05/18 14:52:38,2026/05/19 09:17:00,,EQ-A020,9004,田中 三郎,25,59,98.3,0,0.0,2026/05/18 14:52:38,2026/05/19 08:44:59,,,,,,完了,2026/05/19 08:44:59
CASE-PO-000562,CASE-PN-000562,3,CASE-PO-000562_3,二次組立,A030,MB000101,MG001,WC000053,60,150,20,170,2026/05/19 20:38:27,2026/05/20 11:20:00,,EQ-A030,9004,田中 三郎,20,58,96.7,1,1.7,2026/05/20 08:30:00,2026/05/20 11:29:10,,,,,,完了,2026/05/20 11:29:10
CASE-PO-000562,CASE-PN-000562,4,CASE-PO-000562_4,完成検査,A040,MB000101,MG001,WC000054,60,60,0,60,2026/05/20 21:22:29,2026/05/21 09:30:00,,EQ-A040,9004,田中 三郎,0,58,96.7,1,1.7,2026/05/21 08:30:00,2026/05/21 09:22:06,,,,,,完了,2026/05/21 09:22:06
CASE-PO-000563,CASE-PN-000563,1,CASE-PO-000563_1,部品準備,A010,MB000102,MG001,WC000051,130,45,10,55,2026/06/15 08:30:00,2026/06/15 09:25:00,,EQ-A010,9004,田中 三郎,10,129,99.2,2,1.5,2026/06/15 08:30:00,2026/06/15 09:24:50,,,,,,完了,2026/06/15 09:24:50
CASE-PO-000563,CASE-PN-000563,2,CASE-PO-000563_2,一次組立,A020,MB000102,MG001,WC000052,130,180,25,205,2026/06/15 14:40:00,2026/06/16 09:05:00,,EQ-A020,9004,田中 三郎,25,126,96.9,1,0.8,2026/06/15 14:40:00,2026/06/15 17:13:03,,,,,,完了,2026/06/15 17:13:03
CASE-PO-000563,CASE-PN-000563,3,CASE-PO-000563_3,二次組立,A030,MB000102,MG001,WC000053,130,150,20,170,2026/06/15 21:20:57,2026/06/16 11:20:00,,EQ-A030,9004,田中 三郎,20,129,99.2,0,0.0,2026/06/16 08:30:00,2026/06/16 11:05:36,,,,,,完了,2026/06/16 11:05:36
CASE-PO-000563,CASE-PN-000563,4,CASE-PO-000563_4,完成検査,A040,MB000102,MG001,WC000054,130,60,0,60,2026/06/16 13:02:09,2026/06/16 14:02:09,,EQ-A040,9004,田中 三郎,0,128,98.5,0,0.0,2026/06/16 13:02:09,2026/06/16 14:17:01,,,,,,完了,2026/06/16 14:17:01
CASE-PO-000564,CASE-PN-000564,1,CASE-PO-000564_1,部品準備,A010,MB000101,MG001,WC000051,100,45,10,55,2026/06/25 08:30:00,2026/06/25 09:25:00,,EQ-A010,9003,佐藤 次郎,10,97,97.0,0,0.0,2026/06/25 08:30:00,2026/06/25 09:23:17,,,,,,完了,2026/06/25 09:23:17
CASE-PO-000564,CASE-PN-000564,2,CASE-PO-000564_2,一次組立,A020,MB000101,MG001,WC000052,100,180,25,205,2026/06/25 13:15:41,2026/06/25 16:40:41,,EQ-A020,9003,佐藤 次郎,25,98,98.0,2,2.0,2026/06/25 13:15:41,2026/06/25 15:49:36,,,,,,完了,2026/06/25 15:49:36
CASE-PO-000564,CASE-PN-000564,3,CASE-PO-000564_3,二次組立,A030,MB000101,MG001,WC000053,100,150,20,170,2026/06/25 20:25:21,2026/06/26 11:20:00,,EQ-A030,9003,佐藤 次郎,20,97,97.0,2,2.0,2026/06/26 08:30:00,2026/06/26 11:22:58,,,,,,完了,2026/06/26 11:22:58
CASE-PO-000564,CASE-PN-000564,4,CASE-PO-000564_4,完成検査,A040,MB000101,MG001,WC000054,100,60,0,60,2026/06/26 20:59:40,2026/06/29 09:30:00,,EQ-A040,9003,佐藤 次郎,0,98,98.0,1,1.0,2026/06/29 08:30:00,2026/06/29 09:40:51,,,,,,完了,2026/06/29 09:40:51
CASE-PO-000565,CASE-PN-000565,1,CASE-PO-000565_1,部品準備,A010,MB000103,MG001,WC000051,68,45,10,55,2026/06/17 08:30:00,2026/06/17 09:25:00,,EQ-A010,9001,山田 太郎,10,67,98.5,1,1.5,2026/06/17 08:30:00,2026/06/17 09:21:57,,,,,,完了,2026/06/17 09:21:57
CASE-PO-000565,CASE-PN-000565,2,CASE-PO-000565_2,一次組立,A020,MB000103,MG001,WC000052,68,180,25,205,2026/06/17 15:03:44,2026/06/18 09:28:00,,EQ-A020,9001,山田 太郎,25,68,100.0,1,1.5,2026/06/17 15:03:44,2026/06/18 09:16:27,,,,,,完了,2026/06/18 09:16:27
CASE-PO-000565,CASE-PN-000565,3,CASE-PO-000565_3,二次組立,A030,MB000103,MG001,WC000053,68,150,20,170,2026/06/18 13:10:02,2026/06/18 16:00:02,,EQ-A030,9001,山田 太郎,20,67,98.5,0,0.0,2026/06/18 13:10:02,2026/06/18 16:13:19,,,,,,完了,2026/06/18 16:13:19
CASE-PO-000565,CASE-PN-000565,4,CASE-PO-000565_4,完成検査,A040,MB000103,MG001,WC000054,68,60,0,60,2026/06/19 02:06:46,2026/06/19 09:30:00,,EQ-A040,9001,山田 太郎,0,67,98.5,0,0.0,2026/06/19 08:30:00,2026/06/19 09:30:03,,,,,,完了,2026/06/19 09:30:03
CASE-PO-000566,CASE-PN-000566,1,CASE-PO-000566_1,部品準備,A010,MB000101,MG001,WC000051,107,45,10,55,2026/05/18 08:30:00,2026/05/18 09:25:00,,EQ-A010,9001,山田 太郎,10,106,99.1,1,0.9,2026/05/18 08:30:00,2026/05/18 09:11:14,,,,,,完了,2026/05/18 09:11:14
CASE-PO-000566,CASE-PN-000566,2,CASE-PO-000566_2,一次組立,A020,MB000101,MG001,WC000052,107,180,25,205,2026/05/18 11:58:33,2026/05/18 15:23:33,,EQ-A020,9001,山田 太郎,25,106,99.1,1,0.9,2026/05/18 11:58:33,2026/05/18 14:47:21,,,,,,完了,2026/05/18 14:47:21
CASE-PO-000566,CASE-PN-000566,3,CASE-PO-000566_3,二次組立,A030,MB000101,MG001,WC000053,107,150,20,170,2026/05/19 01:37:45,2026/05/19 11:20:00,,EQ-A030,9001,山田 太郎,20,106,99.1,2,1.9,2026/05/19 08:30:00,2026/05/19 11:11:07,,,,,,完了,2026/05/19 11:11:07
CASE-PO-000566,CASE-PN-000566,4,CASE-PO-000566_4,完成検査,A040,MB000101,MG001,WC000054,107,60,0,60,2026/05/19 12:59:58,2026/05/19 13:59:58,,EQ-A040,9001,山田 太郎,0,107,100.0,0,0.0,2026/05/19 12:59:58,2026/05/19 13:59:06,,,,,,完了,2026/05/19 13:59:06
CASE-PO-000567,CASE-PN-000567,1,CASE-PO-000567_1,部品準備,A010,MB000103,MG001,WC000051,33,45,10,55,2026/05/11 08:30:00,2026/05/11 09:25:00,,EQ-A010,9005,高橋 四郎,10,33,100.0,0,0.0,2026/05/11 08:30:00,2026/05/11 09:18:20,,,,,,完了,2026/05/11 09:18:20
CASE-PO-000567,CASE-PN-000567,2,CASE-PO-000567_2,一次組立,A020,MB000103,MG001,WC000052,33,180,25,205,2026/05/11 13:51:13,2026/05/11 17:16:13,,EQ-A020,9005,高橋 四郎,25,32,97.0,1,3.0,2026/05/11 13:51:13,2026/05/11 17:09:02,,,,,,完了,2026/05/11 17:09:02
CASE-PO-000567,CASE-PN-000567,3,CASE-PO-000567_3,二次組立,A030,MB000103,MG001,WC000053,33,150,20,170,2026/05/11 21:20:19,2026/05/12 11:20:00,,EQ-A030,9005,高橋 四郎,20,32,97.0,0,0.0,2026/05/12 08:30:00,2026/05/12 10:42:46,,,,,,完了,2026/05/12 10:42:46
CASE-PO-000567,CASE-PN-000567,4,CASE-PO-000567_4,完成検査,A040,MB000103,MG001,WC000054,33,60,0,60,2026/05/12 13:03:06,2026/05/12 14:03:06,,EQ-A040,9005,高橋 四郎,0,33,100.0,0,0.0,2026/05/12 13:03:06,2026/05/12 13:57:12,,,,,,完了,2026/05/12 13:57:12
CASE-PO-000568,CASE-PN-000568,1,CASE-PO-000568_1,部品準備,A010,MB000103,MG001,WC000051,64,45,10,55,2026/06/24 08:30:00,2026/06/24 09:25:00,,EQ-A010,9001,山田 太郎,10,63,98.4,1,1.6,2026/06/24 08:30:00,2026/06/24 09:21:50,,,,,,完了,2026/06/24 09:21:50
CASE-PO-000568,CASE-PN-000568,2,CASE-PO-000568_2,一次組立,A020,MB000103,MG001,WC000052,64,180,25,205,2026/06/24 11:22:35,2026/06/24 14:47:35,,EQ-A020,9001,山田 太郎,25,63,98.4,1,1.6,2026/06/24 11:22:35,2026/06/24 13:58:30,,,,,,完了,2026/06/24 13:58:30
CASE-PO-000568,CASE-PN-000568,3,CASE-PO-000568_3,二次組立,A030,MB000103,MG001,WC000053,64,150,20,170,2026/06/24 23:00:09,2026/06/25 11:20:00,,EQ-A030,9001,山田 太郎,20,63,98.4,0,0.0,2026/06/25 08:30:00,2026/06/25 11:11:06,,,,,,完了,2026/06/25 11:11:06
CASE-PO-000568,CASE-PN-000568,4,CASE-PO-000568_4,完成検査,A040,MB000103,MG001,WC000054,64,60,0,60,2026/06/25 15:10:53,2026/06/25 16:10:53,,EQ-A040,9001,山田 太郎,0,63,98.4,1,1.6,2026/06/25 15:10:53,2026/06/25 16:22:21,,,,,,完了,2026/06/25 16:22:21
CASE-PO-000569,CASE-PN-000569,1,CASE-PO-000569_1,部品準備,A010,MB000103,MG001,WC000051,68,45,10,55,2026/06/25 08:30:00,2026/06/25 09:25:00,,EQ-A010,9001,山田 太郎,10,67,98.5,0,0.0,2026/06/25 08:30:00,2026/06/25 09:22:01,,,,,,完了,2026/06/25 09:22:01
CASE-PO-000569,CASE-PN-000569,2,CASE-PO-000569_2,一次組立,A020,MB000103,MG001,WC000052,68,180,25,205,2026/06/25 12:07:45,2026/06/25 15:32:45,,EQ-A020,9001,山田 太郎,25,67,98.5,0,0.0,2026/06/25 12:07:45,2026/06/25 15:48:13,,,,,,完了,2026/06/25 15:48:13
CASE-PO-000569,CASE-PN-000569,3,CASE-PO-000569_3,二次組立,A030,MB000103,MG001,WC000053,68,150,20,170,2026/06/25 21:06:26,2026/06/26 11:20:00,,EQ-A030,9001,山田 太郎,20,68,100.0,1,1.5,2026/06/26 08:30:00,2026/06/26 11:06:41,,,,,,完了,2026/06/26 11:06:41
CASE-PO-000569,CASE-PN-000569,4,CASE-PO-000569_4,完成検査,A040,MB000103,MG001,WC000054,68,60,0,60,2026/06/26 13:45:28,2026/06/26 14:45:28,,EQ-A040,9001,山田 太郎,0,67,98.5,0,0.0,2026/06/26 13:45:28,2026/06/26 14:40:14,,,,,,完了,2026/06/26 14:40:14
CASE-PO-000570,CASE-PN-000570,1,CASE-PO-000570_1,部品準備,A010,MB000101,MG001,WC000051,93,45,10,55,2026/07/02 08:30:00,2026/07/02 09:25:00,,EQ-A010,9005,高橋 四郎,10,90,96.8,1,1.1,2026/07/02 08:30:00,2026/07/02 09:08:16,,,,,,完了,2026/07/02 09:08:16
CASE-PO-000570,CASE-PN-000570,2,CASE-PO-000570_2,一次組立,A020,MB000101,MG001,WC000052,93,180,25,205,2026/07/02 16:53:26,2026/07/03 11:18:00,,EQ-A020,9005,高橋 四郎,25,90,96.8,0,0.0,2026/07/02 16:53:26,2026/07/03 10:46:50,,,,,,完了,2026/07/03 10:46:50
CASE-PO-000570,CASE-PN-000570,3,CASE-PO-000570_3,二次組立,A030,MB000101,MG001,WC000053,93,150,20,170,2026/07/03 22:39:53,2026/07/06 11:20:00,,EQ-A030,9005,高橋 四郎,20,92,98.9,1,1.1,2026/07/06 08:30:00,2026/07/06 10:51:10,,,,,,完了,2026/07/06 10:51:10
CASE-PO-000570,CASE-PN-000570,4,CASE-PO-000570_4,完成検査,A040,MB000101,MG001,WC000054,93,60,0,60,2026/07/06 15:37:55,2026/07/06 16:37:55,,EQ-A040,9005,高橋 四郎,0,91,97.8,1,1.1,2026/07/06 15:37:55,2026/07/06 16:50:28,,,,,,完了,2026/07/06 16:50:28
CASE-PO-000571,CASE-PN-000571,1,CASE-PO-000571_1,部品準備,A010,MB000101,MG001,WC000051,70,45,10,55,2026/06/29 08:30:00,2026/06/29 09:25:00,,EQ-A010,9003,佐藤 次郎,10,69,98.6,1,1.4,2026/06/29 08:30:00,2026/06/29 09:15:38,,,,,,完了,2026/06/29 09:15:38
CASE-PO-000571,CASE-PN-000571,2,CASE-PO-000571_2,一次組立,A020,MB000101,MG001,WC000052,70,180,25,205,2026/06/29 15:13:31,2026/06/30 09:38:00,,EQ-A020,9003,佐藤 次郎,25,69,98.6,1,1.4,2026/06/29 15:13:31,2026/06/30 09:51:41,,,,,,完了,2026/06/30 09:51:41
CASE-PO-000571,CASE-PN-000571,3,CASE-PO-000571_3,二次組立,A030,MB000101,MG001,WC000053,70,150,20,170,2026/06/30 15:11:44,2026/07/01 09:01:00,,EQ-A030,9003,佐藤 次郎,20,68,97.1,0,0.0,2026/06/30 15:11:44,2026/06/30 17:21:40,,,,,,完了,2026/06/30 17:21:40
CASE-PO-000571,CASE-PN-000571,4,CASE-PO-000571_4,完成検査,A040,MB000101,MG001,WC000054,70,60,0,60,2026/07/01 03:20:48,2026/07/01 09:30:00,,EQ-A040,9003,佐藤 次郎,0,69,98.6,1,1.4,2026/07/01 08:30:00,2026/07/01 09:22:23,,,,,,完了,2026/07/01 09:22:23
CASE-PO-000572,CASE-PN-000572,1,CASE-PO-000572_1,部品準備,A010,MB000102,MG001,WC000051,145,45,10,55,2026/05/21 08:30:00,2026/05/21 09:25:00,,EQ-A010,9001,山田 太郎,10,143,98.6,0,0.0,2026/05/21 08:30:00,2026/05/21 09:12:26,,,,,,完了,2026/05/21 09:12:26
CASE-PO-000572,CASE-PN-000572,2,CASE-PO-000572_2,一次組立,A020,MB000102,MG001,WC000052,145,180,25,205,2026/05/21 16:27:33,2026/05/22 10:52:00,,EQ-A020,9001,山田 太郎,25,141,97.2,0,0.0,2026/05/21 16:27:33,2026/05/22 10:35:31,,,,,,完了,2026/05/22 10:35:31
CASE-PO-000572,CASE-PN-000572,3,CASE-PO-000572_3,二次組立,A030,MB000102,MG001,WC000053,145,150,20,170,2026/05/22 19:44:58,2026/05/25 11:20:00,,EQ-A030,9001,山田 太郎,20,141,97.2,1,0.7,2026/05/25 08:30:00,2026/05/25 10:53:04,,,,,,完了,2026/05/25 10:53:04
CASE-PO-000572,CASE-PN-000572,4,CASE-PO-000572_4,完成検査,A040,MB000102,MG001,WC000054,145,60,0,60,2026/05/25 14:31:02,2026/05/25 15:31:02,,EQ-A040,9001,山田 太郎,0,144,99.3,1,0.7,2026/05/25 14:31:02,2026/05/25 15:45:46,,,,,,完了,2026/05/25 15:45:46
CASE-PO-000573,CASE-PN-000573,1,CASE-PO-000573_1,部品準備,A010,MB000103,MG001,WC000051,55,45,10,55,2026/06/15 08:30:00,2026/06/15 09:25:00,,EQ-A010,9002,鈴木 花子,10,54,98.2,0,0.0,2026/06/15 08:30:00,2026/06/15 09:18:24,,,,,,完了,2026/06/15 09:18:24
CASE-PO-000573,CASE-PN-000573,2,CASE-PO-000573_2,一次組立,A020,MB000103,MG001,WC000052,55,180,25,205,2026/06/15 16:54:01,2026/06/16 11:19:00,,EQ-A020,9002,鈴木 花子,25,54,98.2,1,1.8,2026/06/15 16:54:01,2026/06/16 10:41:22,,,,,,完了,2026/06/16 10:41:22
CASE-PO-000573,CASE-PN-000573,3,CASE-PO-000573_3,二次組立,A030,MB000103,MG001,WC000053,55,150,20,170,2026/06/16 22:23:55,2026/06/17 11:20:00,,EQ-A030,9002,鈴木 花子,20,55,100.0,1,1.8,2026/06/17 08:30:00,2026/06/17 11:17:37,,,,,,完了,2026/06/17 11:17:37
CASE-PO-000573,CASE-PN-000573,4,CASE-PO-000573_4,完成検査,A040,MB000103,MG001,WC000054,55,60,0,60,2026/06/17 17:27:06,2026/06/18 09:27:00,,EQ-A040,9002,鈴木 花子,0,54,98.2,1,1.8,2026/06/17 17:27:06,2026/06/18 09:33:42,,,,,,完了,2026/06/18 09:33:42
CASE-PO-000574,CASE-PN-000574,1,CASE-PO-000574_1,部品準備,A010,MB000101,MG001,WC000051,55,45,10,55,2026/05/12 08:30:00,2026/05/12 09:25:00,,EQ-A010,9004,田中 三郎,10,53,96.4,0,0.0,2026/05/12 08:30:00,2026/05/12 09:18:50,,,,,,完了,2026/05/12 09:18:50
CASE-PO-000574,CASE-PN-000574,2,CASE-PO-000574_2,一次組立,A020,MB000101,MG001,WC000052,55,180,25,205,2026/05/12 12:10:09,2026/05/12 15:35:09,,EQ-A020,9004,田中 三郎,25,55,100.0,0,0.0,2026/05/12 12:10:09,2026/05/12 15:02:17,,,,,,完了,2026/05/12 15:02:17
CASE-PO-000574,CASE-PN-000574,3,CASE-PO-000574_3,二次組立,A030,MB000101,MG001,WC000053,55,150,20,170,2026/05/13 02:35:20,2026/05/13 11:20:00,,EQ-A030,9004,田中 三郎,20,55,100.0,0,0.0,2026/05/13 08:30:00,2026/05/13 10:50:21,,,,,,完了,2026/05/13 10:50:21
CASE-PO-000574,CASE-PN-000574,4,CASE-PO-000574_4,完成検査,A040,MB000101,MG001,WC000054,55,60,0,60,2026/05/13 18:52:36,2026/05/14 09:30:00,,EQ-A040,9004,田中 三郎,0,54,98.2,1,1.8,2026/05/14 08:30:00,2026/05/14 09:22:57,,,,,,完了,2026/05/14 09:22:57
CASE-PO-000575,CASE-PN-000575,1,CASE-PO-000575_1,部品準備,A010,MB000101,MG001,WC000051,79,45,10,55,2026/06/16 08:30:00,2026/06/16 09:25:00,,EQ-A010,9002,鈴木 花子,10,77,97.5,1,1.3,2026/06/16 08:30:00,2026/06/16 09:11:19,,,,,,完了,2026/06/16 09:11:19
CASE-PO-000575,CASE-PN-000575,2,CASE-PO-000575_2,一次組立,A020,MB000101,MG001,WC000052,79,180,25,205,2026/06/16 16:13:00,2026/06/17 10:38:00,,EQ-A020,9002,鈴木 花子,25,79,100.0,2,2.5,2026/06/16 16:13:00,2026/06/17 10:46:02,,,,,,完了,2026/06/17 10:46:02
CASE-PO-000575,CASE-PN-000575,3,CASE-PO-000575_3,二次組立,A030,MB000101,MG001,WC000053,79,150,20,170,2026/06/17 18:23:35,2026/06/18 11:20:00,,EQ-A030,9002,鈴木 花子,20,77,97.5,0,0.0,2026/06/18 08:30:00,2026/06/18 11:06:18,,,,,,完了,2026/06/18 11:06:18
CASE-PO-000575,CASE-PN-000575,4,CASE-PO-000575_4,完成検査,A040,MB000101,MG001,WC000054,79,60,0,60,2026/06/18 13:13:31,2026/06/18 14:13:31,,EQ-A040,9002,鈴木 花子,0,79,100.0,1,1.3,2026/06/18 13:13:31,2026/06/18 14:23:39,,,,,,完了,2026/06/18 14:23:39
CASE-PO-000576,CASE-PN-000576,1,CASE-PO-000576_1,部品準備,A010,MB000102,MG001,WC000051,123,45,10,55,2026/06/10 08:30:00,2026/06/10 09:25:00,,EQ-A010,9001,山田 太郎,10,120,97.6,2,1.6,2026/06/10 08:30:00,2026/06/10 09:10:10,,,,,,完了,2026/06/10 09:10:10
CASE-PO-000576,CASE-PN-000576,2,CASE-PO-000576_2,一次組立,A020,MB000102,MG001,WC000052,123,180,25,205,2026/06/10 15:37:48,2026/06/11 10:02:00,,EQ-A020,9001,山田 太郎,25,123,100.0,1,0.8,2026/06/10 15:37:48,2026/06/11 09:32:25,,,,,,完了,2026/06/11 09:32:25
CASE-PO-000576,CASE-PN-000576,3,CASE-PO-000576_3,二次組立,A030,MB000102,MG001,WC000053,123,150,20,170,2026/06/11 20:53:19,2026/06/12 11:20:00,,EQ-A030,9001,山田 太郎,20,123,100.0,1,0.8,2026/06/12 08:30:00,2026/06/12 11:02:25,,,,,,完了,2026/06/12 11:02:25
CASE-PO-000576,CASE-PN-000576,4,CASE-PO-000576_4,完成検査,A040,MB000102,MG001,WC000054,123,60,0,60,2026/06/12 18:33:14,2026/06/15 09:30:00,,EQ-A040,9001,山田 太郎,0,120,97.6,0,0.0,2026/06/15 08:30:00,2026/06/15 09:25:03,,,,,,完了,2026/06/15 09:25:03
CASE-PO-000577,CASE-PN-000577,1,CASE-PO-000577_1,部品準備,A010,MB000101,MG001,WC000051,44,45,10,55,2026/06/01 08:30:00,2026/06/01 09:25:00,,EQ-A010,9003,佐藤 次郎,10,44,100.0,0,0.0,2026/06/01 08:30:00,2026/06/01 09:18:34,,,,,,完了,2026/06/01 09:18:34
CASE-PO-000577,CASE-PN-000577,2,CASE-PO-000577_2,一次組立,A020,MB000101,MG001,WC000052,44,180,25,205,2026/06/01 17:11:12,2026/06/02 11:36:00,,EQ-A020,9003,佐藤 次郎,25,44,100.0,0,0.0,2026/06/01 17:11:12,2026/06/02 11:48:59,,,,,,完了,2026/06/02 11:48:59
CASE-PO-000577,CASE-PN-000577,3,CASE-PO-000577_3,二次組立,A030,MB000101,MG001,WC000053,44,150,20,170,2026/06/02 21:25:30,2026/06/03 11:20:00,,EQ-A030,9003,佐藤 次郎,20,43,97.7,0,0.0,2026/06/03 08:30:00,2026/06/03 10:54:11,,,,,,完了,2026/06/03 10:54:11
CASE-PO-000577,CASE-PN-000577,4,CASE-PO-000577_4,完成検査,A040,MB000101,MG001,WC000054,44,60,0,60,2026/06/03 12:10:03,2026/06/03 13:10:03,,EQ-A040,9003,佐藤 次郎,0,44,100.0,1,2.3,2026/06/03 12:10:03,2026/06/03 13:08:53,,,,,,完了,2026/06/03 13:08:53
CASE-PO-000578,CASE-PN-000578,1,CASE-PO-000578_1,部品準備,A010,MB000102,MG001,WC000051,196,45,10,55,2026/06/09 08:30:00,2026/06/09 09:25:00,,EQ-A010,9005,高橋 四郎,10,196,100.0,3,1.5,2026/06/09 08:30:00,2026/06/09 09:09:30,,,,,,完了,2026/06/09 09:09:30
CASE-PO-000578,CASE-PN-000578,2,CASE-PO-000578_2,一次組立,A020,MB000102,MG001,WC000052,196,180,25,205,2026/06/09 12:34:12,2026/06/09 15:59:12,,EQ-A020,9005,高橋 四郎,25,192,98.0,3,1.5,2026/06/09 12:34:12,2026/06/09 15:53:01,,,,,,完了,2026/06/09 15:53:01
CASE-PO-000578,CASE-PN-000578,3,CASE-PO-000578_3,二次組立,A030,MB000102,MG001,WC000053,196,150,20,170,2026/06/09 20:47:15,2026/06/10 11:20:00,,EQ-A030,9005,高橋 四郎,20,193,98.5,1,0.5,2026/06/10 08:30:00,2026/06/10 10:43:51,,,,,,完了,2026/06/10 10:43:51
CASE-PO-000578,CASE-PN-000578,4,CASE-PO-000578_4,完成検査,A040,MB000102,MG001,WC000054,196,60,0,60,2026/06/10 17:18:18,2026/06/11 09:18:00,,EQ-A040,9005,高橋 四郎,0,192,98.0,1,0.5,2026/06/10 17:18:18,2026/06/11 09:22:20,,,,,,完了,2026/06/11 09:22:20
CASE-PO-000579,CASE-PN-000579,1,CASE-PO-000579_1,部品準備,A010,MB000101,MG001,WC000051,86,45,10,55,2026/05/26 08:30:00,2026/05/26 09:25:00,,EQ-A010,9001,山田 太郎,10,86,100.0,0,0.0,2026/05/26 08:30:00,2026/05/26 09:13:09,,,,,,完了,2026/05/26 09:13:09
CASE-PO-000579,CASE-PN-000579,2,CASE-PO-000579_2,一次組立,A020,MB000101,MG001,WC000052,86,180,25,205,2026/05/26 17:01:15,2026/05/27 11:26:00,,EQ-A020,9001,山田 太郎,25,84,97.7,0,0.0,2026/05/26 17:01:15,2026/05/27 11:14:23,,,,,,完了,2026/05/27 11:14:23
CASE-PO-000579,CASE-PN-000579,3,CASE-PO-000579_3,二次組立,A030,MB000101,MG001,WC000053,86,150,20,170,2026/05/27 21:28:00,2026/05/28 11:20:00,,EQ-A030,9001,山田 太郎,20,84,97.7,0,0.0,2026/05/28 08:30:00,2026/05/28 11:29:53,,,,,,完了,2026/05/28 11:29:53
CASE-PO-000579,CASE-PN-000579,4,CASE-PO-000579_4,完成検査,A040,MB000101,MG001,WC000054,86,60,0,60,2026/05/28 19:42:48,2026/05/29 09:30:00,,EQ-A040,9001,山田 太郎,0,84,97.7,0,0.0,2026/05/29 08:30:00,2026/05/29 09:27:43,,,,,,完了,2026/05/29 09:27:43
CASE-PO-000580,CASE-PN-000580,1,CASE-PO-000580_1,部品準備,A010,MB000103,MG001,WC000051,82,45,10,55,2026/06/19 08:30:00,2026/06/19 09:25:00,,EQ-A010,9003,佐藤 次郎,10,81,98.8,1,1.2,2026/06/19 08:30:00,2026/06/19 09:08:27,,,,,,完了,2026/06/19 09:08:27
CASE-PO-000580,CASE-PN-000580,2,CASE-PO-000580_2,一次組立,A020,MB000103,MG001,WC000052,82,180,25,205,2026/06/19 11:11:31,2026/06/19 14:36:31,,EQ-A020,9003,佐藤 次郎,25,81,98.8,1,1.2,2026/06/19 11:11:31,2026/06/19 14:52:16,,,,,,完了,2026/06/19 14:52:16
CASE-PO-000580,CASE-PN-000580,3,CASE-PO-000580_3,二次組立,A030,MB000103,MG001,WC000053,82,150,20,170,2026/06/19 20:01:22,2026/06/22 11:20:00,,EQ-A030,9003,佐藤 次郎,20,80,97.6,2,2.4,2026/06/22 08:30:00,2026/06/22 11:09:19,,,,,,完了,2026/06/22 11:09:19
CASE-PO-000580,CASE-PN-000580,4,CASE-PO-000580_4,完成検査,A040,MB000103,MG001,WC000054,82,60,0,60,2026/06/22 13:18:12,2026/06/22 14:18:12,,EQ-A040,9003,佐藤 次郎,0,80,97.6,2,2.4,2026/06/22 13:18:12,2026/06/22 14:13:22,,,,,,完了,2026/06/22 14:13:22
CASE-PO-000581,CASE-PN-000581,1,CASE-PO-000581_1,部品準備,A010,MB000102,MG001,WC000051,100,45,10,55,2026/05/12 08:30:00,2026/05/12 09:25:00,,EQ-A010,9003,佐藤 次郎,10,99,99.0,1,1.0,2026/05/12 08:30:00,2026/05/12 09:18:20,,,,,,完了,2026/05/12 09:18:20
CASE-PO-000581,CASE-PN-000581,2,CASE-PO-000581_2,一次組立,A020,MB000102,MG001,WC000052,100,180,25,205,2026/05/12 13:00:43,2026/05/12 16:25:43,,EQ-A020,9003,佐藤 次郎,25,98,98.0,2,2.0,2026/05/12 13:00:43,2026/05/12 16:22:48,,,,,,完了,2026/05/12 16:22:48
CASE-PO-000581,CASE-PN-000581,3,CASE-PO-000581_3,二次組立,A030,MB000102,MG001,WC000053,100,150,20,170,2026/05/12 23:19:23,2026/05/13 11:20:00,,EQ-A030,9003,佐藤 次郎,20,98,98.0,0,0.0,2026/05/13 08:30:00,2026/05/13 11:17:19,,,,,,完了,2026/05/13 11:17:19
CASE-PO-000581,CASE-PN-000581,4,CASE-PO-000581_4,完成検査,A040,MB000102,MG001,WC000054,100,60,0,60,2026/05/13 19:46:49,2026/05/14 09:30:00,,EQ-A040,9003,佐藤 次郎,0,99,99.0,2,2.0,2026/05/14 08:30:00,2026/05/14 09:42:32,,,,,,完了,2026/05/14 09:42:32
CASE-PO-000582,CASE-PN-000582,1,CASE-PO-000582_1,部品準備,A010,MB000102,MG001,WC000051,133,45,10,55,2026/06/08 08:30:00,2026/06/08 09:25:00,,EQ-A010,9002,鈴木 花子,10,129,97.0,2,1.5,2026/06/08 08:30:00,2026/06/08 09:13:13,,,,,,完了,2026/06/08 09:13:13
CASE-PO-000582,CASE-PN-000582,2,CASE-PO-000582_2,一次組立,A020,MB000102,MG001,WC000052,133,180,25,205,2026/06/08 14:55:33,2026/06/09 09:20:00,,EQ-A020,9002,鈴木 花子,25,129,97.0,1,0.8,2026/06/08 14:55:33,2026/06/09 09:35:58,,,,,,完了,2026/06/09 09:35:58
CASE-PO-000582,CASE-PN-000582,3,CASE-PO-000582_3,二次組立,A030,MB000102,MG001,WC000053,133,150,20,170,2026/06/09 16:34:00,2026/06/10 10:24:00,,EQ-A030,9002,鈴木 花子,20,130,97.7,1,0.8,2026/06/09 16:34:00,2026/06/10 09:45:55,,,,,,完了,2026/06/10 09:45:55
CASE-PO-000582,CASE-PN-000582,4,CASE-PO-000582_4,完成検査,A040,MB000102,MG001,WC000054,133,60,0,60,2026/06/10 12:17:14,2026/06/10 13:17:14,,EQ-A040,9002,鈴木 花子,0,132,99.2,2,1.5,2026/06/10 12:17:14,2026/06/10 13:09:10,,,,,,完了,2026/06/10 13:09:10
CASE-PO-000583,CASE-PN-000583,1,CASE-PO-000583_1,部品準備,A010,MB000101,MG001,WC000051,98,45,10,55,2026/05/07 08:30:00,2026/05/07 09:25:00,,EQ-A010,9005,高橋 四郎,10,95,96.9,0,0.0,2026/05/07 08:30:00,2026/05/07 09:16:09,,,,,,完了,2026/05/07 09:16:09
CASE-PO-000583,CASE-PN-000583,2,CASE-PO-000583_2,一次組立,A020,MB000101,MG001,WC000052,98,180,25,205,2026/05/07 15:33:18,2026/05/08 09:58:00,,EQ-A020,9005,高橋 四郎,25,96,98.0,2,2.0,2026/05/07 15:33:18,2026/05/08 09:28:19,,,,,,完了,2026/05/08 09:28:19
CASE-PO-000583,CASE-PN-000583,3,CASE-PO-000583_3,二次組立,A030,MB000101,MG001,WC000053,98,150,20,170,2026/05/08 16:04:54,2026/05/11 09:54:00,,EQ-A030,9005,高橋 四郎,20,97,99.0,0,0.0,2026/05/08 16:04:54,2026/05/11 09:29:24,,,,,,完了,2026/05/11 09:29:24
CASE-PO-000583,CASE-PN-000583,4,CASE-PO-000583_4,完成検査,A040,MB000101,MG001,WC000054,98,60,0,60,2026/05/11 15:21:42,2026/05/11 16:21:42,,EQ-A040,9005,高橋 四郎,0,95,96.9,1,1.0,2026/05/11 15:21:42,2026/05/11 16:33:40,,,,,,完了,2026/05/11 16:33:40
CASE-PO-000584,CASE-PN-000584,1,CASE-PO-000584_1,部品準備,A010,MB000101,MG001,WC000051,44,45,10,55,2026/05/14 08:30:00,2026/05/14 09:25:00,,EQ-A010,9001,山田 太郎,10,43,97.7,0,0.0,2026/05/14 08:30:00,2026/05/14 09:24:09,,,,,,完了,2026/05/14 09:24:09
CASE-PO-000584,CASE-PN-000584,2,CASE-PO-000584_2,一次組立,A020,MB000101,MG001,WC000052,44,180,25,205,2026/05/14 12:08:32,2026/05/14 15:33:32,,EQ-A020,9001,山田 太郎,25,44,100.0,0,0.0,2026/05/14 12:08:32,2026/05/14 15:52:13,,,,,,完了,2026/05/14 15:52:13
CASE-PO-000584,CASE-PN-000584,3,CASE-PO-000584_3,二次組立,A030,MB000101,MG001,WC000053,44,150,20,170,2026/05/14 23:52:00,2026/05/15 11:20:00,,EQ-A030,9001,山田 太郎,20,43,97.7,1,2.3,2026/05/15 08:30:00,2026/05/15 10:54:46,,,,,,完了,2026/05/15 10:54:46
CASE-PO-000584,CASE-PN-000584,4,CASE-PO-000584_4,完成検査,A040,MB000101,MG001,WC000054,44,60,0,60,2026/05/15 13:23:38,2026/05/15 14:23:38,,EQ-A040,9001,山田 太郎,0,43,97.7,0,0.0,2026/05/15 13:23:38,2026/05/15 14:36:48,,,,,,完了,2026/05/15 14:36:48
CASE-PO-000585,CASE-PN-000585,1,CASE-PO-000585_1,部品準備,A010,MB000101,MG001,WC000051,46,45,10,55,2026/06/29 08:30:00,2026/06/29 09:25:00,,EQ-A010,9003,佐藤 次郎,10,46,100.0,1,2.2,2026/06/29 08:30:00,2026/06/29 09:21:23,,,,,,完了,2026/06/29 09:21:23
CASE-PO-000585,CASE-PN-000585,2,CASE-PO-000585_2,一次組立,A020,MB000101,MG001,WC000052,46,180,25,205,2026/06/29 10:27:00,2026/06/29 13:52:00,,EQ-A020,9003,佐藤 次郎,25,45,97.8,0,0.0,2026/06/29 10:27:00,2026/06/29 13:56:58,,,,,,完了,2026/06/29 13:56:58
CASE-PO-000585,CASE-PN-000585,3,CASE-PO-000585_3,二次組立,A030,MB000101,MG001,WC000053,46,150,20,170,2026/06/29 21:54:36,2026/06/30 11:20:00,,EQ-A030,9003,佐藤 次郎,20,45,97.8,1,2.2,2026/06/30 08:30:00,2026/06/30 11:04:11,,,,,,完了,2026/06/30 11:04:11
CASE-PO-000585,CASE-PN-000585,4,CASE-PO-000585_4,完成検査,A040,MB000101,MG001,WC000054,46,60,0,60,2026/06/30 15:20:42,2026/06/30 16:20:42,,EQ-A040,9003,佐藤 次郎,0,45,97.8,0,0.0,2026/06/30 15:20:42,2026/06/30 16:29:50,,,,,,完了,2026/06/30 16:29:50
CASE-PO-000586,CASE-PN-000586,1,CASE-PO-000586_1,部品準備,A010,MB000101,MG001,WC000051,109,45,10,55,2026/05/25 08:30:00,2026/05/25 09:25:00,,EQ-A010,9003,佐藤 次郎,10,106,97.2,1,0.9,2026/05/25 08:30:00,2026/05/25 09:10:12,,,,,,完了,2026/05/25 09:10:12
CASE-PO-000586,CASE-PN-000586,2,CASE-PO-000586_2,一次組立,A020,MB000101,MG001,WC000052,109,180,25,205,2026/05/25 15:24:48,2026/05/26 09:49:00,,EQ-A020,9003,佐藤 次郎,25,108,99.1,0,0.0,2026/05/25 15:24:48,2026/05/26 10:02:51,,,,,,完了,2026/05/26 10:02:51
CASE-PO-000586,CASE-PN-000586,3,CASE-PO-000586_3,二次組立,A030,MB000101,MG001,WC000053,109,150,20,170,2026/05/26 17:48:39,2026/05/27 11:20:00,,EQ-A030,9003,佐藤 次郎,20,106,97.2,1,0.9,2026/05/27 08:30:00,2026/05/27 10:44:44,,,,,,完了,2026/05/27 10:44:44
CASE-PO-000586,CASE-PN-000586,4,CASE-PO-000586_4,完成検査,A040,MB000101,MG001,WC000054,109,60,0,60,2026/05/27 15:20:07,2026/05/27 16:20:07,,EQ-A040,9003,佐藤 次郎,0,106,97.2,0,0.0,2026/05/27 15:20:07,2026/05/27 16:24:58,,,,,,完了,2026/05/27 16:24:58
CASE-PO-000587,CASE-PN-000587,1,CASE-PO-000587_1,部品準備,A010,MB000103,MG001,WC000051,56,45,10,55,2026/06/30 08:30:00,2026/06/30 09:25:00,,EQ-A010,9005,高橋 四郎,10,55,98.2,1,1.8,2026/06/30 08:30:00,2026/06/30 09:19:27,,,,,,完了,2026/06/30 09:19:27
CASE-PO-000587,CASE-PN-000587,2,CASE-PO-000587_2,一次組立,A020,MB000103,MG001,WC000052,56,180,25,205,2026/06/30 16:05:50,2026/07/01 10:30:00,,EQ-A020,9005,高橋 四郎,25,56,100.0,1,1.8,2026/06/30 16:05:50,2026/07/01 10:07:03,,,,,,完了,2026/07/01 10:07:03
CASE-PO-000587,CASE-PN-000587,3,CASE-PO-000587_3,二次組立,A030,MB000103,MG001,WC000053,56,150,20,170,2026/07/01 19:37:35,2026/07/02 11:20:00,,EQ-A030,9005,高橋 四郎,20,55,98.2,1,1.8,2026/07/02 08:30:00,2026/07/02 10:40:24,,,,,,完了,2026/07/02 10:40:24
CASE-PO-000587,CASE-PN-000587,4,CASE-PO-000587_4,完成検査,A040,MB000103,MG001,WC000054,56,60,0,60,2026/07/02 18:06:19,2026/07/03 09:30:00,,EQ-A040,9005,高橋 四郎,0,55,98.2,1,1.8,2026/07/03 08:30:00,2026/07/03 09:32:21,,,,,,完了,2026/07/03 09:32:21
CASE-PO-000588,CASE-PN-000588,1,CASE-PO-000588_1,部品準備,A010,MB000102,MG001,WC000051,171,45,10,55,2026/06/29 08:30:00,2026/06/29 09:25:00,,EQ-A010,9002,鈴木 花子,10,170,99.4,2,1.2,2026/06/29 08:30:00,2026/06/29 09:20:02,,,,,,完了,2026/06/29 09:20:02
CASE-PO-000588,CASE-PN-000588,2,CASE-PO-000588_2,一次組立,A020,MB000102,MG001,WC000052,171,180,25,205,2026/06/29 11:05:13,2026/06/29 14:30:13,,EQ-A020,9002,鈴木 花子,25,169,98.8,3,1.8,2026/06/29 11:05:13,2026/06/29 14:47:21,,,,,,完了,2026/06/29 14:47:21
CASE-PO-000588,CASE-PN-000588,3,CASE-PO-000588_3,二次組立,A030,MB000102,MG001,WC000053,171,150,20,170,2026/06/29 21:47:21,2026/06/30 11:20:00,,EQ-A030,9002,鈴木 花子,20,169,98.8,2,1.2,2026/06/30 08:30:00,2026/06/30 11:31:15,,,,,,完了,2026/06/30 11:31:15
CASE-PO-000588,CASE-PN-000588,4,CASE-PO-000588_4,完成検査,A040,MB000102,MG001,WC000054,171,60,0,60,2026/06/30 17:50:36,2026/07/01 09:30:00,,EQ-A040,9002,鈴木 花子,0,168,98.2,1,0.6,2026/07/01 08:30:00,2026/07/01 09:40:50,,,,,,完了,2026/07/01 09:40:50
CASE-PO-000589,CASE-PN-000589,1,CASE-PO-000589_1,部品準備,A010,MB000102,MG001,WC000051,200,45,10,55,2026/05/21 08:30:00,2026/05/21 09:25:00,,EQ-A010,9004,田中 三郎,10,197,98.5,0,0.0,2026/05/21 08:30:00,2026/05/21 09:18:12,,,,,,完了,2026/05/21 09:18:12
CASE-PO-000589,CASE-PN-000589,2,CASE-PO-000589_2,一次組立,A020,MB000102,MG001,WC000052,200,180,25,205,2026/05/21 16:15:32,2026/05/22 10:40:00,,EQ-A020,9004,田中 三郎,25,197,98.5,3,1.5,2026/05/21 16:15:32,2026/05/22 09:48:16,,,,,,完了,2026/05/22 09:48:16
CASE-PO-000589,CASE-PN-000589,3,CASE-PO-000589_3,二次組立,A030,MB000102,MG001,WC000053,200,150,20,170,2026/05/22 15:59:18,2026/05/25 09:49:00,,EQ-A030,9004,田中 三郎,20,196,98.0,3,1.5,2026/05/22 15:59:18,2026/05/25 09:29:46,,,,,,完了,2026/05/25 09:29:46
CASE-PO-000589,CASE-PN-000589,4,CASE-PO-000589_4,完成検査,A040,MB000102,MG001,WC000054,200,60,0,60,2026/05/25 15:34:25,2026/05/25 16:34:25,,EQ-A040,9004,田中 三郎,0,197,98.5,0,0.0,2026/05/25 15:34:25,2026/05/25 16:39:11,,,,,,完了,2026/05/25 16:39:11
CASE-PO-000590,CASE-PN-000590,1,CASE-PO-000590_1,部品準備,A010,MB000101,MG001,WC000051,97,45,10,55,2026/06/29 08:30:00,2026/06/29 09:25:00,,EQ-A010,9004,田中 三郎,10,97,100.0,2,2.1,2026/06/29 08:30:00,2026/06/29 09:19:46,,,,,,完了,2026/06/29 09:19:46
CASE-PO-000590,CASE-PN-000590,2,CASE-PO-000590_2,一次組立,A020,MB000101,MG001,WC000052,97,180,25,205,2026/06/29 13:23:12,2026/06/29 16:48:12,,EQ-A020,9004,田中 三郎,25,95,97.9,2,2.1,2026/06/29 13:23:12,2026/06/29 16:29:02,,,,,,完了,2026/06/29 16:29:02
CASE-PO-000590,CASE-PN-000590,3,CASE-PO-000590_3,二次組立,A030,MB000101,MG001,WC000053,97,150,20,170,2026/06/30 02:21:10,2026/06/30 11:20:00,,EQ-A030,9004,田中 三郎,20,96,99.0,0,0.0,2026/06/30 08:30:00,2026/06/30 11:07:04,,,,,,完了,2026/06/30 11:07:04
CASE-PO-000590,CASE-PN-000590,4,CASE-PO-000590_4,完成検査,A040,MB000101,MG001,WC000054,97,60,0,60,2026/06/30 18:52:59,2026/07/01 09:30:00,,EQ-A040,9004,田中 三郎,0,95,97.9,0,0.0,2026/07/01 08:30:00,2026/07/01 09:43:22,,,,,,完了,2026/07/01 09:43:22
CASE-PO-000591,CASE-PN-000591,1,CASE-PO-000591_1,部品準備,A010,MB000103,MG001,WC000051,68,45,10,55,2026/05/11 08:30:00,2026/05/11 09:25:00,,EQ-A010,9005,高橋 四郎,10,67,98.5,1,1.5,2026/05/11 08:30:00,2026/05/11 09:08:23,,,,,,完了,2026/05/11 09:08:23
CASE-PO-000591,CASE-PN-000591,2,CASE-PO-000591_2,一次組立,A020,MB000103,MG001,WC000052,68,180,25,205,2026/05/11 17:07:09,2026/05/12 11:32:00,,EQ-A020,9005,高橋 四郎,25,67,98.5,0,0.0,2026/05/11 17:07:09,2026/05/12 11:00:36,,,,,,完了,2026/05/12 11:00:36
CASE-PO-000591,CASE-PN-000591,3,CASE-PO-000591_3,二次組立,A030,MB000103,MG001,WC000053,68,150,20,170,2026/05/12 14:18:52,2026/05/12 17:08:52,,EQ-A030,9005,高橋 四郎,20,67,98.5,0,0.0,2026/05/12 14:18:52,2026/05/12 16:29:29,,,,,,完了,2026/05/12 16:29:29
CASE-PO-000591,CASE-PN-000591,4,CASE-PO-000591_4,完成検査,A040,MB000103,MG001,WC000054,68,60,0,60,2026/05/12 23:49:28,2026/05/13 09:30:00,,EQ-A040,9005,高橋 四郎,0,67,98.5,1,1.5,2026/05/13 08:30:00,2026/05/13 09:23:31,,,,,,完了,2026/05/13 09:23:31
CASE-PO-000592,CASE-PN-000592,1,CASE-PO-000592_1,部品準備,A010,MB000101,MG001,WC000051,76,45,10,55,2026/06/03 08:30:00,2026/06/03 09:25:00,,EQ-A010,9005,高橋 四郎,10,74,97.4,0,0.0,2026/06/03 08:30:00,2026/06/03 09:14:58,,,,,,完了,2026/06/03 09:14:58
CASE-PO-000592,CASE-PN-000592,2,CASE-PO-000592_2,一次組立,A020,MB000101,MG001,WC000052,76,180,25,205,2026/06/03 16:39:05,2026/06/04 11:04:00,,EQ-A020,9005,高橋 四郎,25,75,98.7,0,0.0,2026/06/03 16:39:05,2026/06/04 10:33:46,,,,,,完了,2026/06/04 10:33:46
CASE-PO-000592,CASE-PN-000592,3,CASE-PO-000592_3,二次組立,A030,MB000101,MG001,WC000053,76,150,20,170,2026/06/04 19:14:14,2026/06/05 11:20:00,,EQ-A030,9005,高橋 四郎,20,75,98.7,0,0.0,2026/06/05 08:30:00,2026/06/05 11:15:26,,,,,,完了,2026/06/05 11:15:26
CASE-PO-000592,CASE-PN-000592,4,CASE-PO-000592_4,完成検査,A040,MB000101,MG001,WC000054,76,60,0,60,2026/06/05 14:49:03,2026/06/05 15:49:03,,EQ-A040,9005,高橋 四郎,0,74,97.4,1,1.3,2026/06/05 14:49:03,2026/06/05 16:00:03,,,,,,完了,2026/06/05 16:00:03
CASE-PO-000593,CASE-PN-000593,1,CASE-PO-000593_1,部品準備,A010,MB000102,MG001,WC000051,193,45,10,55,2026/07/01 08:30:00,2026/07/01 09:25:00,,EQ-A010,9005,高橋 四郎,10,191,99.0,3,1.6,2026/07/01 08:30:00,2026/07/01 09:18:23,,,,,,完了,2026/07/01 09:18:23
CASE-PO-000593,CASE-PN-000593,2,CASE-PO-000593_2,一次組立,A020,MB000102,MG001,WC000052,193,180,25,205,2026/07/01 16:36:01,2026/07/02 11:01:00,,EQ-A020,9005,高橋 四郎,25,188,97.4,2,1.0,2026/07/01 16:36:01,2026/07/02 10:25:32,,,,,,完了,2026/07/02 10:25:32
CASE-PO-000593,CASE-PN-000593,3,CASE-PO-000593_3,二次組立,A030,MB000102,MG001,WC000053,193,150,20,170,2026/07/02 21:09:54,2026/07/03 11:20:00,,EQ-A030,9005,高橋 四郎,20,190,98.4,1,0.5,2026/07/03 08:30:00,2026/07/03 11:23:00,,,,,,完了,2026/07/03 11:23:00
CASE-PO-000593,CASE-PN-000593,4,CASE-PO-000593_4,完成検査,A040,MB000102,MG001,WC000054,193,60,0,60,2026/07/03 20:05:14,2026/07/06 09:30:00,,EQ-A040,9005,高橋 四郎,0,188,97.4,0,0.0,2026/07/06 08:30:00,2026/07/06 09:22:16,,,,,,完了,2026/07/06 09:22:16
CASE-PO-000594,CASE-PN-000594,1,CASE-PO-000594_1,部品準備,A010,MB000102,MG001,WC000051,166,45,10,55,2026/06/15 08:30:00,2026/06/15 09:25:00,,EQ-A010,9001,山田 太郎,10,165,99.4,3,1.8,2026/06/15 08:30:00,2026/06/15 09:22:48,,,,,,完了,2026/06/15 09:22:48
CASE-PO-000594,CASE-PN-000594,2,CASE-PO-000594_2,一次組立,A020,MB000102,MG001,WC000052,166,180,25,205,2026/06/15 11:04:40,2026/06/15 14:29:40,,EQ-A020,9001,山田 太郎,25,163,98.2,2,1.2,2026/06/15 11:04:40,2026/06/15 14:37:16,,,,,,完了,2026/06/15 14:37:16
CASE-PO-000594,CASE-PN-000594,3,CASE-PO-000594_3,二次組立,A030,MB000102,MG001,WC000053,166,150,20,170,2026/06/16 00:07:47,2026/06/16 11:20:00,,EQ-A030,9001,山田 太郎,20,161,97.0,1,0.6,2026/06/16 08:30:00,2026/06/16 10:56:53,,,,,,完了,2026/06/16 10:56:53
CASE-PO-000594,CASE-PN-000594,4,CASE-PO-000594_4,完成検査,A040,MB000102,MG001,WC000054,166,60,0,60,2026/06/16 16:08:27,2026/06/16 17:08:27,,EQ-A040,9001,山田 太郎,0,163,98.2,3,1.8,2026/06/16 16:08:27,2026/06/16 17:22:25,,,,,,完了,2026/06/16 17:22:25
CASE-PO-000595,CASE-PN-000595,1,CASE-PO-000595_1,部品準備,A010,MB000101,MG001,WC000051,55,45,10,55,2026/06/18 08:30:00,2026/06/18 09:25:00,,EQ-A010,9004,田中 三郎,10,54,98.2,1,1.8,2026/06/18 08:30:00,2026/06/18 09:10:50,,,,,,完了,2026/06/18 09:10:50
CASE-PO-000595,CASE-PN-000595,2,CASE-PO-000595_2,一次組立,A020,MB000101,MG001,WC000052,55,180,25,205,2026/06/18 10:35:33,2026/06/18 14:00:33,,EQ-A020,9004,田中 三郎,25,54,98.2,1,1.8,2026/06/18 10:35:33,2026/06/18 13:26:17,,,,,,完了,2026/06/18 13:26:17
CASE-PO-000595,CASE-PN-000595,3,CASE-PO-000595_3,二次組立,A030,MB000101,MG001,WC000053,55,150,20,170,2026/06/18 18:20:55,2026/06/19 11:20:00,,EQ-A030,9004,田中 三郎,20,54,98.2,1,1.8,2026/06/19 08:30:00,2026/06/19 11:25:27,,,,,,完了,2026/06/19 11:25:27
CASE-PO-000595,CASE-PN-000595,4,CASE-PO-000595_4,完成検査,A040,MB000101,MG001,WC000054,55,60,0,60,2026/06/19 21:06:04,2026/06/22 09:30:00,,EQ-A040,9004,田中 三郎,0,53,96.4,1,1.8,2026/06/22 08:30:00,2026/06/22 09:44:17,,,,,,完了,2026/06/22 09:44:17
CASE-PO-000596,CASE-PN-000596,1,CASE-PO-000596_1,部品準備,A010,MB000101,MG001,WC000051,79,45,10,55,2026/06/29 08:30:00,2026/06/29 09:25:00,,EQ-A010,9001,山田 太郎,10,77,97.5,1,1.3,2026/06/29 08:30:00,2026/06/29 09:18:15,,,,,,完了,2026/06/29 09:18:15
CASE-PO-000596,CASE-PN-000596,2,CASE-PO-000596_2,一次組立,A020,MB000101,MG001,WC000052,79,180,25,205,2026/06/29 13:00:44,2026/06/29 16:25:44,,EQ-A020,9001,山田 太郎,25,78,98.7,0,0.0,2026/06/29 13:00:44,2026/06/29 15:40:48,,,,,,完了,2026/06/29 15:40:48
CASE-PO-000596,CASE-PN-000596,3,CASE-PO-000596_3,二次組立,A030,MB000101,MG001,WC000053,79,150,20,170,2026/06/29 22:07:59,2026/06/30 11:20:00,,EQ-A030,9001,山田 太郎,,,,,,2026/06/30 08:30:00,,,,,,,生産中,2026/06/30 11:20:00
CASE-PO-000596,CASE-PN-000596,4,CASE-PO-000596_4,完成検査,A040,MB000101,MG001,WC000054,79,60,0,60,2026/06/30 13:28:01,2026/06/30 14:28:01,,EQ-A040,9001,山田 太郎,,,,,,,,,,,,,開始待ち,2026/06/30 14:28:01
CASE-PO-000597,CASE-PN-000597,1,CASE-PO-000597_1,部品準備,A010,MB000103,MG001,WC000051,45,45,10,55,2026/05/25 08:30:00,2026/05/25 09:25:00,,EQ-A010,9001,山田 太郎,10,45,100.0,0,0.0,2026/05/25 08:30:00,2026/05/25 09:14:06,,,,,,完了,2026/05/25 09:14:06
CASE-PO-000597,CASE-PN-000597,2,CASE-PO-000597_2,一次組立,A020,MB000103,MG001,WC000052,45,180,25,205,2026/05/25 16:34:43,2026/05/26 10:59:00,,EQ-A020,9001,山田 太郎,25,44,97.8,1,2.2,2026/05/25 16:34:43,2026/05/26 10:17:48,,,,,,完了,2026/05/26 10:17:48
CASE-PO-000597,CASE-PN-000597,3,CASE-PO-000597_3,二次組立,A030,MB000103,MG001,WC000053,45,150,20,170,2026/05/26 21:34:23,2026/05/27 11:20:00,,EQ-A030,9001,山田 太郎,20,44,97.8,1,2.2,2026/05/27 08:30:00,2026/05/27 11:16:29,,,,,,完了,2026/05/27 11:16:29
CASE-PO-000597,CASE-PN-000597,4,CASE-PO-000597_4,完成検査,A040,MB000103,MG001,WC000054,45,60,0,60,2026/05/27 20:28:02,2026/05/28 09:30:00,,EQ-A040,9001,山田 太郎,0,44,97.8,0,0.0,2026/05/28 08:30:00,2026/05/28 09:35:42,,,,,,完了,2026/05/28 09:35:42
CASE-PO-000598,CASE-PN-000598,1,CASE-PO-000598_1,部品準備,A010,MB000103,MG001,WC000051,64,45,10,55,2026/05/11 08:30:00,2026/05/11 09:25:00,,EQ-A010,9003,佐藤 次郎,10,64,100.0,0,0.0,2026/05/11 08:30:00,2026/05/11 09:22:53,,,,,,完了,2026/05/11 09:22:53
CASE-PO-000598,CASE-PN-000598,2,CASE-PO-000598_2,一次組立,A020,MB000103,MG001,WC000052,64,180,25,205,2026/05/11 15:13:57,2026/05/12 09:38:00,,EQ-A020,9003,佐藤 次郎,25,63,98.4,1,1.6,2026/05/11 15:13:57,2026/05/12 09:25:41,,,,,,完了,2026/05/12 09:25:41
CASE-PO-000598,CASE-PN-000598,3,CASE-PO-000598_3,二次組立,A030,MB000103,MG001,WC000053,64,150,20,170,2026/05/12 20:19:48,2026/05/13 11:20:00,,EQ-A030,9003,佐藤 次郎,20,63,98.4,1,1.6,2026/05/13 08:30:00,2026/05/13 11:36:29,,,,,,完了,2026/05/13 11:36:29
CASE-PO-000598,CASE-PN-000598,4,CASE-PO-000598_4,完成検査,A040,MB000103,MG001,WC000054,64,60,0,60,2026/05/13 17:26:03,2026/05/14 09:26:00,,EQ-A040,9003,佐藤 次郎,0,63,98.4,1,1.6,2026/05/13 17:26:03,2026/05/14 09:19:39,,,,,,完了,2026/05/14 09:19:39
CASE-PO-000599,CASE-PN-000599,1,CASE-PO-000599_1,部品準備,A010,MB000103,MG001,WC000051,76,45,10,55,2026/06/15 08:30:00,2026/06/15 09:25:00,,EQ-A010,9005,高橋 四郎,10,74,97.4,1,1.3,2026/06/15 08:30:00,2026/06/15 09:25:09,,,,,,完了,2026/06/15 09:25:09
CASE-PO-000599,CASE-PN-000599,2,CASE-PO-000599_2,一次組立,A020,MB000103,MG001,WC000052,76,180,25,205,2026/06/15 17:12:47,2026/06/16 11:37:00,,EQ-A020,9005,高橋 四郎,25,76,100.0,1,1.3,2026/06/15 17:12:47,2026/06/16 11:13:52,,,,,,完了,2026/06/16 11:13:52
CASE-PO-000599,CASE-PN-000599,3,CASE-PO-000599_3,二次組立,A030,MB000103,MG001,WC000053,76,150,20,170,2026/06/16 22:39:55,2026/06/17 11:20:00,,EQ-A030,9005,高橋 四郎,20,75,98.7,1,1.3,2026/06/17 08:30:00,2026/06/17 11:28:30,,,,,,完了,2026/06/17 11:28:30
CASE-PO-000599,CASE-PN-000599,4,CASE-PO-000599_4,完成検査,A040,MB000103,MG001,WC000054,76,60,0,60,2026/06/17 16:12:38,2026/06/17 17:12:38,,EQ-A040,9005,高橋 四郎,0,75,98.7,0,0.0,2026/06/17 16:12:38,2026/06/17 17:24:04,,,,,,完了,2026/06/17 17:24:04
CASE-PO-000600,CASE-PN-000600,1,CASE-PO-000600_1,部品準備,A010,MB000103,MG001,WC000051,81,45,10,55,2026/06/26 08:30:00,2026/06/26 09:25:00,,EQ-A010,9004,田中 三郎,10,79,97.5,1,1.2,2026/06/26 08:30:00,2026/06/26 09:11:01,,,,,,完了,2026/06/26 09:11:01
CASE-PO-000600,CASE-PN-000600,2,CASE-PO-000600_2,一次組立,A020,MB000103,MG001,WC000052,81,180,25,205,2026/06/26 13:03:06,2026/06/26 16:28:06,,EQ-A020,9004,田中 三郎,25,80,98.8,0,0.0,2026/06/26 13:03:06,2026/06/26 16:09:41,,,,,,完了,2026/06/26 16:09:41
CASE-PO-000600,CASE-PN-000600,3,CASE-PO-000600_3,二次組立,A030,MB000103,MG001,WC000053,81,150,20,170,2026/06/26 18:55:35,2026/06/29 11:20:00,,EQ-A030,9004,田中 三郎,20,79,97.5,0,0.0,2026/06/29 08:30:00,2026/06/29 10:58:27,,,,,,完了,2026/06/29 10:58:27
CASE-PO-000600,CASE-PN-000600,4,CASE-PO-000600_4,完成検査,A040,MB000103,MG001,WC000054,81,60,0,60,2026/06/29 12:29:14,2026/06/29 13:29:14,,EQ-A040,9004,田中 三郎,0,80,98.8,1,1.2,2026/06/29 12:29:14,2026/06/29 13:43:15,,,,,,完了,2026/06/29 13:43:15
CASE-PO-000601,CASE-PN-000601,1,CASE-PO-000601_1,部品準備,A010,MB000101,MG001,WC000051,113,45,10,55,2026/05/13 08:30:00,2026/05/13 09:25:00,,EQ-A010,9002,鈴木 花子,10,112,99.1,2,1.8,2026/05/13 08:30:00,2026/05/13 09:12:47,,,,,,完了,2026/05/13 09:12:47
CASE-PO-000601,CASE-PN-000601,2,CASE-PO-000601_2,一次組立,A020,MB000101,MG001,WC000052,113,180,25,205,2026/05/13 11:40:46,2026/05/13 15:05:46,,EQ-A020,9002,鈴木 花子,25,111,98.2,2,1.8,2026/05/13 11:40:46,2026/05/13 14:59:52,,,,,,完了,2026/05/13 14:59:52
CASE-PO-000601,CASE-PN-000601,3,CASE-PO-000601_3,二次組立,A030,MB000101,MG001,WC000053,113,150,20,170,2026/05/14 02:25:42,2026/05/14 11:20:00,,EQ-A030,9002,鈴木 花子,20,111,98.2,1,0.9,2026/05/14 08:30:00,2026/05/14 11:17:15,,,,,,完了,2026/05/14 11:17:15
CASE-PO-000601,CASE-PN-000601,4,CASE-PO-000601_4,完成検査,A040,MB000101,MG001,WC000054,113,60,0,60,2026/05/14 14:53:14,2026/05/14 15:53:14,,EQ-A040,9002,鈴木 花子,0,112,99.1,1,0.9,2026/05/14 14:53:14,2026/05/14 15:52:38,,,,,,完了,2026/05/14 15:52:38
CASE-PO-000602,CASE-PN-000602,1,CASE-PO-000602_1,部品準備,A010,MB000101,MG001,WC000051,102,45,10,55,2026/05/14 08:30:00,2026/05/14 09:25:00,,EQ-A010,9004,田中 三郎,10,101,99.0,0,0.0,2026/05/14 08:30:00,2026/05/14 09:17:25,,,,,,完了,2026/05/14 09:17:25
CASE-PO-000602,CASE-PN-000602,2,CASE-PO-000602_2,一次組立,A020,MB000101,MG001,WC000052,102,180,25,205,2026/05/14 11:59:44,2026/05/14 15:24:44,,EQ-A020,9004,田中 三郎,25,101,99.0,1,1.0,2026/05/14 11:59:44,2026/05/14 15:34:43,,,,,,完了,2026/05/14 15:34:43
CASE-PO-000602,CASE-PN-000602,3,CASE-PO-000602_3,二次組立,A030,MB000101,MG001,WC000053,102,150,20,170,2026/05/14 21:02:25,2026/05/15 11:20:00,,EQ-A030,9004,田中 三郎,20,102,100.0,1,1.0,2026/05/15 08:30:00,2026/05/15 11:08:11,,,,,,完了,2026/05/15 11:08:11
CASE-PO-000602,CASE-PN-000602,4,CASE-PO-000602_4,完成検査,A040,MB000101,MG001,WC000054,102,60,0,60,2026/05/15 12:45:30,2026/05/15 13:45:30,,EQ-A040,9004,田中 三郎,0,100,98.0,1,1.0,2026/05/15 12:45:30,2026/05/15 13:46:49,,,,,,完了,2026/05/15 13:46:49
CASE-PO-000603,CASE-PN-000603,1,CASE-PO-000603_1,部品準備,A010,MB000101,MG001,WC000051,53,45,10,55,2026/05/18 08:30:00,2026/05/18 09:25:00,,EQ-A010,9001,山田 太郎,10,53,100.0,0,0.0,2026/05/18 08:30:00,2026/05/18 09:13:43,,,,,,完了,2026/05/18 09:13:43
CASE-PO-000603,CASE-PN-000603,2,CASE-PO-000603_2,一次組立,A020,MB000101,MG001,WC000052,53,180,25,205,2026/05/18 10:15:54,2026/05/18 13:40:54,,EQ-A020,9001,山田 太郎,25,53,100.0,1,1.9,2026/05/18 10:15:54,2026/05/18 12:55:13,,,,,,完了,2026/05/18 12:55:13
CASE-PO-000603,CASE-PN-000603,3,CASE-PO-000603_3,二次組立,A030,MB000101,MG001,WC000053,53,150,20,170,2026/05/19 00:11:47,2026/05/19 11:20:00,,EQ-A030,9001,山田 太郎,20,52,98.1,1,1.9,2026/05/19 08:30:00,2026/05/19 11:10:33,,,,,,完了,2026/05/19 11:10:33
CASE-PO-000603,CASE-PN-000603,4,CASE-PO-000603_4,完成検査,A040,MB000101,MG001,WC000054,53,60,0,60,2026/05/19 19:34:50,2026/05/20 09:30:00,,EQ-A040,9001,山田 太郎,0,52,98.1,1,1.9,2026/05/20 08:30:00,2026/05/20 09:32:15,,,,,,完了,2026/05/20 09:32:15
CASE-PO-000604,CASE-PN-000604,1,CASE-PO-000604_1,部品準備,A010,MB000102,MG001,WC000051,158,45,10,55,2026/06/02 08:30:00,2026/06/02 09:25:00,,EQ-A010,9002,鈴木 花子,10,158,100.0,0,0.0,2026/06/02 08:30:00,2026/06/02 09:21:26,,,,,,完了,2026/06/02 09:21:26
CASE-PO-000604,CASE-PN-000604,2,CASE-PO-000604_2,一次組立,A020,MB000102,MG001,WC000052,158,180,25,205,2026/06/02 15:09:32,2026/06/03 09:34:00,,EQ-A020,9002,鈴木 花子,25,157,99.4,1,0.6,2026/06/02 15:09:32,2026/06/03 09:29:26,,,,,,完了,2026/06/03 09:29:26
CASE-PO-000604,CASE-PN-000604,3,CASE-PO-000604_3,二次組立,A030,MB000102,MG001,WC000053,158,150,20,170,2026/06/03 21:14:29,2026/06/04 11:20:00,,EQ-A030,9002,鈴木 花子,20,157,99.4,3,1.9,2026/06/04 08:30:00,2026/06/04 10:54:10,,,,,,完了,2026/06/04 10:54:10
CASE-PO-000604,CASE-PN-000604,4,CASE-PO-000604_4,完成検査,A040,MB000102,MG001,WC000054,158,60,0,60,2026/06/04 19:25:41,2026/06/05 09:30:00,,EQ-A040,9002,鈴木 花子,0,156,98.7,3,1.9,2026/06/05 08:30:00,2026/06/05 09:24:39,,,,,,完了,2026/06/05 09:24:39
CASE-PO-000605,CASE-PN-000605,1,CASE-PO-000605_1,部品準備,A010,MB000102,MG001,WC000051,89,45,10,55,2026/05/11 08:30:00,2026/05/11 09:25:00,,EQ-A010,9002,鈴木 花子,10,88,98.9,0,0.0,2026/05/11 08:30:00,2026/05/11 09:26:02,,,,,,完了,2026/05/11 09:26:02
CASE-PO-000605,CASE-PN-000605,2,CASE-PO-000605_2,一次組立,A020,MB000102,MG001,WC000052,89,180,25,205,2026/05/11 15:14:32,2026/05/12 09:39:00,,EQ-A020,9002,鈴木 花子,25,87,97.8,0,0.0,2026/05/11 15:14:32,2026/05/12 08:59:56,,,,,,完了,2026/05/12 08:59:56
CASE-PO-000605,CASE-PN-000605,3,CASE-PO-000605_3,二次組立,A030,MB000102,MG001,WC000053,89,150,20,170,2026/05/12 13:37:31,2026/05/12 16:27:31,,EQ-A030,9002,鈴木 花子,20,89,100.0,2,2.2,2026/05/12 13:37:31,2026/05/12 15:47:20,,,,,,完了,2026/05/12 15:47:20
CASE-PO-000605,CASE-PN-000605,4,CASE-PO-000605_4,完成検査,A040,MB000102,MG001,WC000054,89,60,0,60,2026/05/13 00:22:53,2026/05/13 09:30:00,,EQ-A040,9002,鈴木 花子,0,89,100.0,1,1.1,2026/05/13 08:30:00,2026/05/13 09:28:47,,,,,,完了,2026/05/13 09:28:47
CASE-PO-000606,CASE-PN-000606,1,CASE-PO-000606_1,部品準備,A010,MB000102,MG001,WC000051,84,45,10,55,2026/06/10 08:30:00,2026/06/10 09:25:00,,EQ-A010,9003,佐藤 次郎,10,82,97.6,1,1.2,2026/06/10 08:30:00,2026/06/10 09:10:30,,,,,,完了,2026/06/10 09:10:30
CASE-PO-000606,CASE-PN-000606,2,CASE-PO-000606_2,一次組立,A020,MB000102,MG001,WC000052,84,180,25,205,2026/06/10 11:29:35,2026/06/10 14:54:35,,EQ-A020,9003,佐藤 次郎,25,83,98.8,0,0.0,2026/06/10 11:29:35,2026/06/10 14:40:10,,,,,,完了,2026/06/10 14:40:10
CASE-PO-000606,CASE-PN-000606,3,CASE-PO-000606_3,二次組立,A030,MB000102,MG001,WC000053,84,150,20,170,2026/06/10 21:53:46,2026/06/11 11:20:00,,EQ-A030,9003,佐藤 次郎,20,81,96.4,0,0.0,2026/06/11 08:30:00,2026/06/11 11:24:21,,,,,,完了,2026/06/11 11:24:21
CASE-PO-000606,CASE-PN-000606,4,CASE-PO-000606_4,完成検査,A040,MB000102,MG001,WC000054,84,60,0,60,2026/06/11 16:22:42,2026/06/11 17:22:42,,EQ-A040,9003,佐藤 次郎,0,82,97.6,1,1.2,2026/06/11 16:22:42,2026/06/12 08:31:44,,,,,,完了,2026/06/12 08:31:44
CASE-PO-000607,CASE-PN-000607,1,CASE-PO-000607_1,部品準備,A010,MB000103,MG001,WC000051,87,45,10,55,2026/06/09 08:30:00,2026/06/09 09:25:00,,EQ-A010,9001,山田 太郎,10,84,96.6,2,2.3,2026/06/09 08:30:00,2026/06/09 09:19:00,,,,,,完了,2026/06/09 09:19:00
CASE-PO-000607,CASE-PN-000607,2,CASE-PO-000607_2,一次組立,A020,MB000103,MG001,WC000052,87,180,25,205,2026/06/09 14:15:58,2026/06/10 08:40:00,,EQ-A020,9001,山田 太郎,25,87,100.0,1,1.1,2026/06/09 14:15:58,2026/06/10 08:30:21,,,,,,完了,2026/06/10 08:30:21
CASE-PO-000607,CASE-PN-000607,3,CASE-PO-000607_3,二次組立,A030,MB000103,MG001,WC000053,87,150,20,170,2026/06/10 13:00:44,2026/06/10 15:50:44,,EQ-A030,9001,山田 太郎,20,85,97.7,2,2.3,2026/06/10 13:00:44,2026/06/10 15:32:21,,,,,,完了,2026/06/10 15:32:21
CASE-PO-000607,CASE-PN-000607,4,CASE-PO-000607_4,完成検査,A040,MB000103,MG001,WC000054,87,60,0,60,2026/06/10 23:41:16,2026/06/11 09:30:00,,EQ-A040,9001,山田 太郎,0,85,97.7,1,1.1,2026/06/11 08:30:00,2026/06/11 09:43:43,,,,,,完了,2026/06/11 09:43:43
CASE-PO-000608,CASE-PN-000608,1,CASE-PO-000608_1,部品準備,A010,MB000103,MG001,WC000051,80,45,10,55,2026/05/19 08:30:00,2026/05/19 09:25:00,,EQ-A010,9003,佐藤 次郎,10,79,98.8,1,1.3,2026/05/19 08:30:00,2026/05/19 09:25:14,,,,,,完了,2026/05/19 09:25:14
CASE-PO-000608,CASE-PN-000608,2,CASE-PO-000608_2,一次組立,A020,MB000103,MG001,WC000052,80,180,25,205,2026/05/19 13:18:17,2026/05/19 16:43:17,,EQ-A020,9003,佐藤 次郎,25,78,97.5,0,0.0,2026/05/19 13:18:17,2026/05/19 16:49:23,,,,,,完了,2026/05/19 16:49:23
CASE-PO-000608,CASE-PN-000608,3,CASE-PO-000608_3,二次組立,A030,MB000103,MG001,WC000053,80,150,20,170,2026/05/20 04:12:46,2026/05/20 11:20:00,,EQ-A030,9003,佐藤 次郎,20,80,100.0,1,1.3,2026/05/20 08:30:00,2026/05/20 11:05:44,,,,,,完了,2026/05/20 11:05:44
CASE-PO-000608,CASE-PN-000608,4,CASE-PO-000608_4,完成検査,A040,MB000103,MG001,WC000054,80,60,0,60,2026/05/20 16:22:44,2026/05/20 17:22:44,,EQ-A040,9003,佐藤 次郎,0,80,100.0,0,0.0,2026/05/20 16:22:44,2026/05/20 17:29:21,,,,,,完了,2026/05/20 17:29:21
CASE-PO-000609,CASE-PN-000609,1,CASE-PO-000609_1,部品準備,A010,MB000102,MG001,WC000051,92,45,10,55,2026/06/18 08:30:00,2026/06/18 09:25:00,,EQ-A010,9002,鈴木 花子,10,90,97.8,1,1.1,2026/06/18 08:30:00,2026/06/18 09:21:34,,,,,,完了,2026/06/18 09:21:34
CASE-PO-000609,CASE-PN-000609,2,CASE-PO-000609_2,一次組立,A020,MB000102,MG001,WC000052,92,180,25,205,2026/06/18 12:41:53,2026/06/18 16:06:53,,EQ-A020,9002,鈴木 花子,25,90,97.8,1,1.1,2026/06/18 12:41:53,2026/06/18 16:11:08,,,,,,完了,2026/06/18 16:11:08
CASE-PO-000609,CASE-PN-000609,3,CASE-PO-000609_3,二次組立,A030,MB000102,MG001,WC000053,92,150,20,170,2026/06/18 21:03:57,2026/06/19 11:20:00,,EQ-A030,9002,鈴木 花子,20,90,97.8,0,0.0,2026/06/19 08:30:00,2026/06/19 10:51:12,,,,,,完了,2026/06/19 10:51:12
CASE-PO-000609,CASE-PN-000609,4,CASE-PO-000609_4,完成検査,A040,MB000102,MG001,WC000054,92,60,0,60,2026/06/19 17:08:33,2026/06/22 09:08:00,,EQ-A040,9002,鈴木 花子,,,,,,2026/06/19 17:08:33,,,,,,,生産中,2026/06/22 09:08:00
CASE-PO-000610,CASE-PN-000610,1,CASE-PO-000610_1,部品準備,A010,MB000102,MG001,WC000051,175,45,10,55,2026/05/11 08:30:00,2026/05/11 09:25:00,,EQ-A010,9003,佐藤 次郎,10,171,97.7,3,1.7,2026/05/11 08:30:00,2026/05/11 09:16:35,,,,,,完了,2026/05/11 09:16:35
CASE-PO-000610,CASE-PN-000610,2,CASE-PO-000610_2,一次組立,A020,MB000102,MG001,WC000052,175,180,25,205,2026/05/11 15:45:45,2026/05/12 10:10:00,,EQ-A020,9003,佐藤 次郎,25,171,97.7,3,1.7,2026/05/11 15:45:45,2026/05/12 10:03:33,,,,,,完了,2026/05/12 10:03:33
CASE-PO-000610,CASE-PN-000610,3,CASE-PO-000610_3,二次組立,A030,MB000102,MG001,WC000053,175,150,20,170,2026/05/12 17:52:50,2026/05/13 11:20:00,,EQ-A030,9003,佐藤 次郎,20,173,98.9,2,1.1,2026/05/13 08:30:00,2026/05/13 11:17:18,,,,,,完了,2026/05/13 11:17:18
CASE-PO-000610,CASE-PN-000610,4,CASE-PO-000610_4,完成検査,A040,MB000102,MG001,WC000054,175,60,0,60,2026/05/13 12:41:55,2026/05/13 13:41:55,,EQ-A040,9003,佐藤 次郎,0,173,98.9,2,1.1,2026/05/13 12:41:55,2026/05/13 13:55:36,,,,,,完了,2026/05/13 13:55:36
CASE-PO-000611,CASE-PN-000611,1,CASE-PO-000611_1,部品準備,A010,MB000102,MG001,WC000051,63,45,10,55,2026/06/22 08:30:00,2026/06/22 09:25:00,,EQ-A010,9005,高橋 四郎,10,62,98.4,1,1.6,2026/06/22 08:30:00,2026/06/22 09:18:48,,,,,,完了,2026/06/22 09:18:48
CASE-PO-000611,CASE-PN-000611,2,CASE-PO-000611_2,一次組立,A020,MB000102,MG001,WC000052,63,180,25,205,2026/06/22 10:26:57,2026/06/22 13:51:57,,EQ-A020,9005,高橋 四郎,25,61,96.8,1,1.6,2026/06/22 10:26:57,2026/06/22 14:07:46,,,,,,完了,2026/06/22 14:07:46
CASE-PO-000611,CASE-PN-000611,3,CASE-PO-000611_3,二次組立,A030,MB000102,MG001,WC000053,63,150,20,170,2026/06/22 20:59:05,2026/06/23 11:20:00,,EQ-A030,9005,高橋 四郎,20,63,100.0,0,0.0,2026/06/23 08:30:00,2026/06/23 11:33:34,,,,,,完了,2026/06/23 11:33:34
CASE-PO-000611,CASE-PN-000611,4,CASE-PO-000611_4,完成検査,A040,MB000102,MG001,WC000054,63,60,0,60,2026/06/23 16:07:37,2026/06/23 17:07:37,,EQ-A040,9005,高橋 四郎,0,63,100.0,1,1.6,2026/06/23 16:07:37,2026/06/23 17:22:19,,,,,,完了,2026/06/23 17:22:19
CASE-PO-000612,CASE-PN-000612,1,CASE-PO-000612_1,部品準備,A010,MB000103,MG001,WC000051,77,45,10,55,2026/06/16 08:30:00,2026/06/16 09:25:00,,EQ-A010,9005,高橋 四郎,10,77,100.0,1,1.3,2026/06/16 08:30:00,2026/06/16 09:25:29,,,,,,完了,2026/06/16 09:25:29
CASE-PO-000612,CASE-PN-000612,2,CASE-PO-000612_2,一次組立,A020,MB000103,MG001,WC000052,77,180,25,205,2026/06/16 15:34:20,2026/06/17 09:59:00,,EQ-A020,9005,高橋 四郎,25,75,97.4,1,1.3,2026/06/16 15:34:20,2026/06/17 09:52:26,,,,,,完了,2026/06/17 09:52:26
CASE-PO-000612,CASE-PN-000612,3,CASE-PO-000612_3,二次組立,A030,MB000103,MG001,WC000053,77,150,20,170,2026/06/17 15:57:48,2026/06/18 09:47:00,,EQ-A030,9005,高橋 四郎,20,77,100.0,0,0.0,2026/06/17 15:57:48,2026/06/18 09:40:16,,,,,,完了,2026/06/18 09:40:16
CASE-PO-000612,CASE-PN-000612,4,CASE-PO-000612_4,完成検査,A040,MB000103,MG001,WC000054,77,60,0,60,2026/06/18 17:12:23,2026/06/19 09:12:00,,EQ-A040,9005,高橋 四郎,0,76,98.7,1,1.3,2026/06/18 17:12:23,2026/06/19 09:07:21,,,,,,完了,2026/06/19 09:07:21
CASE-PO-000613,CASE-PN-000613,1,CASE-PO-000613_1,部品準備,A010,MB000102,MG001,WC000051,197,45,10,55,2026/06/15 08:30:00,2026/06/15 09:25:00,,EQ-A010,9004,田中 三郎,10,196,99.5,4,2.0,2026/06/15 08:30:00,2026/06/15 09:23:36,,,,,,完了,2026/06/15 09:23:36
CASE-PO-000613,CASE-PN-000613,2,CASE-PO-000613_2,一次組立,A020,MB000102,MG001,WC000052,197,180,25,205,2026/06/15 11:54:39,2026/06/15 15:19:39,,EQ-A020,9004,田中 三郎,25,195,99.0,4,2.0,2026/06/15 11:54:39,2026/06/15 15:19:37,,,,,,完了,2026/06/15 15:19:37
CASE-PO-000613,CASE-PN-000613,3,CASE-PO-000613_3,二次組立,A030,MB000102,MG001,WC000053,197,150,20,170,2026/06/16 02:18:18,2026/06/16 11:20:00,,EQ-A030,9004,田中 三郎,20,192,97.5,3,1.5,2026/06/16 08:30:00,2026/06/16 11:23:48,,,,,,完了,2026/06/16 11:23:48
CASE-PO-000613,CASE-PN-000613,4,CASE-PO-000613_4,完成検査,A040,MB000102,MG001,WC000054,197,60,0,60,2026/06/16 21:20:04,2026/06/17 09:30:00,,EQ-A040,9004,田中 三郎,0,192,97.5,2,1.0,2026/06/17 08:30:00,2026/06/17 09:33:05,,,,,,完了,2026/06/17 09:33:05
CASE-PO-000614,CASE-PN-000614,1,CASE-PO-000614_1,部品準備,A010,MB000101,MG001,WC000051,51,45,10,55,2026/06/11 08:30:00,2026/06/11 09:25:00,,EQ-A010,9004,田中 三郎,10,50,98.0,1,2.0,2026/06/11 08:30:00,2026/06/11 09:19:43,,,,,,完了,2026/06/11 09:19:43
CASE-PO-000614,CASE-PN-000614,2,CASE-PO-000614_2,一次組立,A020,MB000101,MG001,WC000052,51,180,25,205,2026/06/11 16:06:51,2026/06/12 10:31:00,,EQ-A020,9004,田中 三郎,25,50,98.0,0,0.0,2026/06/11 16:06:51,2026/06/12 10:37:45,,,,,,完了,2026/06/12 10:37:45
CASE-PO-000614,CASE-PN-000614,3,CASE-PO-000614_3,二次組立,A030,MB000101,MG001,WC000053,51,150,20,170,2026/06/12 15:13:15,2026/06/15 09:03:00,,EQ-A030,9004,田中 三郎,20,51,100.0,1,2.0,2026/06/12 15:13:15,2026/06/15 09:09:30,,,,,,完了,2026/06/15 09:09:30
CASE-PO-000614,CASE-PN-000614,4,CASE-PO-000614_4,完成検査,A040,MB000101,MG001,WC000054,51,60,0,60,2026/06/15 16:45:40,2026/06/16 08:45:00,,EQ-A040,9004,田中 三郎,0,50,98.0,1,2.0,2026/06/15 16:45:40,2026/06/16 08:51:50,,,,,,完了,2026/06/16 08:51:50
CASE-PO-000615,CASE-PN-000615,1,CASE-PO-000615_1,部品準備,A010,MB000101,MG001,WC000051,52,45,10,55,2026/06/10 08:30:00,2026/06/10 09:25:00,,EQ-A010,9001,山田 太郎,10,51,98.1,0,0.0,2026/06/10 08:30:00,2026/06/10 09:21:35,,,,,,完了,2026/06/10 09:21:35
CASE-PO-000615,CASE-PN-000615,2,CASE-PO-000615_2,一次組立,A020,MB000101,MG001,WC000052,52,180,25,205,2026/06/10 14:42:52,2026/06/11 09:07:00,,EQ-A020,9001,山田 太郎,25,52,100.0,1,1.9,2026/06/10 14:42:52,2026/06/11 09:22:34,,,,,,完了,2026/06/11 09:22:34
CASE-PO-000615,CASE-PN-000615,3,CASE-PO-000615_3,二次組立,A030,MB000101,MG001,WC000053,52,150,20,170,2026/06/11 12:19:31,2026/06/11 15:09:31,,EQ-A030,9001,山田 太郎,20,52,100.0,1,1.9,2026/06/11 12:19:31,2026/06/11 14:51:44,,,,,,完了,2026/06/11 14:51:44
CASE-PO-000615,CASE-PN-000615,4,CASE-PO-000615_4,完成検査,A040,MB000101,MG001,WC000054,52,60,0,60,2026/06/11 23:54:41,2026/06/12 09:30:00,,EQ-A040,9001,山田 太郎,0,52,100.0,1,1.9,2026/06/12 08:30:00,2026/06/12 09:33:12,,,,,,完了,2026/06/12 09:33:12
CASE-PO-000616,CASE-PN-000616,1,CASE-PO-000616_1,部品準備,A010,MB000102,MG001,WC000051,124,45,10,55,2026/05/26 08:30:00,2026/05/26 09:25:00,,EQ-A010,9004,田中 三郎,10,122,98.4,1,0.8,2026/05/26 08:30:00,2026/05/26 09:22:43,,,,,,完了,2026/05/26 09:22:43
CASE-PO-000616,CASE-PN-000616,2,CASE-PO-000616_2,一次組立,A020,MB000102,MG001,WC000052,124,180,25,205,2026/05/26 11:11:26,2026/05/26 14:36:26,,EQ-A020,9004,田中 三郎,25,121,97.6,2,1.6,2026/05/26 11:11:26,2026/05/26 13:51:29,,,,,,完了,2026/05/26 13:51:29
CASE-PO-000616,CASE-PN-000616,3,CASE-PO-000616_3,二次組立,A030,MB000102,MG001,WC000053,124,150,20,170,2026/05/26 18:52:06,2026/05/27 11:20:00,,EQ-A030,9004,田中 三郎,20,121,97.6,1,0.8,2026/05/27 08:30:00,2026/05/27 11:09:55,,,,,,完了,2026/05/27 11:09:55
CASE-PO-000616,CASE-PN-000616,4,CASE-PO-000616_4,完成検査,A040,MB000102,MG001,WC000054,124,60,0,60,2026/05/27 15:56:24,2026/05/27 16:56:24,,EQ-A040,9004,田中 三郎,0,121,97.6,2,1.6,2026/05/27 15:56:24,2026/05/27 17:06:01,,,,,,完了,2026/05/27 17:06:01
CASE-PO-000617,CASE-PN-000617,1,CASE-PO-000617_1,部品準備,A010,MB000103,MG001,WC000051,74,45,10,55,2026/06/30 08:30:00,2026/06/30 09:25:00,,EQ-A010,9001,山田 太郎,10,73,98.6,1,1.4,2026/06/30 08:30:00,2026/06/30 09:09:14,,,,,,完了,2026/06/30 09:09:14
CASE-PO-000617,CASE-PN-000617,2,CASE-PO-000617_2,一次組立,A020,MB000103,MG001,WC000052,74,180,25,205,2026/06/30 15:44:36,2026/07/01 10:09:00,,EQ-A020,9001,山田 太郎,25,74,100.0,1,1.4,2026/06/30 15:44:36,2026/07/01 09:37:03,,,,,,完了,2026/07/01 09:37:03
CASE-PO-000617,CASE-PN-000617,3,CASE-PO-000617_3,二次組立,A030,MB000103,MG001,WC000053,74,150,20,170,2026/07/01 16:46:37,2026/07/02 10:36:00,,EQ-A030,9001,山田 太郎,20,72,97.3,0,0.0,2026/07/01 16:46:37,2026/07/02 10:40:12,,,,,,完了,2026/07/02 10:40:12
CASE-PO-000617,CASE-PN-000617,4,CASE-PO-000617_4,完成検査,A040,MB000103,MG001,WC000054,74,60,0,60,2026/07/02 14:34:58,2026/07/02 15:34:58,,EQ-A040,9001,山田 太郎,0,72,97.3,1,1.4,2026/07/02 14:34:58,2026/07/02 15:32:02,,,,,,完了,2026/07/02 15:32:02
CASE-PO-000618,CASE-PN-000618,1,CASE-PO-000618_1,部品準備,A010,MB000101,MG001,WC000051,66,45,10,55,2026/06/01 08:30:00,2026/06/01 09:25:00,,EQ-A010,9001,山田 太郎,10,65,98.5,1,1.5,2026/06/01 08:30:00,2026/06/01 09:21:21,,,,,,完了,2026/06/01 09:21:21
CASE-PO-000618,CASE-PN-000618,2,CASE-PO-000618_2,一次組立,A020,MB000101,MG001,WC000052,66,180,25,205,2026/06/01 10:38:33,2026/06/01 14:03:33,,EQ-A020,9001,山田 太郎,25,65,98.5,0,0.0,2026/06/01 10:38:33,2026/06/01 13:31:20,,,,,,完了,2026/06/01 13:31:20
CASE-PO-000618,CASE-PN-000618,3,CASE-PO-000618_3,二次組立,A030,MB000101,MG001,WC000053,66,150,20,170,2026/06/01 21:47:23,2026/06/02 11:20:00,,EQ-A030,9001,山田 太郎,20,64,97.0,0,0.0,2026/06/02 08:30:00,2026/06/02 11:31:30,,,,,,完了,2026/06/02 11:31:30
CASE-PO-000618,CASE-PN-000618,4,CASE-PO-000618_4,完成検査,A040,MB000101,MG001,WC000054,66,60,0,60,2026/06/02 12:50:40,2026/06/02 13:50:40,,EQ-A040,9001,山田 太郎,0,65,98.5,0,0.0,2026/06/02 12:50:40,2026/06/02 13:43:30,,,,,,完了,2026/06/02 13:43:30
CASE-PO-000619,CASE-PN-000619,1,CASE-PO-000619_1,部品準備,A010,MB000102,MG001,WC000051,147,45,10,55,2026/05/18 08:30:00,2026/05/18 09:25:00,,EQ-A010,9003,佐藤 次郎,10,147,100.0,2,1.4,2026/05/18 08:30:00,2026/05/18 09:22:56,,,,,,完了,2026/05/18 09:22:56
CASE-PO-000619,CASE-PN-000619,2,CASE-PO-000619_2,一次組立,A020,MB000102,MG001,WC000052,147,180,25,205,2026/05/18 11:52:17,2026/05/18 15:17:17,,EQ-A020,9003,佐藤 次郎,25,146,99.3,1,0.7,2026/05/18 11:52:17,2026/05/18 15:28:30,,,,,,完了,2026/05/18 15:28:30
CASE-PO-000619,CASE-PN-000619,3,CASE-PO-000619_3,二次組立,A030,MB000102,MG001,WC000053,147,150,20,170,2026/05/19 01:10:46,2026/05/19 11:20:00,,EQ-A030,9003,佐藤 次郎,20,144,98.0,3,2.0,2026/05/19 08:30:00,2026/05/19 11:16:54,,,,,,完了,2026/05/19 11:16:54
CASE-PO-000619,CASE-PN-000619,4,CASE-PO-000619_4,完成検査,A040,MB000102,MG001,WC000054,147,60,0,60,2026/05/19 21:06:12,2026/05/20 09:30:00,,EQ-A040,9003,佐藤 次郎,0,144,98.0,2,1.4,2026/05/20 08:30:00,2026/05/20 09:24:44,,,,,,完了,2026/05/20 09:24:44
CASE-PO-000620,CASE-PN-000620,1,CASE-PO-000620_1,部品準備,A010,MB000102,MG001,WC000051,149,45,10,55,2026/05/11 08:30:00,2026/05/11 09:25:00,,EQ-A010,9003,佐藤 次郎,10,148,99.3,0,0.0,2026/05/11 08:30:00,2026/05/11 09:19:01,,,,,,完了,2026/05/11 09:19:01
CASE-PO-000620,CASE-PN-000620,2,CASE-PO-000620_2,一次組立,A020,MB000102,MG001,WC000052,149,180,25,205,2026/05/11 13:24:20,2026/05/11 16:49:20,,EQ-A020,9003,佐藤 次郎,25,146,98.0,2,1.3,2026/05/11 13:24:20,2026/05/11 16:07:12,,,,,,完了,2026/05/11 16:07:12
CASE-PO-000620,CASE-PN-000620,3,CASE-PO-000620_3,二次組立,A030,MB000102,MG001,WC000053,149,150,20,170,2026/05/12 00:26:24,2026/05/12 11:20:00,,EQ-A030,9003,佐藤 次郎,20,149,100.0,0,0.0,2026/05/12 08:30:00,2026/05/12 11:02:16,,,,,,完了,2026/05/12 11:02:16
CASE-PO-000620,CASE-PN-000620,4,CASE-PO-000620_4,完成検査,A040,MB000102,MG001,WC000054,149,60,0,60,2026/05/12 20:03:53,2026/05/13 09:30:00,,EQ-A040,9003,佐藤 次郎,,,,,,2026/05/13 08:30:00,,,,,,,生産中,2026/05/13 09:30:00
CASE-PO-000621,CASE-PN-000621,1,CASE-PO-000621_1,部品準備,A010,MB000101,MG001,WC000051,94,45,10,55,2026/06/15 08:30:00,2026/06/15 09:25:00,,EQ-A010,9003,佐藤 次郎,10,94,100.0,0,0.0,2026/06/15 08:30:00,2026/06/15 09:20:34,,,,,,完了,2026/06/15 09:20:34
CASE-PO-000621,CASE-PN-000621,2,CASE-PO-000621_2,一次組立,A020,MB000101,MG001,WC000052,94,180,25,205,2026/06/15 11:54:53,2026/06/15 15:19:53,,EQ-A020,9003,佐藤 次郎,25,93,98.9,0,0.0,2026/06/15 11:54:53,2026/06/15 15:04:01,,,,,,完了,2026/06/15 15:04:01
CASE-PO-000621,CASE-PN-000621,3,CASE-PO-000621_3,二次組立,A030,MB000101,MG001,WC000053,94,150,20,170,2026/06/15 18:04:22,2026/06/16 11:20:00,,EQ-A030,9003,佐藤 次郎,20,92,97.9,1,1.1,2026/06/16 08:30:00,2026/06/16 10:47:54,,,,,,完了,2026/06/16 10:47:54
CASE-PO-000621,CASE-PN-000621,4,CASE-PO-000621_4,完成検査,A040,MB000101,MG001,WC000054,94,60,0,60,2026/06/16 19:51:28,2026/06/17 09:30:00,,EQ-A040,9003,佐藤 次郎,0,92,97.9,2,2.1,2026/06/17 08:30:00,2026/06/17 09:40:44,,,,,,完了,2026/06/17 09:40:44
CASE-PO-000622,CASE-PN-000622,1,CASE-PO-000622_1,部品準備,A010,MB000103,MG001,WC000051,74,45,10,55,2026/06/12 08:30:00,2026/06/12 09:25:00,,EQ-A010,9002,鈴木 花子,10,73,98.6,0,0.0,2026/06/12 08:30:00,2026/06/12 09:14:58,,,,,,完了,2026/06/12 09:14:58
CASE-PO-000622,CASE-PN-000622,2,CASE-PO-000622_2,一次組立,A020,MB000103,MG001,WC000052,74,180,25,205,2026/06/12 15:47:12,2026/06/15 10:12:00,,EQ-A020,9002,鈴木 花子,25,73,98.6,0,0.0,2026/06/12 15:47:12,2026/06/15 10:14:24,,,,,,完了,2026/06/15 10:14:24
CASE-PO-000622,CASE-PN-000622,3,CASE-PO-000622_3,二次組立,A030,MB000103,MG001,WC000053,74,150,20,170,2026/06/15 17:06:23,2026/06/16 10:56:00,,EQ-A030,9002,鈴木 花子,20,74,100.0,0,0.0,2026/06/15 17:06:23,2026/06/16 10:38:47,,,,,,完了,2026/06/16 10:38:47
CASE-PO-000622,CASE-PN-000622,4,CASE-PO-000622_4,完成検査,A040,MB000103,MG001,WC000054,74,60,0,60,2026/06/16 18:40:08,2026/06/17 09:30:00,,EQ-A040,9002,鈴木 花子,0,72,97.3,0,0.0,2026/06/17 08:30:00,2026/06/17 09:39:48,,,,,,完了,2026/06/17 09:39:48
CASE-PO-000623,CASE-PN-000623,1,CASE-PO-000623_1,部品準備,A010,MB000101,MG001,WC000051,78,45,10,55,2026/05/11 08:30:00,2026/05/11 09:25:00,,EQ-A010,9002,鈴木 花子,10,76,97.4,0,0.0,2026/05/11 08:30:00,2026/05/11 09:11:26,,,,,,完了,2026/05/11 09:11:26
CASE-PO-000623,CASE-PN-000623,2,CASE-PO-000623_2,一次組立,A020,MB000101,MG001,WC000052,78,180,25,205,2026/05/11 11:06:16,2026/05/11 14:31:16,,EQ-A020,9002,鈴木 花子,25,77,98.7,0,0.0,2026/05/11 11:06:16,2026/05/11 13:51:28,,,,,,完了,2026/05/11 13:51:28
CASE-PO-000623,CASE-PN-000623,3,CASE-PO-000623_3,二次組立,A030,MB000101,MG001,WC000053,78,150,20,170,2026/05/11 18:08:15,2026/05/12 11:20:00,,EQ-A030,9002,鈴木 花子,20,77,98.7,1,1.3,2026/05/12 08:30:00,2026/05/12 11:00:21,,,,,,完了,2026/05/12 11:00:21
CASE-PO-000623,CASE-PN-000623,4,CASE-PO-000623_4,完成検査,A040,MB000101,MG001,WC000054,78,60,0,60,2026/05/12 12:17:10,2026/05/12 13:17:10,,EQ-A040,9002,鈴木 花子,0,76,97.4,1,1.3,2026/05/12 12:17:10,2026/05/12 13:31:00,,,,,,完了,2026/05/12 13:31:00
CASE-PO-000624,CASE-PN-000624,1,CASE-PO-000624_1,部品準備,A010,MB000101,MG001,WC000051,67,45,10,55,2026/06/16 08:30:00,2026/06/16 09:25:00,,EQ-A010,9005,高橋 四郎,10,66,98.5,1,1.5,2026/06/16 08:30:00,2026/06/16 09:23:13,,,,,,完了,2026/06/16 09:23:13
CASE-PO-000624,CASE-PN-000624,2,CASE-PO-000624_2,一次組立,A020,MB000101,MG001,WC000052,67,180,25,205,2026/06/16 10:40:34,2026/06/16 14:05:34,,EQ-A020,9005,高橋 四郎,25,67,100.0,1,1.5,2026/06/16 10:40:34,2026/06/16 13:59:57,,,,,,完了,2026/06/16 13:59:57
CASE-PO-000624,CASE-PN-000624,3,CASE-PO-000624_3,二次組立,A030,MB000101,MG001,WC000053,67,150,20,170,2026/06/16 23:38:03,2026/06/17 11:20:00,,EQ-A030,9005,高橋 四郎,20,66,98.5,1,1.5,2026/06/17 08:30:00,2026/06/17 10:46:31,,,,,,完了,2026/06/17 10:46:31
CASE-PO-000624,CASE-PN-000624,4,CASE-PO-000624_4,完成検査,A040,MB000101,MG001,WC000054,67,60,0,60,2026/06/17 15:49:51,2026/06/17 16:49:51,,EQ-A040,9005,高橋 四郎,0,67,100.0,0,0.0,2026/06/17 15:49:51,2026/06/17 17:01:13,,,,,,完了,2026/06/17 17:01:13
CASE-PO-000625,CASE-PN-000625,1,CASE-PO-000625_1,部品準備,A010,MB000101,MG001,WC000051,89,45,10,55,2026/06/15 08:30:00,2026/06/15 09:25:00,,EQ-A010,9001,山田 太郎,10,87,97.8,1,1.1,2026/06/15 08:30:00,2026/06/15 09:13:56,,,,,,完了,2026/06/15 09:13:56
CASE-PO-000625,CASE-PN-000625,2,CASE-PO-000625_2,一次組立,A020,MB000101,MG001,WC000052,89,180,25,205,2026/06/15 14:42:33,2026/06/16 09:07:00,,EQ-A020,9001,山田 太郎,25,88,98.9,1,1.1,2026/06/15 14:42:33,2026/06/16 08:53:08,,,,,,完了,2026/06/16 08:53:08
CASE-PO-000625,CASE-PN-000625,3,CASE-PO-000625_3,二次組立,A030,MB000101,MG001,WC000053,89,150,20,170,2026/06/16 17:45:02,2026/06/17 11:20:00,,EQ-A030,9001,山田 太郎,20,88,98.9,1,1.1,2026/06/17 08:30:00,2026/06/17 10:41:06,,,,,,完了,2026/06/17 10:41:06
CASE-PO-000625,CASE-PN-000625,4,CASE-PO-000625_4,完成検査,A040,MB000101,MG001,WC000054,89,60,0,60,2026/06/17 18:54:02,2026/06/18 09:30:00,,EQ-A040,9001,山田 太郎,0,86,96.6,2,2.2,2026/06/18 08:30:00,2026/06/18 09:30:42,,,,,,完了,2026/06/18 09:30:42
CASE-PO-000626,CASE-PN-000626,1,CASE-PO-000626_1,部品準備,A010,MB000101,MG001,WC000051,112,45,10,55,2026/05/28 08:30:00,2026/05/28 09:25:00,,EQ-A010,9004,田中 三郎,10,110,98.2,1,0.9,2026/05/28 08:30:00,2026/05/28 09:21:15,,,,,,完了,2026/05/28 09:21:15
CASE-PO-000626,CASE-PN-000626,2,CASE-PO-000626_2,一次組立,A020,MB000101,MG001,WC000052,112,180,25,205,2026/05/28 11:44:47,2026/05/28 15:09:47,,EQ-A020,9004,田中 三郎,25,109,97.3,1,0.9,2026/05/28 11:44:47,2026/05/28 14:38:53,,,,,,完了,2026/05/28 14:38:53
CASE-PO-000626,CASE-PN-000626,3,CASE-PO-000626_3,二次組立,A030,MB000101,MG001,WC000053,112,150,20,170,2026/05/28 20:17:28,2026/05/29 11:20:00,,EQ-A030,9004,田中 三郎,20,109,97.3,1,0.9,2026/05/29 08:30:00,2026/05/29 11:05:16,,,,,,完了,2026/05/29 11:05:16
CASE-PO-000626,CASE-PN-000626,4,CASE-PO-000626_4,完成検査,A040,MB000101,MG001,WC000054,112,60,0,60,2026/05/29 14:22:12,2026/05/29 15:22:12,,EQ-A040,9004,田中 三郎,0,111,99.1,2,1.8,2026/05/29 14:22:12,2026/05/29 15:35:55,,,,,,完了,2026/05/29 15:35:55
CASE-PO-000627,CASE-PN-000627,1,CASE-PO-000627_1,部品準備,A010,MB000102,MG001,WC000051,193,45,10,55,2026/05/28 08:30:00,2026/05/28 09:25:00,,EQ-A010,9002,鈴木 花子,10,189,97.9,2,1.0,2026/05/28 08:30:00,2026/05/28 09:21:31,,,,,,完了,2026/05/28 09:21:31
CASE-PO-000627,CASE-PN-000627,2,CASE-PO-000627_2,一次組立,A020,MB000102,MG001,WC000052,193,180,25,205,2026/05/28 13:19:59,2026/05/28 16:44:59,,EQ-A020,9002,鈴木 花子,25,190,98.4,0,0.0,2026/05/28 13:19:59,2026/05/28 16:46:26,,,,,,完了,2026/05/28 16:46:26
CASE-PO-000627,CASE-PN-000627,3,CASE-PO-000627_3,二次組立,A030,MB000102,MG001,WC000053,193,150,20,170,2026/05/28 22:28:49,2026/05/29 11:20:00,,EQ-A030,9002,鈴木 花子,20,191,99.0,2,1.0,2026/05/29 08:30:00,2026/05/29 11:25:17,,,,,,完了,2026/05/29 11:25:17
CASE-PO-000627,CASE-PN-000627,4,CASE-PO-000627_4,完成検査,A040,MB000102,MG001,WC000054,193,60,0,60,2026/05/29 20:04:33,2026/06/01 09:30:00,,EQ-A040,9002,鈴木 花子,0,191,99.0,4,2.1,2026/06/01 08:30:00,2026/06/01 09:34:17,,,,,,完了,2026/06/01 09:34:17
CASE-PO-000628,CASE-PN-000628,1,CASE-PO-000628_1,部品準備,A010,MB000101,MG001,WC000051,111,45,10,55,2026/05/11 08:30:00,2026/05/11 09:25:00,,EQ-A010,9005,高橋 四郎,10,109,98.2,1,0.9,2026/05/11 08:30:00,2026/05/11 09:16:15,,,,,,完了,2026/05/11 09:16:15
CASE-PO-000628,CASE-PN-000628,2,CASE-PO-000628_2,一次組立,A020,MB000101,MG001,WC000052,111,180,25,205,2026/05/11 14:27:33,2026/05/12 08:52:00,,EQ-A020,9005,高橋 四郎,25,109,98.2,1,0.9,2026/05/11 14:27:33,2026/05/12 08:58:27,,,,,,完了,2026/05/12 08:58:27
CASE-PO-000628,CASE-PN-000628,3,CASE-PO-000628_3,二次組立,A030,MB000101,MG001,WC000053,111,150,20,170,2026/05/12 15:37:50,2026/05/13 09:27:00,,EQ-A030,9005,高橋 四郎,20,108,97.3,1,0.9,2026/05/12 15:37:50,2026/05/13 09:11:02,,,,,,完了,2026/05/13 09:11:02
CASE-PO-000628,CASE-PN-000628,4,CASE-PO-000628_4,完成検査,A040,MB000101,MG001,WC000054,111,60,0,60,2026/05/13 10:33:53,2026/05/13 11:33:53,,EQ-A040,9005,高橋 四郎,0,111,100.0,1,0.9,2026/05/13 10:33:53,2026/05/13 11:31:09,,,,,,完了,2026/05/13 11:31:09
CASE-PO-000629,CASE-PN-000629,1,CASE-PO-000629_1,部品準備,A010,MB000103,MG001,WC000051,50,45,10,55,2026/06/19 08:30:00,2026/06/19 09:25:00,,EQ-A010,9002,鈴木 花子,10,49,98.0,0,0.0,2026/06/19 08:30:00,2026/06/19 09:19:24,,,,,,完了,2026/06/19 09:19:24
CASE-PO-000629,CASE-PN-000629,2,CASE-PO-000629_2,一次組立,A020,MB000103,MG001,WC000052,50,180,25,205,2026/06/19 13:59:40,2026/06/19 17:24:40,,EQ-A020,9002,鈴木 花子,25,49,98.0,0,0.0,2026/06/19 13:59:40,2026/06/22 08:36:11,,,,,,完了,2026/06/22 08:36:11
CASE-PO-000629,CASE-PN-000629,3,CASE-PO-000629_3,二次組立,A030,MB000103,MG001,WC000053,50,150,20,170,2026/06/22 13:14:40,2026/06/22 16:04:40,,EQ-A030,9002,鈴木 花子,20,49,98.0,1,2.0,2026/06/22 13:14:40,2026/06/22 15:31:42,,,,,,完了,2026/06/22 15:31:42
CASE-PO-000629,CASE-PN-000629,4,CASE-PO-000629_4,完成検査,A040,MB000103,MG001,WC000054,50,60,0,60,2026/06/22 19:03:50,2026/06/23 09:30:00,,EQ-A040,9002,鈴木 花子,0,50,100.0,0,0.0,2026/06/23 08:30:00,2026/06/23 09:23:00,,,,,,完了,2026/06/23 09:23:00
CASE-PO-000630,CASE-PN-000630,1,CASE-PO-000630_1,部品準備,A010,MB000103,MG001,WC000051,41,45,10,55,2026/05/18 08:30:00,2026/05/18 09:25:00,,EQ-A010,9002,鈴木 花子,10,40,97.6,0,0.0,2026/05/18 08:30:00,2026/05/18 09:24:50,,,,,,完了,2026/05/18 09:24:50
CASE-PO-000630,CASE-PN-000630,2,CASE-PO-000630_2,一次組立,A020,MB000103,MG001,WC000052,41,180,25,205,2026/05/18 16:51:34,2026/05/19 11:16:00,,EQ-A020,9002,鈴木 花子,25,40,97.6,0,0.0,2026/05/18 16:51:34,2026/05/19 10:47:38,,,,,,完了,2026/05/19 10:47:38
CASE-PO-000630,CASE-PN-000630,3,CASE-PO-000630_3,二次組立,A030,MB000103,MG001,WC000053,41,150,20,170,2026/05/19 18:18:25,2026/05/20 11:20:00,,EQ-A030,9002,鈴木 花子,20,40,97.6,1,2.4,2026/05/20 08:30:00,2026/05/20 11:36:30,,,,,,完了,2026/05/20 11:36:30
CASE-PO-000630,CASE-PN-000630,4,CASE-PO-000630_4,完成検査,A040,MB000103,MG001,WC000054,41,60,0,60,2026/05/20 19:27:34,2026/05/21 09:30:00,,EQ-A040,9002,鈴木 花子,0,40,97.6,0,0.0,2026/05/21 08:30:00,2026/05/21 09:31:32,,,,,,完了,2026/05/21 09:31:32
CASE-PO-000631,CASE-PN-000631,1,CASE-PO-000631_1,部品準備,A010,MB000102,MG001,WC000051,113,45,10,55,2026/05/22 08:30:00,2026/05/22 09:25:00,,EQ-A010,9005,高橋 四郎,10,111,98.2,2,1.8,2026/05/22 08:30:00,2026/05/22 09:12:26,,,,,,完了,2026/05/22 09:12:26
CASE-PO-000631,CASE-PN-000631,2,CASE-PO-000631_2,一次組立,A020,MB000102,MG001,WC000052,113,180,25,205,2026/05/22 17:04:54,2026/05/25 11:29:00,,EQ-A020,9005,高橋 四郎,25,111,98.2,1,0.9,2026/05/22 17:04:54,2026/05/25 11:04:14,,,,,,完了,2026/05/25 11:04:14
CASE-PO-000631,CASE-PN-000631,3,CASE-PO-000631_3,二次組立,A030,MB000102,MG001,WC000053,113,150,20,170,2026/05/25 14:41:10,2026/05/26 08:31:00,,EQ-A030,9005,高橋 四郎,20,110,97.3,1,0.9,2026/05/25 14:41:10,2026/05/25 17:19:13,,,,,,完了,2026/05/25 17:19:13
CASE-PO-000631,CASE-PN-000631,4,CASE-PO-000631_4,完成検査,A040,MB000102,MG001,WC000054,113,60,0,60,2026/05/26 01:15:18,2026/05/26 09:30:00,,EQ-A040,9005,高橋 四郎,0,112,99.1,1,0.9,2026/05/26 08:30:00,2026/05/26 09:33:12,,,,,,完了,2026/05/26 09:33:12
CASE-PO-000632,CASE-PN-000632,1,CASE-PO-000632_1,部品準備,A010,MB000103,MG001,WC000051,88,45,10,55,2026/06/22 08:30:00,2026/06/22 09:25:00,,EQ-A010,9003,佐藤 次郎,10,88,100.0,0,0.0,2026/06/22 08:30:00,2026/06/22 09:20:01,,,,,,完了,2026/06/22 09:20:01
CASE-PO-000632,CASE-PN-000632,2,CASE-PO-000632_2,一次組立,A020,MB000103,MG001,WC000052,88,180,25,205,2026/06/22 15:17:26,2026/06/23 09:42:00,,EQ-A020,9003,佐藤 次郎,,,,,,2026/06/22 15:17:26,,,,,,,生産中,2026/06/23 09:42:00
CASE-PO-000632,CASE-PN-000632,3,CASE-PO-000632_3,二次組立,A030,MB000103,MG001,WC000053,88,150,20,170,2026/06/23 17:55:48,2026/06/24 11:20:00,,EQ-A030,9003,佐藤 次郎,,,,,,,,,,,,,開始待ち,2026/06/24 11:20:00
CASE-PO-000632,CASE-PN-000632,4,CASE-PO-000632_4,完成検査,A040,MB000103,MG001,WC000054,88,60,0,60,2026/06/24 18:11:29,2026/06/25 09:30:00,,EQ-A040,9003,佐藤 次郎,,,,,,,,,,,,,開始待ち,2026/06/25 09:30:00
CASE-PO-000633,CASE-PN-000633,1,CASE-PO-000633_1,部品準備,A010,MB000101,MG001,WC000051,58,45,10,55,2026/06/15 08:30:00,2026/06/15 09:25:00,,EQ-A010,9004,田中 三郎,10,56,96.6,1,1.7,2026/06/15 08:30:00,2026/06/15 09:19:38,,,,,,完了,2026/06/15 09:19:38
CASE-PO-000633,CASE-PN-000633,2,CASE-PO-000633_2,一次組立,A020,MB000101,MG001,WC000052,58,180,25,205,2026/06/15 14:33:14,2026/06/16 08:58:00,,EQ-A020,9004,田中 三郎,25,57,98.3,1,1.7,2026/06/15 14:33:14,2026/06/15 17:20:28,,,,,,完了,2026/06/15 17:20:28
CASE-PO-000633,CASE-PN-000633,3,CASE-PO-000633_3,二次組立,A030,MB000101,MG001,WC000053,58,150,20,170,2026/06/16 03:34:55,2026/06/16 11:20:00,,EQ-A030,9004,田中 三郎,20,57,98.3,0,0.0,2026/06/16 08:30:00,2026/06/16 11:09:00,,,,,,完了,2026/06/16 11:09:00
CASE-PO-000633,CASE-PN-000633,4,CASE-PO-000633_4,完成検査,A040,MB000101,MG001,WC000054,58,60,0,60,2026/06/16 15:25:14,2026/06/16 16:25:14,,EQ-A040,9004,田中 三郎,0,57,98.3,1,1.7,2026/06/16 15:25:14,2026/06/16 16:34:35,,,,,,完了,2026/06/16 16:34:35
CASE-PO-000634,CASE-PN-000634,1,CASE-PO-000634_1,部品準備,A010,MB000103,MG001,WC000051,80,45,10,55,2026/06/03 08:30:00,2026/06/03 09:25:00,,EQ-A010,9004,田中 三郎,10,78,97.5,1,1.3,2026/06/03 08:30:00,2026/06/03 09:16:33,,,,,,完了,2026/06/03 09:16:33
CASE-PO-000634,CASE-PN-000634,2,CASE-PO-000634_2,一次組立,A020,MB000103,MG001,WC000052,80,180,25,205,2026/06/03 11:25:18,2026/06/03 14:50:18,,EQ-A020,9004,田中 三郎,25,78,97.5,1,1.3,2026/06/03 11:25:18,2026/06/03 14:12:03,,,,,,完了,2026/06/03 14:12:03
CASE-PO-000634,CASE-PN-000634,3,CASE-PO-000634_3,二次組立,A030,MB000103,MG001,WC000053,80,150,20,170,2026/06/03 22:17:13,2026/06/04 11:20:00,,EQ-A030,9004,田中 三郎,20,79,98.8,1,1.3,2026/06/04 08:30:00,2026/06/04 11:34:39,,,,,,完了,2026/06/04 11:34:39
CASE-PO-000634,CASE-PN-000634,4,CASE-PO-000634_4,完成検査,A040,MB000103,MG001,WC000054,80,60,0,60,2026/06/04 18:59:15,2026/06/05 09:30:00,,EQ-A040,9004,田中 三郎,0,79,98.8,1,1.3,2026/06/05 08:30:00,2026/06/05 09:32:41,,,,,,完了,2026/06/05 09:32:41
CASE-PO-000635,CASE-PN-000635,1,CASE-PO-000635_1,部品準備,A010,MB000101,MG001,WC000051,111,45,10,55,2026/07/01 08:30:00,2026/07/01 09:25:00,,EQ-A010,9002,鈴木 花子,10,110,99.1,1,0.9,2026/07/01 08:30:00,2026/07/01 09:13:47,,,,,,完了,2026/07/01 09:13:47
CASE-PO-000635,CASE-PN-000635,2,CASE-PO-000635_2,一次組立,A020,MB000101,MG001,WC000052,111,180,25,205,2026/07/01 13:07:10,2026/07/01 16:32:10,,EQ-A020,9002,鈴木 花子,25,109,98.2,1,0.9,2026/07/01 13:07:10,2026/07/01 16:24:44,,,,,,完了,2026/07/01 16:24:44
CASE-PO-000635,CASE-PN-000635,3,CASE-PO-000635_3,二次組立,A030,MB000101,MG001,WC000053,111,150,20,170,2026/07/01 21:24:17,2026/07/02 11:20:00,,EQ-A030,9002,鈴木 花子,20,109,98.2,1,0.9,2026/07/02 08:30:00,2026/07/02 11:34:09,,,,,,完了,2026/07/02 11:34:09
CASE-PO-000635,CASE-PN-000635,4,CASE-PO-000635_4,完成検査,A040,MB000101,MG001,WC000054,111,60,0,60,2026/07/02 15:17:42,2026/07/02 16:17:42,,EQ-A040,9002,鈴木 花子,0,108,97.3,1,0.9,2026/07/02 15:17:42,2026/07/02 16:09:31,,,,,,完了,2026/07/02 16:09:31
CASE-PO-000636,CASE-PN-000636,1,CASE-PO-000636_1,部品準備,A010,MB000103,MG001,WC000051,57,45,10,55,2026/05/28 08:30:00,2026/05/28 09:25:00,,EQ-A010,9001,山田 太郎,10,57,100.0,1,1.8,2026/05/28 08:30:00,2026/05/28 09:14:15,,,,,,完了,2026/05/28 09:14:15
CASE-PO-000636,CASE-PN-000636,2,CASE-PO-000636_2,一次組立,A020,MB000103,MG001,WC000052,57,180,25,205,2026/05/28 16:07:26,2026/05/29 10:32:00,,EQ-A020,9001,山田 太郎,25,57,100.0,0,0.0,2026/05/28 16:07:26,2026/05/29 09:42:17,,,,,,完了,2026/05/29 09:42:17
CASE-PO-000636,CASE-PN-000636,3,CASE-PO-000636_3,二次組立,A030,MB000103,MG001,WC000053,57,150,20,170,2026/05/29 15:25:51,2026/06/01 09:15:00,,EQ-A030,9001,山田 太郎,20,57,100.0,0,0.0,2026/05/29 15:25:51,2026/06/01 09:21:23,,,,,,完了,2026/06/01 09:21:23
CASE-PO-000636,CASE-PN-000636,4,CASE-PO-000636_4,完成検査,A040,MB000103,MG001,WC000054,57,60,0,60,2026/06/01 10:23:18,2026/06/01 11:23:18,,EQ-A040,9001,山田 太郎,0,57,100.0,0,0.0,2026/06/01 10:23:18,2026/06/01 11:22:11,,,,,,完了,2026/06/01 11:22:11
CASE-PO-000637,CASE-PN-000637,1,CASE-PO-000637_1,部品準備,A010,MB000102,MG001,WC000051,77,45,10,55,2026/06/16 08:30:00,2026/06/16 09:25:00,,EQ-A010,9003,佐藤 次郎,10,76,98.7,1,1.3,2026/06/16 08:30:00,2026/06/16 09:24:45,,,,,,完了,2026/06/16 09:24:45
CASE-PO-000637,CASE-PN-000637,2,CASE-PO-000637_2,一次組立,A020,MB000102,MG001,WC000052,77,180,25,205,2026/06/16 12:04:15,2026/06/16 15:29:15,,EQ-A020,9003,佐藤 次郎,25,76,98.7,1,1.3,2026/06/16 12:04:15,2026/06/16 14:56:49,,,,,,完了,2026/06/16 14:56:49
CASE-PO-000637,CASE-PN-000637,3,CASE-PO-000637_3,二次組立,A030,MB000102,MG001,WC000053,77,150,20,170,2026/06/16 18:02:48,2026/06/17 11:20:00,,EQ-A030,9003,佐藤 次郎,20,75,97.4,1,1.3,2026/06/17 08:30:00,2026/06/17 11:04:11,,,,,,完了,2026/06/17 11:04:11
CASE-PO-000637,CASE-PN-000637,4,CASE-PO-000637_4,完成検査,A040,MB000102,MG001,WC000054,77,60,0,60,2026/06/17 12:13:54,2026/06/17 13:13:54,,EQ-A040,9003,佐藤 次郎,0,77,100.0,1,1.3,2026/06/17 12:13:54,2026/06/17 13:25:25,,,,,,完了,2026/06/17 13:25:25
CASE-PO-000638,CASE-PN-000638,1,CASE-PO-000638_1,部品準備,A010,MB000102,MG001,WC000051,166,45,10,55,2026/05/26 08:30:00,2026/05/26 09:25:00,,EQ-A010,9005,高橋 四郎,10,163,98.2,3,1.8,2026/05/26 08:30:00,2026/05/26 09:09:43,,,,,,完了,2026/05/26 09:09:43
CASE-PO-000638,CASE-PN-000638,2,CASE-PO-000638_2,一次組立,A020,MB000102,MG001,WC000052,166,180,25,205,2026/05/26 14:59:14,2026/05/27 09:24:00,,EQ-A020,9005,高橋 四郎,25,161,97.0,3,1.8,2026/05/26 14:59:14,2026/05/27 08:46:18,,,,,,完了,2026/05/27 08:46:18
CASE-PO-000638,CASE-PN-000638,3,CASE-PO-000638_3,二次組立,A030,MB000102,MG001,WC000053,166,150,20,170,2026/05/27 11:30:33,2026/05/27 14:20:33,,EQ-A030,9005,高橋 四郎,20,162,97.6,0,0.0,2026/05/27 11:30:33,2026/05/27 14:23:16,,,,,,完了,2026/05/27 14:23:16
CASE-PO-000638,CASE-PN-000638,4,CASE-PO-000638_4,完成検査,A040,MB000102,MG001,WC000054,166,60,0,60,2026/05/27 17:26:38,2026/05/28 09:26:00,,EQ-A040,9005,高橋 四郎,0,165,99.4,1,0.6,2026/05/27 17:26:38,2026/05/28 09:22:55,,,,,,完了,2026/05/28 09:22:55
CASE-PO-000639,CASE-PN-000639,1,CASE-PO-000639_1,部品準備,A010,MB000103,MG001,WC000051,47,45,10,55,2026/05/19 08:30:00,2026/05/19 09:25:00,,EQ-A010,9002,鈴木 花子,10,47,100.0,0,0.0,2026/05/19 08:30:00,2026/05/19 09:08:15,,,,,,完了,2026/05/19 09:08:15
CASE-PO-000639,CASE-PN-000639,2,CASE-PO-000639_2,一次組立,A020,MB000103,MG001,WC000052,47,180,25,205,2026/05/19 14:20:04,2026/05/20 08:45:00,,EQ-A020,9002,鈴木 花子,25,47,100.0,0,0.0,2026/05/19 14:20:04,2026/05/19 16:53:16,,,,,,完了,2026/05/19 16:53:16
CASE-PO-000639,CASE-PN-000639,3,CASE-PO-000639_3,二次組立,A030,MB000103,MG001,WC000053,47,150,20,170,2026/05/20 02:35:17,2026/05/20 11:20:00,,EQ-A030,9002,鈴木 花子,20,47,100.0,0,0.0,2026/05/20 08:30:00,2026/05/20 10:44:27,,,,,,完了,2026/05/20 10:44:27
CASE-PO-000639,CASE-PN-000639,4,CASE-PO-000639_4,完成検査,A040,MB000103,MG001,WC000054,47,60,0,60,2026/05/20 18:21:09,2026/05/21 09:30:00,,EQ-A040,9002,鈴木 花子,0,47,100.0,0,0.0,2026/05/21 08:30:00,2026/05/21 09:33:21,,,,,,完了,2026/05/21 09:33:21
CASE-PO-000640,CASE-PN-000640,1,CASE-PO-000640_1,部品準備,A010,MB000102,MG001,WC000051,76,45,10,55,2026/06/09 08:30:00,2026/06/09 09:25:00,,EQ-A010,9002,鈴木 花子,10,74,97.4,1,1.3,2026/06/09 08:30:00,2026/06/09 09:14:42,,,,,,完了,2026/06/09 09:14:42
CASE-PO-000640,CASE-PN-000640,2,CASE-PO-000640_2,一次組立,A020,MB000102,MG001,WC000052,76,180,25,205,2026/06/09 13:23:35,2026/06/09 16:48:35,,EQ-A020,9002,鈴木 花子,25,74,97.4,0,0.0,2026/06/09 13:23:35,2026/06/09 16:31:10,,,,,,完了,2026/06/09 16:31:10
CASE-PO-000640,CASE-PN-000640,3,CASE-PO-000640_3,二次組立,A030,MB000102,MG001,WC000053,76,150,20,170,2026/06/10 01:16:37,2026/06/10 11:20:00,,EQ-A030,9002,鈴木 花子,20,75,98.7,1,1.3,2026/06/10 08:30:00,2026/06/10 10:49:31,,,,,,完了,2026/06/10 10:49:31
CASE-PO-000640,CASE-PN-000640,4,CASE-PO-000640_4,完成検査,A040,MB000102,MG001,WC000054,76,60,0,60,2026/06/10 17:59:32,2026/06/11 09:30:00,,EQ-A040,9002,鈴木 花子,0,74,97.4,1,1.3,2026/06/11 08:30:00,2026/06/11 09:40:15,,,,,,完了,2026/06/11 09:40:15
CASE-PO-000641,CASE-PN-000641,1,CASE-PO-000641_1,部品準備,A010,MB000101,MG001,WC000051,65,45,10,55,2026/05/07 08:30:00,2026/05/07 09:25:00,,EQ-A010,9005,高橋 四郎,10,64,98.5,1,1.5,2026/05/07 08:30:00,2026/05/07 09:10:42,,,,,,完了,2026/05/07 09:10:42
CASE-PO-000641,CASE-PN-000641,2,CASE-PO-000641_2,一次組立,A020,MB000101,MG001,WC000052,65,180,25,205,2026/05/07 15:10:57,2026/05/08 09:35:00,,EQ-A020,9005,高橋 四郎,25,64,98.5,1,1.5,2026/05/07 15:10:57,2026/05/08 09:17:56,,,,,,完了,2026/05/08 09:17:56
CASE-PO-000641,CASE-PN-000641,3,CASE-PO-000641_3,二次組立,A030,MB000101,MG001,WC000053,65,150,20,170,2026/05/08 20:32:03,2026/05/11 11:20:00,,EQ-A030,9005,高橋 四郎,20,64,98.5,0,0.0,2026/05/11 08:30:00,2026/05/11 10:42:24,,,,,,完了,2026/05/11 10:42:24
CASE-PO-000641,CASE-PN-000641,4,CASE-PO-000641_4,完成検査,A040,MB000101,MG001,WC000054,65,60,0,60,2026/05/11 14:55:28,2026/05/11 15:55:28,,EQ-A040,9005,高橋 四郎,0,64,98.5,1,1.5,2026/05/11 14:55:28,2026/05/11 16:02:54,,,,,,完了,2026/05/11 16:02:54
CASE-PO-000642,CASE-PN-000642,1,CASE-PO-000642_1,部品準備,A010,MB000103,MG001,WC000051,45,45,10,55,2026/05/11 08:30:00,2026/05/11 09:25:00,,EQ-A010,9002,鈴木 花子,10,44,97.8,0,0.0,2026/05/11 08:30:00,2026/05/11 09:12:18,,,,,,完了,2026/05/11 09:12:18
CASE-PO-000642,CASE-PN-000642,2,CASE-PO-000642_2,一次組立,A020,MB000103,MG001,WC000052,45,180,25,205,2026/05/11 10:43:28,2026/05/11 14:08:28,,EQ-A020,9002,鈴木 花子,25,44,97.8,0,0.0,2026/05/11 10:43:28,2026/05/11 13:32:44,,,,,,完了,2026/05/11 13:32:44
CASE-PO-000642,CASE-PN-000642,3,CASE-PO-000642_3,二次組立,A030,MB000103,MG001,WC000053,45,150,20,170,2026/05/12 00:40:26,2026/05/12 11:20:00,,EQ-A030,9002,鈴木 花子,20,44,97.8,1,2.2,2026/05/12 08:30:00,2026/05/12 11:18:43,,,,,,完了,2026/05/12 11:18:43
CASE-PO-000642,CASE-PN-000642,4,CASE-PO-000642_4,完成検査,A040,MB000103,MG001,WC000054,45,60,0,60,2026/05/12 19:59:00,2026/05/13 09:30:00,,EQ-A040,9002,鈴木 花子,0,45,100.0,0,0.0,2026/05/13 08:30:00,2026/05/13 09:36:48,,,,,,完了,2026/05/13 09:36:48
CASE-PO-000643,CASE-PN-000643,1,CASE-PO-000643_1,部品準備,A010,MB000103,MG001,WC000051,56,45,10,55,2026/05/11 08:30:00,2026/05/11 09:25:00,,EQ-A010,9004,田中 三郎,10,55,98.2,0,0.0,2026/05/11 08:30:00,2026/05/11 09:18:59,,,,,,完了,2026/05/11 09:18:59
CASE-PO-000643,CASE-PN-000643,2,CASE-PO-000643_2,一次組立,A020,MB000103,MG001,WC000052,56,180,25,205,2026/05/11 16:30:55,2026/05/12 10:55:00,,EQ-A020,9004,田中 三郎,25,56,100.0,1,1.8,2026/05/11 16:30:55,2026/05/12 10:48:09,,,,,,完了,2026/05/12 10:48:09
CASE-PO-000643,CASE-PN-000643,3,CASE-PO-000643_3,二次組立,A030,MB000103,MG001,WC000053,56,150,20,170,2026/05/12 21:21:27,2026/05/13 11:20:00,,EQ-A030,9004,田中 三郎,20,55,98.2,0,0.0,2026/05/13 08:30:00,2026/05/13 11:11:29,,,,,,完了,2026/05/13 11:11:29
CASE-PO-000643,CASE-PN-000643,4,CASE-PO-000643_4,完成検査,A040,MB000103,MG001,WC000054,56,60,0,60,2026/05/13 15:37:02,2026/05/13 16:37:02,,EQ-A040,9004,田中 三郎,0,55,98.2,1,1.8,2026/05/13 15:37:02,2026/05/13 16:51:50,,,,,,完了,2026/05/13 16:51:50
CASE-PO-000644,CASE-PN-000644,1,CASE-PO-000644_1,部品準備,A010,MB000102,MG001,WC000051,99,45,10,55,2026/05/29 08:30:00,2026/05/29 09:25:00,,EQ-A010,9003,佐藤 次郎,10,97,98.0,1,1.0,2026/05/29 08:30:00,2026/05/29 09:09:45,,,,,,完了,2026/05/29 09:09:45
CASE-PO-000644,CASE-PN-000644,2,CASE-PO-000644_2,一次組立,A020,MB000102,MG001,WC000052,99,180,25,205,2026/05/29 12:17:23,2026/05/29 15:42:23,,EQ-A020,9003,佐藤 次郎,25,99,100.0,0,0.0,2026/05/29 12:17:23,2026/05/29 15:14:15,,,,,,完了,2026/05/29 15:14:15
CASE-PO-000644,CASE-PN-000644,3,CASE-PO-000644_3,二次組立,A030,MB000102,MG001,WC000053,99,150,20,170,2026/05/29 20:53:53,2026/06/01 11:20:00,,EQ-A030,9003,佐藤 次郎,20,98,99.0,2,2.0,2026/06/01 08:30:00,2026/06/01 11:23:36,,,,,,完了,2026/06/01 11:23:36
CASE-PO-000644,CASE-PN-000644,4,CASE-PO-000644_4,完成検査,A040,MB000102,MG001,WC000054,99,60,0,60,2026/06/01 19:53:26,2026/06/02 09:30:00,,EQ-A040,9003,佐藤 次郎,0,98,99.0,0,0.0,2026/06/02 08:30:00,2026/06/02 09:33:26,,,,,,完了,2026/06/02 09:33:26
CASE-PO-000645,CASE-PN-000645,1,CASE-PO-000645_1,部品準備,A010,MB000103,MG001,WC000051,80,45,10,55,2026/06/18 08:30:00,2026/06/18 09:25:00,,EQ-A010,9003,佐藤 次郎,10,79,98.8,1,1.3,2026/06/18 08:30:00,2026/06/18 09:18:11,,,,,,完了,2026/06/18 09:18:11
CASE-PO-000645,CASE-PN-000645,2,CASE-PO-000645_2,一次組立,A020,MB000103,MG001,WC000052,80,180,25,205,2026/06/18 14:16:07,2026/06/19 08:41:00,,EQ-A020,9003,佐藤 次郎,25,80,100.0,0,0.0,2026/06/18 14:16:07,2026/06/18 17:03:38,,,,,,完了,2026/06/18 17:03:38
CASE-PO-000645,CASE-PN-000645,3,CASE-PO-000645_3,二次組立,A030,MB000103,MG001,WC000053,80,150,20,170,2026/06/18 23:07:12,2026/06/19 11:20:00,,EQ-A030,9003,佐藤 次郎,20,79,98.8,2,2.5,2026/06/19 08:30:00,2026/06/19 11:03:58,,,,,,完了,2026/06/19 11:03:58
CASE-PO-000645,CASE-PN-000645,4,CASE-PO-000645_4,完成検査,A040,MB000103,MG001,WC000054,80,60,0,60,2026/06/19 19:19:34,2026/06/22 09:30:00,,EQ-A040,9003,佐藤 次郎,0,78,97.5,0,0.0,2026/06/22 08:30:00,2026/06/22 09:34:37,,,,,,完了,2026/06/22 09:34:37
CASE-PO-000646,CASE-PN-000646,1,CASE-PO-000646_1,部品準備,A010,MB000101,MG001,WC000051,63,45,10,55,2026/06/22 08:30:00,2026/06/22 09:25:00,,EQ-A010,9005,高橋 四郎,10,62,98.4,0,0.0,2026/06/22 08:30:00,2026/06/22 09:11:26,,,,,,完了,2026/06/22 09:11:26
CASE-PO-000646,CASE-PN-000646,2,CASE-PO-000646_2,一次組立,A020,MB000101,MG001,WC000052,63,180,25,205,2026/06/22 12:29:07,2026/06/22 15:54:07,,EQ-A020,9005,高橋 四郎,25,63,100.0,0,0.0,2026/06/22 12:29:07,2026/06/22 15:05:02,,,,,,完了,2026/06/22 15:05:02
CASE-PO-000646,CASE-PN-000646,3,CASE-PO-000646_3,二次組立,A030,MB000101,MG001,WC000053,63,150,20,170,2026/06/22 21:50:44,2026/06/23 11:20:00,,EQ-A030,9005,高橋 四郎,20,61,96.8,1,1.6,2026/06/23 08:30:00,2026/06/23 11:12:08,,,,,,完了,2026/06/23 11:12:08
CASE-PO-000646,CASE-PN-000646,4,CASE-PO-000646_4,完成検査,A040,MB000101,MG001,WC000054,63,60,0,60,2026/06/23 20:14:36,2026/06/24 09:30:00,,EQ-A040,9005,高橋 四郎,0,61,96.8,1,1.6,2026/06/24 08:30:00,2026/06/24 09:30:20,,,,,,完了,2026/06/24 09:30:20
CASE-PO-000647,CASE-PN-000647,1,CASE-PO-000647_1,部品準備,A010,MB000101,MG001,WC000051,72,45,10,55,2026/06/02 08:30:00,2026/06/02 09:25:00,,EQ-A010,9003,佐藤 次郎,10,71,98.6,1,1.4,2026/06/02 08:30:00,2026/06/02 09:10:35,,,,,,完了,2026/06/02 09:10:35
CASE-PO-000647,CASE-PN-000647,2,CASE-PO-000647_2,一次組立,A020,MB000101,MG001,WC000052,72,180,25,205,2026/06/02 13:11:40,2026/06/02 16:36:40,,EQ-A020,9003,佐藤 次郎,25,72,100.0,0,0.0,2026/06/02 13:11:40,2026/06/02 16:43:22,,,,,,完了,2026/06/02 16:43:22
CASE-PO-000647,CASE-PN-000647,3,CASE-PO-000647_3,二次組立,A030,MB000101,MG001,WC000053,72,150,20,170,2026/06/03 02:48:00,2026/06/03 11:20:00,,EQ-A030,9003,佐藤 次郎,20,72,100.0,1,1.4,2026/06/03 08:30:00,2026/06/03 11:09:38,,,,,,完了,2026/06/03 11:09:38
CASE-PO-000647,CASE-PN-000647,4,CASE-PO-000647_4,完成検査,A040,MB000101,MG001,WC000054,72,60,0,60,2026/06/03 12:11:33,2026/06/03 13:11:33,,EQ-A040,9003,佐藤 次郎,0,71,98.6,0,0.0,2026/06/03 12:11:33,2026/06/03 13:18:50,,,,,,完了,2026/06/03 13:18:50
CASE-PO-000648,CASE-PN-000648,1,CASE-PO-000648_1,部品準備,A010,MB000102,MG001,WC000051,164,45,10,55,2026/05/25 08:30:00,2026/05/25 09:25:00,,EQ-A010,9004,田中 三郎,10,164,100.0,3,1.8,2026/05/25 08:30:00,2026/05/25 09:20:37,,,,,,完了,2026/05/25 09:20:37
CASE-PO-000648,CASE-PN-000648,2,CASE-PO-000648_2,一次組立,A020,MB000102,MG001,WC000052,164,180,25,205,2026/05/25 10:21:25,2026/05/25 13:46:25,,EQ-A020,9004,田中 三郎,25,160,97.6,1,0.6,2026/05/25 10:21:25,2026/05/25 13:24:21,,,,,,完了,2026/05/25 13:24:21
CASE-PO-000648,CASE-PN-000648,3,CASE-PO-000648_3,二次組立,A030,MB000102,MG001,WC000053,164,150,20,170,2026/05/26 00:20:54,2026/05/26 11:20:00,,EQ-A030,9004,田中 三郎,20,163,99.4,2,1.2,2026/05/26 08:30:00,2026/05/26 10:53:59,,,,,,完了,2026/05/26 10:53:59
CASE-PO-000648,CASE-PN-000648,4,CASE-PO-000648_4,完成検査,A040,MB000102,MG001,WC000054,164,60,0,60,2026/05/26 19:40:35,2026/05/27 09:30:00,,EQ-A040,9004,田中 三郎,0,160,97.6,3,1.8,2026/05/27 08:30:00,2026/05/27 09:21:35,,,,,,完了,2026/05/27 09:21:35
CASE-PO-000649,CASE-PN-000649,1,CASE-PO-000649_1,部品準備,A010,MB000103,MG001,WC000051,43,45,10,55,2026/05/18 08:30:00,2026/05/18 09:25:00,,EQ-A010,9001,山田 太郎,10,42,97.7,0,0.0,2026/05/18 08:30:00,2026/05/18 09:14:58,,,,,,完了,2026/05/18 09:14:58
CASE-PO-000649,CASE-PN-000649,2,CASE-PO-000649_2,一次組立,A020,MB000103,MG001,WC000052,43,180,25,205,2026/05/18 12:48:40,2026/05/18 16:13:40,,EQ-A020,9001,山田 太郎,25,42,97.7,1,2.3,2026/05/18 12:48:40,2026/05/18 15:34:25,,,,,,完了,2026/05/18 15:34:25
CASE-PO-000649,CASE-PN-000649,3,CASE-PO-000649_3,二次組立,A030,MB000103,MG001,WC000053,43,150,20,170,2026/05/18 18:26:01,2026/05/19 11:20:00,,EQ-A030,9001,山田 太郎,20,43,100.0,0,0.0,2026/05/19 08:30:00,2026/05/19 10:42:39,,,,,,完了,2026/05/19 10:42:39
CASE-PO-000649,CASE-PN-000649,4,CASE-PO-000649_4,完成検査,A040,MB000103,MG001,WC000054,43,60,0,60,2026/05/19 19:46:32,2026/05/20 09:30:00,,EQ-A040,9001,山田 太郎,0,42,97.7,1,2.3,2026/05/20 08:30:00,2026/05/20 09:37:05,,,,,,完了,2026/05/20 09:37:05
CASE-PO-000650,CASE-PN-000650,1,CASE-PO-000650_1,部品準備,A010,MB000103,MG001,WC000051,77,45,10,55,2026/05/18 08:30:00,2026/05/18 09:25:00,,EQ-A010,9001,山田 太郎,10,77,100.0,2,2.6,2026/05/18 08:30:00,2026/05/18 09:21:08,,,,,,完了,2026/05/18 09:21:08
CASE-PO-000650,CASE-PN-000650,2,CASE-PO-000650_2,一次組立,A020,MB000103,MG001,WC000052,77,180,25,205,2026/05/18 16:09:44,2026/05/19 10:34:00,,EQ-A020,9001,山田 太郎,25,75,97.4,1,1.3,2026/05/18 16:09:44,2026/05/19 10:12:29,,,,,,完了,2026/05/19 10:12:29
CASE-PO-000650,CASE-PN-000650,3,CASE-PO-000650_3,二次組立,A030,MB000103,MG001,WC000053,77,150,20,170,2026/05/19 13:54:35,2026/05/19 16:44:35,,EQ-A030,9001,山田 太郎,20,77,100.0,1,1.3,2026/05/19 13:54:35,2026/05/19 16:20:13,,,,,,完了,2026/05/19 16:20:13
CASE-PO-000650,CASE-PN-000650,4,CASE-PO-000650_4,完成検査,A040,MB000103,MG001,WC000054,77,60,0,60,2026/05/19 21:09:30,2026/05/20 09:30:00,,EQ-A040,9001,山田 太郎,0,75,97.4,0,0.0,2026/05/20 08:30:00,2026/05/20 09:21:02,,,,,,完了,2026/05/20 09:21:02
CASE-PO-000651,CASE-PN-000651,1,CASE-PO-000651_1,部品準備,A010,MB000103,MG001,WC000051,79,45,10,55,2026/05/14 08:30:00,2026/05/14 09:25:00,,EQ-A010,9004,田中 三郎,10,78,98.7,1,1.3,2026/05/14 08:30:00,2026/05/14 09:24:23,,,,,,完了,2026/05/14 09:24:23
CASE-PO-000651,CASE-PN-000651,2,CASE-PO-000651_2,一次組立,A020,MB000103,MG001,WC000052,79,180,25,205,2026/05/14 12:50:49,2026/05/14 16:15:49,,EQ-A020,9004,田中 三郎,25,78,98.7,1,1.3,2026/05/14 12:50:49,2026/05/14 16:26:23,,,,,,完了,2026/05/14 16:26:23
CASE-PO-000651,CASE-PN-000651,3,CASE-PO-000651_3,二次組立,A030,MB000103,MG001,WC000053,79,150,20,170,2026/05/15 03:02:02,2026/05/15 11:20:00,,EQ-A030,9004,田中 三郎,20,77,97.5,1,1.3,2026/05/15 08:30:00,2026/05/15 10:40:44,,,,,,完了,2026/05/15 10:40:44
CASE-PO-000651,CASE-PN-000651,4,CASE-PO-000651_4,完成検査,A040,MB000103,MG001,WC000054,79,60,0,60,2026/05/15 20:16:29,2026/05/18 09:30:00,,EQ-A040,9004,田中 三郎,0,79,100.0,0,0.0,2026/05/18 08:30:00,2026/05/18 09:38:09,,,,,,完了,2026/05/18 09:38:09
CASE-PO-000652,CASE-PN-000652,1,CASE-PO-000652_1,部品準備,A010,MB000102,MG001,WC000051,89,45,10,55,2026/06/29 08:30:00,2026/06/29 09:25:00,,EQ-A010,9005,高橋 四郎,10,88,98.9,1,1.1,2026/06/29 08:30:00,2026/06/29 09:25:41,,,,,,完了,2026/06/29 09:25:41
CASE-PO-000652,CASE-PN-000652,2,CASE-PO-000652_2,一次組立,A020,MB000102,MG001,WC000052,89,180,25,205,2026/06/29 12:28:44,2026/06/29 15:53:44,,EQ-A020,9005,高橋 四郎,25,88,98.9,1,1.1,2026/06/29 12:28:44,2026/06/29 15:35:20,,,,,,完了,2026/06/29 15:35:20
CASE-PO-000652,CASE-PN-000652,3,CASE-PO-000652_3,二次組立,A030,MB000102,MG001,WC000053,89,150,20,170,2026/06/29 18:01:42,2026/06/30 11:20:00,,EQ-A030,9005,高橋 四郎,20,88,98.9,2,2.2,2026/06/30 08:30:00,2026/06/30 10:47:07,,,,,,完了,2026/06/30 10:47:07
CASE-PO-000652,CASE-PN-000652,4,CASE-PO-000652_4,完成検査,A040,MB000102,MG001,WC000054,89,60,0,60,2026/06/30 20:28:45,2026/07/01 09:30:00,,EQ-A040,9005,高橋 四郎,0,88,98.9,1,1.1,2026/07/01 08:30:00,2026/07/01 09:39:19,,,,,,完了,2026/07/01 09:39:19
CASE-PO-000653,CASE-PN-000653,1,CASE-PO-000653_1,部品準備,A010,MB000101,MG001,WC000051,52,45,10,55,2026/06/10 08:30:00,2026/06/10 09:25:00,,EQ-A010,9001,山田 太郎,10,51,98.1,0,0.0,2026/06/10 08:30:00,2026/06/10 09:16:50,,,,,,完了,2026/06/10 09:16:50
CASE-PO-000653,CASE-PN-000653,2,CASE-PO-000653_2,一次組立,A020,MB000101,MG001,WC000052,52,180,25,205,2026/06/10 10:47:03,2026/06/10 14:12:03,,EQ-A020,9001,山田 太郎,25,51,98.1,1,1.9,2026/06/10 10:47:03,2026/06/10 14:21:34,,,,,,完了,2026/06/10 14:21:34
CASE-PO-000653,CASE-PN-000653,3,CASE-PO-000653_3,二次組立,A030,MB000101,MG001,WC000053,52,150,20,170,2026/06/11 00:19:04,2026/06/11 11:20:00,,EQ-A030,9001,山田 太郎,20,52,100.0,1,1.9,2026/06/11 08:30:00,2026/06/11 11:23:15,,,,,,完了,2026/06/11 11:23:15
CASE-PO-000653,CASE-PN-000653,4,CASE-PO-000653_4,完成検査,A040,MB000101,MG001,WC000054,52,60,0,60,2026/06/11 19:51:04,2026/06/12 09:30:00,,EQ-A040,9001,山田 太郎,0,52,100.0,1,1.9,2026/06/12 08:30:00,2026/06/12 09:23:12,,,,,,完了,2026/06/12 09:23:12
CASE-PO-000654,CASE-PN-000654,1,CASE-PO-000654_1,部品準備,A010,MB000102,MG001,WC000051,193,45,10,55,2026/05/15 08:30:00,2026/05/15 09:25:00,,EQ-A010,9003,佐藤 次郎,10,192,99.5,1,0.5,2026/05/15 08:30:00,2026/05/15 09:12:17,,,,,,完了,2026/05/15 09:12:17
CASE-PO-000654,CASE-PN-000654,2,CASE-PO-000654_2,一次組立,A020,MB000102,MG001,WC000052,193,180,25,205,2026/05/15 10:55:14,2026/05/15 14:20:14,,EQ-A020,9003,佐藤 次郎,25,187,96.9,0,0.0,2026/05/15 10:55:14,2026/05/15 13:28:53,,,,,,完了,2026/05/15 13:28:53
CASE-PO-000654,CASE-PN-000654,3,CASE-PO-000654_3,二次組立,A030,MB000102,MG001,WC000053,193,150,20,170,2026/05/15 23:26:17,2026/05/18 11:20:00,,EQ-A030,9003,佐藤 次郎,20,191,99.0,4,2.1,2026/05/18 08:30:00,2026/05/18 11:33:38,,,,,,完了,2026/05/18 11:33:38
CASE-PO-000654,CASE-PN-000654,4,CASE-PO-000654_4,完成検査,A040,MB000102,MG001,WC000054,193,60,0,60,2026/05/18 13:45:41,2026/05/18 14:45:41,,EQ-A040,9003,佐藤 次郎,0,192,99.5,2,1.0,2026/05/18 13:45:41,2026/05/18 14:56:55,,,,,,完了,2026/05/18 14:56:55
CASE-PO-000655,CASE-PN-000655,1,CASE-PO-000655_1,部品準備,A010,MB000103,MG001,WC000051,77,45,10,55,2026/07/02 08:30:00,2026/07/02 09:25:00,,EQ-A010,9005,高橋 四郎,10,76,98.7,1,1.3,2026/07/02 08:30:00,2026/07/02 09:25:35,,,,,,完了,2026/07/02 09:25:35
CASE-PO-000655,CASE-PN-000655,2,CASE-PO-000655_2,一次組立,A020,MB000103,MG001,WC000052,77,180,25,205,2026/07/02 15:17:16,2026/07/03 09:42:00,,EQ-A020,9005,高橋 四郎,25,77,100.0,0,0.0,2026/07/02 15:17:16,2026/07/03 09:55:38,,,,,,完了,2026/07/03 09:55:38
CASE-PO-000655,CASE-PN-000655,3,CASE-PO-000655_3,二次組立,A030,MB000103,MG001,WC000053,77,150,20,170,2026/07/03 21:11:51,2026/07/06 11:20:00,,EQ-A030,9005,高橋 四郎,20,75,97.4,1,1.3,2026/07/06 08:30:00,2026/07/06 11:31:24,,,,,,完了,2026/07/06 11:31:24
CASE-PO-000655,CASE-PN-000655,4,CASE-PO-000655_4,完成検査,A040,MB000103,MG001,WC000054,77,60,0,60,2026/07/06 13:49:38,2026/07/06 14:49:38,,EQ-A040,9005,高橋 四郎,0,77,100.0,1,1.3,2026/07/06 13:49:38,2026/07/06 14:55:10,,,,,,完了,2026/07/06 14:55:10
CASE-PO-000656,CASE-PN-000656,1,CASE-PO-000656_1,部品準備,A010,MB000103,MG001,WC000051,33,45,10,55,2026/05/25 08:30:00,2026/05/25 09:25:00,,EQ-A010,9005,高橋 四郎,10,33,100.0,0,0.0,2026/05/25 08:30:00,2026/05/25 09:08:27,,,,,,完了,2026/05/25 09:08:27
CASE-PO-000656,CASE-PN-000656,2,CASE-PO-000656_2,一次組立,A020,MB000103,MG001,WC000052,33,180,25,205,2026/05/25 13:19:14,2026/05/25 16:44:14,,EQ-A020,9005,高橋 四郎,25,32,97.0,1,3.0,2026/05/25 13:19:14,2026/05/25 16:41:42,,,,,,完了,2026/05/25 16:41:42
CASE-PO-000656,CASE-PN-000656,3,CASE-PO-000656_3,二次組立,A030,MB000103,MG001,WC000053,33,150,20,170,2026/05/25 22:45:09,2026/05/26 11:20:00,,EQ-A030,9005,高橋 四郎,20,33,100.0,0,0.0,2026/05/26 08:30:00,2026/05/26 11:01:47,,,,,,完了,2026/05/26 11:01:47
CASE-PO-000656,CASE-PN-000656,4,CASE-PO-000656_4,完成検査,A040,MB000103,MG001,WC000054,33,60,0,60,2026/05/26 15:25:24,2026/05/26 16:25:24,,EQ-A040,9005,高橋 四郎,0,33,100.0,0,0.0,2026/05/26 15:25:24,2026/05/26 16:22:53,,,,,,完了,2026/05/26 16:22:53
CASE-PO-000657,CASE-PN-000657,1,CASE-PO-000657_1,部品準備,A010,MB000101,MG001,WC000051,93,45,10,55,2026/05/25 08:30:00,2026/05/25 09:25:00,,EQ-A010,9001,山田 太郎,10,91,97.8,1,1.1,2026/05/25 08:30:00,2026/05/25 09:25:40,,,,,,完了,2026/05/25 09:25:40
CASE-PO-000657,CASE-PN-000657,2,CASE-PO-000657_2,一次組立,A020,MB000101,MG001,WC000052,93,180,25,205,2026/05/25 15:37:22,2026/05/26 10:02:00,,EQ-A020,9001,山田 太郎,25,91,97.8,1,1.1,2026/05/25 15:37:22,2026/05/26 09:37:45,,,,,,完了,2026/05/26 09:37:45
CASE-PO-000657,CASE-PN-000657,3,CASE-PO-000657_3,二次組立,A030,MB000101,MG001,WC000053,93,150,20,170,2026/05/26 21:01:13,2026/05/27 11:20:00,,EQ-A030,9001,山田 太郎,20,92,98.9,0,0.0,2026/05/27 08:30:00,2026/05/27 10:59:25,,,,,,完了,2026/05/27 10:59:25
CASE-PO-000657,CASE-PN-000657,4,CASE-PO-000657_4,完成検査,A040,MB000101,MG001,WC000054,93,60,0,60,2026/05/27 17:47:32,2026/05/28 09:30:00,,EQ-A040,9001,山田 太郎,0,90,96.8,1,1.1,2026/05/28 08:30:00,2026/05/28 09:42:18,,,,,,完了,2026/05/28 09:42:18
CASE-PO-000658,CASE-PN-000658,1,CASE-PO-000658_1,部品準備,A010,MB000102,MG001,WC000051,179,45,10,55,2026/07/02 08:30:00,2026/07/02 09:25:00,,EQ-A010,9003,佐藤 次郎,10,174,97.2,0,0.0,2026/07/02 08:30:00,2026/07/02 09:21:58,,,,,,完了,2026/07/02 09:21:58
CASE-PO-000658,CASE-PN-000658,2,CASE-PO-000658_2,一次組立,A020,MB000102,MG001,WC000052,179,180,25,205,2026/07/02 10:44:45,2026/07/02 14:09:45,,EQ-A020,9003,佐藤 次郎,25,178,99.4,2,1.1,2026/07/02 10:44:45,2026/07/02 13:19:03,,,,,,完了,2026/07/02 13:19:03
CASE-PO-000658,CASE-PN-000658,3,CASE-PO-000658_3,二次組立,A030,MB000102,MG001,WC000053,179,150,20,170,2026/07/02 19:50:45,2026/07/03 11:20:00,,EQ-A030,9003,佐藤 次郎,20,174,97.2,3,1.7,2026/07/03 08:30:00,2026/07/03 11:31:01,,,,,,完了,2026/07/03 11:31:01
CASE-PO-000658,CASE-PN-000658,4,CASE-PO-000658_4,完成検査,A040,MB000102,MG001,WC000054,179,60,0,60,2026/07/03 14:09:38,2026/07/03 15:09:38,,EQ-A040,9003,佐藤 次郎,0,179,100.0,2,1.1,2026/07/03 14:09:38,2026/07/03 15:14:25,,,,,,完了,2026/07/03 15:14:25
CASE-PO-000659,CASE-PN-000659,1,CASE-PO-000659_1,部品準備,A010,MB000103,MG001,WC000051,49,45,10,55,2026/06/01 08:30:00,2026/06/01 09:25:00,,EQ-A010,9005,高橋 四郎,10,48,98.0,0,0.0,2026/06/01 08:30:00,2026/06/01 09:18:50,,,,,,完了,2026/06/01 09:18:50
CASE-PO-000659,CASE-PN-000659,2,CASE-PO-000659_2,一次組立,A020,MB000103,MG001,WC000052,49,180,25,205,2026/06/01 10:33:40,2026/06/01 13:58:40,,EQ-A020,9005,高橋 四郎,25,49,100.0,1,2.0,2026/06/01 10:33:40,2026/06/01 14:09:52,,,,,,完了,2026/06/01 14:09:52
CASE-PO-000659,CASE-PN-000659,3,CASE-PO-000659_3,二次組立,A030,MB000103,MG001,WC000053,49,150,20,170,2026/06/02 01:00:43,2026/06/02 11:20:00,,EQ-A030,9005,高橋 四郎,20,48,98.0,1,2.0,2026/06/02 08:30:00,2026/06/02 10:52:03,,,,,,完了,2026/06/02 10:52:03
CASE-PO-000659,CASE-PN-000659,4,CASE-PO-000659_4,完成検査,A040,MB000103,MG001,WC000054,49,60,0,60,2026/06/02 15:19:20,2026/06/02 16:19:20,,EQ-A040,9005,高橋 四郎,0,48,98.0,1,2.0,2026/06/02 15:19:20,2026/06/02 16:32:54,,,,,,完了,2026/06/02 16:32:54
CASE-PO-000660,CASE-PN-000660,1,CASE-PO-000660_1,部品準備,A010,MB000101,MG001,WC000051,119,45,10,55,2026/07/03 08:30:00,2026/07/03 09:25:00,,EQ-A010,9002,鈴木 花子,10,116,97.5,2,1.7,2026/07/03 08:30:00,2026/07/03 09:09:32,,,,,,完了,2026/07/03 09:09:32
CASE-PO-000660,CASE-PN-000660,2,CASE-PO-000660_2,一次組立,A020,MB000101,MG001,WC000052,119,180,25,205,2026/07/03 14:14:33,2026/07/06 08:39:00,,EQ-A020,9002,鈴木 花子,25,115,96.6,2,1.7,2026/07/03 14:14:33,2026/07/03 16:48:26,,,,,,完了,2026/07/03 16:48:26
CASE-PO-000660,CASE-PN-000660,3,CASE-PO-000660_3,二次組立,A030,MB000101,MG001,WC000053,119,150,20,170,2026/07/03 21:41:22,2026/07/06 11:20:00,,EQ-A030,9002,鈴木 花子,20,117,98.3,2,1.7,2026/07/06 08:30:00,2026/07/06 11:07:44,,,,,,完了,2026/07/06 11:07:44
CASE-PO-000660,CASE-PN-000660,4,CASE-PO-000660_4,完成検査,A040,MB000101,MG001,WC000054,119,60,0,60,2026/07/06 21:04:21,2026/07/07 09:30:00,,EQ-A040,9002,鈴木 花子,0,116,97.5,1,0.8,2026/07/07 08:30:00,2026/07/07 09:35:31,,,,,,完了,2026/07/07 09:35:31
CASE-PO-000661,CASE-PN-000661,1,CASE-PO-000661_1,部品準備,A010,MB000103,MG001,WC000051,68,45,10,55,2026/06/22 08:30:00,2026/06/22 09:25:00,,EQ-A010,9005,高橋 四郎,10,66,97.1,1,1.5,2026/06/22 08:30:00,2026/06/22 09:25:34,,,,,,完了,2026/06/22 09:25:34
CASE-PO-000661,CASE-PN-000661,2,CASE-PO-000661_2,一次組立,A020,MB000103,MG001,WC000052,68,180,25,205,2026/06/22 14:43:01,2026/06/23 09:08:00,,EQ-A020,9005,高橋 四郎,25,66,97.1,1,1.5,2026/06/22 14:43:01,2026/06/23 09:10:59,,,,,,完了,2026/06/23 09:10:59
CASE-PO-000661,CASE-PN-000661,3,CASE-PO-000661_3,二次組立,A030,MB000103,MG001,WC000053,68,150,20,170,2026/06/23 14:19:06,2026/06/23 17:09:06,,EQ-A030,9005,高橋 四郎,20,67,98.5,1,1.5,2026/06/23 14:19:06,2026/06/23 16:50:05,,,,,,完了,2026/06/23 16:50:05
CASE-PO-000661,CASE-PN-000661,4,CASE-PO-000661_4,完成検査,A040,MB000103,MG001,WC000054,68,60,0,60,2026/06/23 21:11:35,2026/06/24 09:30:00,,EQ-A040,9005,高橋 四郎,0,67,98.5,1,1.5,2026/06/24 08:30:00,2026/06/24 09:23:33,,,,,,完了,2026/06/24 09:23:33
CASE-PO-000662,CASE-PN-000662,1,CASE-PO-000662_1,部品準備,A010,MB000102,MG001,WC000051,152,45,10,55,2026/06/01 08:30:00,2026/06/01 09:25:00,,EQ-A010,9004,田中 三郎,10,149,98.0,2,1.3,2026/06/01 08:30:00,2026/06/01 09:19:02,,,,,,完了,2026/06/01 09:19:02
CASE-PO-000662,CASE-PN-000662,2,CASE-PO-000662_2,一次組立,A020,MB000102,MG001,WC000052,152,180,25,205,2026/06/01 11:22:31,2026/06/01 14:47:31,,EQ-A020,9004,田中 三郎,25,151,99.3,0,0.0,2026/06/01 11:22:31,2026/06/01 15:00:02,,,,,,完了,2026/06/01 15:00:02
CASE-PO-000662,CASE-PN-000662,3,CASE-PO-000662_3,二次組立,A030,MB000102,MG001,WC000053,152,150,20,170,2026/06/01 21:17:34,2026/06/02 11:20:00,,EQ-A030,9004,田中 三郎,20,151,99.3,2,1.3,2026/06/02 08:30:00,2026/06/02 10:50:56,,,,,,完了,2026/06/02 10:50:56
CASE-PO-000662,CASE-PN-000662,4,CASE-PO-000662_4,完成検査,A040,MB000102,MG001,WC000054,152,60,0,60,2026/06/02 14:55:34,2026/06/02 15:55:34,,EQ-A040,9004,田中 三郎,0,151,99.3,3,2.0,2026/06/02 14:55:34,2026/06/02 15:50:11,,,,,,完了,2026/06/02 15:50:11
CASE-PO-000663,CASE-PN-000663,1,CASE-PO-000663_1,部品準備,A010,MB000102,MG001,WC000051,179,45,10,55,2026/06/19 08:30:00,2026/06/19 09:25:00,,EQ-A010,9001,山田 太郎,10,175,97.8,0,0.0,2026/06/19 08:30:00,2026/06/19 09:18:20,,,,,,完了,2026/06/19 09:18:20
CASE-PO-000663,CASE-PN-000663,2,CASE-PO-000663_2,一次組立,A020,MB000102,MG001,WC000052,179,180,25,205,2026/06/19 17:10:18,2026/06/22 11:35:00,,EQ-A020,9001,山田 太郎,25,178,99.4,1,0.6,2026/06/19 17:10:18,2026/06/22 11:50:01,,,,,,完了,2026/06/22 11:50:01
CASE-PO-000663,CASE-PN-000663,3,CASE-PO-000663_3,二次組立,A030,MB000102,MG001,WC000053,179,150,20,170,2026/06/22 17:08:47,2026/06/23 10:58:00,,EQ-A030,9001,山田 太郎,20,178,99.4,0,0.0,2026/06/22 17:08:47,2026/06/23 10:17:04,,,,,,完了,2026/06/23 10:17:04
CASE-PO-000663,CASE-PN-000663,4,CASE-PO-000663_4,完成検査,A040,MB000102,MG001,WC000054,179,60,0,60,2026/06/23 13:08:19,2026/06/23 14:08:19,,EQ-A040,9001,山田 太郎,0,175,97.8,0,0.0,2026/06/23 13:08:19,2026/06/23 14:14:04,,,,,,完了,2026/06/23 14:14:04
CASE-PO-000664,CASE-PN-000664,1,CASE-PO-000664_1,部品準備,A010,MB000103,MG001,WC000051,74,45,10,55,2026/05/13 08:30:00,2026/05/13 09:25:00,,EQ-A010,9005,高橋 四郎,10,72,97.3,1,1.4,2026/05/13 08:30:00,2026/05/13 09:17:43,,,,,,完了,2026/05/13 09:17:43
CASE-PO-000664,CASE-PN-000664,2,CASE-PO-000664_2,一次組立,A020,MB000103,MG001,WC000052,74,180,25,205,2026/05/13 10:19:00,2026/05/13 13:44:00,,EQ-A020,9005,高橋 四郎,25,73,98.6,1,1.4,2026/05/13 10:19:00,2026/05/13 13:41:05,,,,,,完了,2026/05/13 13:41:05
CASE-PO-000664,CASE-PN-000664,3,CASE-PO-000664_3,二次組立,A030,MB000103,MG001,WC000053,74,150,20,170,2026/05/13 23:04:03,2026/05/14 11:20:00,,EQ-A030,9005,高橋 四郎,20,74,100.0,1,1.4,2026/05/14 08:30:00,2026/05/14 10:43:31,,,,,,完了,2026/05/14 10:43:31
CASE-PO-000664,CASE-PN-000664,4,CASE-PO-000664_4,完成検査,A040,MB000103,MG001,WC000054,74,60,0,60,2026/05/14 16:06:19,2026/05/14 17:06:19,,EQ-A040,9005,高橋 四郎,0,72,97.3,1,1.4,2026/05/14 16:06:19,2026/05/14 17:16:06,,,,,,完了,2026/05/14 17:16:06
CASE-PO-000665,CASE-PN-000665,1,CASE-PO-000665_1,部品準備,A010,MB000103,MG001,WC000051,81,45,10,55,2026/06/05 08:30:00,2026/06/05 09:25:00,,EQ-A010,9004,田中 三郎,10,80,98.8,1,1.2,2026/06/05 08:30:00,2026/06/05 09:19:29,,,,,,完了,2026/06/05 09:19:29
CASE-PO-000665,CASE-PN-000665,2,CASE-PO-000665_2,一次組立,A020,MB000103,MG001,WC000052,81,180,25,205,2026/06/05 14:38:45,2026/06/08 09:03:00,,EQ-A020,9004,田中 三郎,25,81,100.0,1,1.2,2026/06/05 14:38:45,2026/06/08 08:43:32,,,,,,完了,2026/06/08 08:43:32
CASE-PO-000665,CASE-PN-000665,3,CASE-PO-000665_3,二次組立,A030,MB000103,MG001,WC000053,81,150,20,170,2026/06/08 11:39:17,2026/06/08 14:29:17,,EQ-A030,9004,田中 三郎,20,79,97.5,0,0.0,2026/06/08 11:39:17,2026/06/08 14:27:20,,,,,,完了,2026/06/08 14:27:20
CASE-PO-000665,CASE-PN-000665,4,CASE-PO-000665_4,完成検査,A040,MB000103,MG001,WC000054,81,60,0,60,2026/06/08 22:52:54,2026/06/09 09:30:00,,EQ-A040,9004,田中 三郎,0,79,97.5,0,0.0,2026/06/09 08:30:00,2026/06/09 09:38:58,,,,,,完了,2026/06/09 09:38:58
CASE-PO-000666,CASE-PN-000666,1,CASE-PO-000666_1,部品準備,A010,MB000102,MG001,WC000051,120,45,10,55,2026/06/29 08:30:00,2026/06/29 09:25:00,,EQ-A010,9001,山田 太郎,10,118,98.3,1,0.8,2026/06/29 08:30:00,2026/06/29 09:19:45,,,,,,完了,2026/06/29 09:19:45
CASE-PO-000666,CASE-PN-000666,2,CASE-PO-000666_2,一次組立,A020,MB000102,MG001,WC000052,120,180,25,205,2026/06/29 14:48:27,2026/06/30 09:13:00,,EQ-A020,9001,山田 太郎,25,118,98.3,1,0.8,2026/06/29 14:48:27,2026/06/30 09:10:17,,,,,,完了,2026/06/30 09:10:17
CASE-PO-000666,CASE-PN-000666,3,CASE-PO-000666_3,二次組立,A030,MB000102,MG001,WC000053,120,150,20,170,2026/06/30 13:23:44,2026/06/30 16:13:44,,EQ-A030,9001,山田 太郎,20,118,98.3,2,1.7,2026/06/30 13:23:44,2026/06/30 16:14:29,,,,,,完了,2026/06/30 16:14:29
CASE-PO-000666,CASE-PN-000666,4,CASE-PO-000666_4,完成検査,A040,MB000102,MG001,WC000054,120,60,0,60,2026/06/30 18:41:34,2026/07/01 09:30:00,,EQ-A040,9001,山田 太郎,0,117,97.5,1,0.8,2026/07/01 08:30:00,2026/07/01 09:21:50,,,,,,完了,2026/07/01 09:21:50
CASE-PO-000667,CASE-PN-000667,1,CASE-PO-000667_1,部品準備,A010,MB000101,MG001,WC000051,104,45,10,55,2026/05/25 08:30:00,2026/05/25 09:25:00,,EQ-A010,9005,高橋 四郎,10,103,99.0,1,1.0,2026/05/25 08:30:00,2026/05/25 09:12:27,,,,,,完了,2026/05/25 09:12:27
CASE-PO-000667,CASE-PN-000667,2,CASE-PO-000667_2,一次組立,A020,MB000101,MG001,WC000052,104,180,25,205,2026/05/25 13:00:12,2026/05/25 16:25:12,,EQ-A020,9005,高橋 四郎,25,101,97.1,1,1.0,2026/05/25 13:00:12,2026/05/25 16:40:11,,,,,,完了,2026/05/25 16:40:11
CASE-PO-000667,CASE-PN-000667,3,CASE-PO-000667_3,二次組立,A030,MB000101,MG001,WC000053,104,150,20,170,2026/05/25 21:32:38,2026/05/26 11:20:00,,EQ-A030,9005,高橋 四郎,20,104,100.0,1,1.0,2026/05/26 08:30:00,2026/05/26 11:25:47,,,,,,完了,2026/05/26 11:25:47
CASE-PO-000667,CASE-PN-000667,4,CASE-PO-000667_4,完成検査,A040,MB000101,MG001,WC000054,104,60,0,60,2026/05/26 13:28:55,2026/05/26 14:28:55,,EQ-A040,9005,高橋 四郎,0,103,99.0,1,1.0,2026/05/26 13:28:55,2026/05/26 14:38:04,,,,,,完了,2026/05/26 14:38:04
CASE-PO-000668,CASE-PN-000668,1,CASE-PO-000668_1,部品準備,A010,MB000103,MG001,WC000051,40,45,10,55,2026/05/25 08:30:00,2026/05/25 09:25:00,,EQ-A010,9002,鈴木 花子,10,39,97.5,0,0.0,2026/05/25 08:30:00,2026/05/25 09:11:16,,,,,,完了,2026/05/25 09:11:16
CASE-PO-000668,CASE-PN-000668,2,CASE-PO-000668_2,一次組立,A020,MB000103,MG001,WC000052,40,180,25,205,2026/05/25 10:43:22,2026/05/25 14:08:22,,EQ-A020,9002,鈴木 花子,25,40,100.0,0,0.0,2026/05/25 10:43:22,2026/05/25 13:22:13,,,,,,完了,2026/05/25 13:22:13
CASE-PO-000668,CASE-PN-000668,3,CASE-PO-000668_3,二次組立,A030,MB000103,MG001,WC000053,40,150,20,170,2026/05/25 21:31:25,2026/05/26 11:20:00,,EQ-A030,9002,鈴木 花子,20,40,100.0,0,0.0,2026/05/26 08:30:00,2026/05/26 10:56:07,,,,,,完了,2026/05/26 10:56:07
CASE-PO-000668,CASE-PN-000668,4,CASE-PO-000668_4,完成検査,A040,MB000103,MG001,WC000054,40,60,0,60,2026/05/26 15:31:18,2026/05/26 16:31:18,,EQ-A040,9002,鈴木 花子,0,39,97.5,0,0.0,2026/05/26 15:31:18,2026/05/26 16:41:20,,,,,,完了,2026/05/26 16:41:20
CASE-PO-000669,CASE-PN-000669,1,CASE-PO-000669_1,部品準備,A010,MB000102,MG001,WC000051,74,45,10,55,2026/05/08 08:30:00,2026/05/08 09:25:00,,EQ-A010,9005,高橋 四郎,10,73,98.6,1,1.4,2026/05/08 08:30:00,2026/05/08 09:20:39,,,,,,完了,2026/05/08 09:20:39
CASE-PO-000669,CASE-PN-000669,2,CASE-PO-000669_2,一次組立,A020,MB000102,MG001,WC000052,74,180,25,205,2026/05/08 14:10:47,2026/05/11 08:35:00,,EQ-A020,9005,高橋 四郎,25,72,97.3,1,1.4,2026/05/08 14:10:47,2026/05/11 08:54:39,,,,,,完了,2026/05/11 08:54:39
CASE-PO-000669,CASE-PN-000669,3,CASE-PO-000669_3,二次組立,A030,MB000102,MG001,WC000053,74,150,20,170,2026/05/11 11:56:52,2026/05/11 14:46:52,,EQ-A030,9005,高橋 四郎,20,74,100.0,1,1.4,2026/05/11 11:56:52,2026/05/11 14:53:38,,,,,,完了,2026/05/11 14:53:38
CASE-PO-000669,CASE-PN-000669,4,CASE-PO-000669_4,完成検査,A040,MB000102,MG001,WC000054,74,60,0,60,2026/05/11 16:08:49,2026/05/11 17:08:49,,EQ-A040,9005,高橋 四郎,0,74,100.0,1,1.4,2026/05/11 16:08:49,2026/05/11 17:08:27,,,,,,完了,2026/05/11 17:08:27
CASE-PO-000670,CASE-PN-000670,1,CASE-PO-000670_1,部品準備,A010,MB000103,MG001,WC000051,54,45,10,55,2026/06/29 08:30:00,2026/06/29 09:25:00,,EQ-A010,9003,佐藤 次郎,10,54,100.0,0,0.0,2026/06/29 08:30:00,2026/06/29 09:11:23,,,,,,完了,2026/06/29 09:11:23
CASE-PO-000670,CASE-PN-000670,2,CASE-PO-000670_2,一次組立,A020,MB000103,MG001,WC000052,54,180,25,205,2026/06/29 14:48:34,2026/06/30 09:13:00,,EQ-A020,9003,佐藤 次郎,25,53,98.1,0,0.0,2026/06/29 14:48:34,2026/06/30 09:11:18,,,,,,完了,2026/06/30 09:11:18
CASE-PO-000670,CASE-PN-000670,3,CASE-PO-000670_3,二次組立,A030,MB000103,MG001,WC000053,54,150,20,170,2026/06/30 13:11:06,2026/06/30 16:01:06,,EQ-A030,9003,佐藤 次郎,20,53,98.1,0,0.0,2026/06/30 13:11:06,2026/06/30 15:45:30,,,,,,完了,2026/06/30 15:45:30
CASE-PO-000670,CASE-PN-000670,4,CASE-PO-000670_4,完成検査,A040,MB000103,MG001,WC000054,54,60,0,60,2026/06/30 21:46:30,2026/07/01 09:30:00,,EQ-A040,9003,佐藤 次郎,0,53,98.1,0,0.0,2026/07/01 08:30:00,2026/07/01 09:24:45,,,,,,完了,2026/07/01 09:24:45
CASE-PO-000671,CASE-PN-000671,1,CASE-PO-000671_1,部品準備,A010,MB000101,MG001,WC000051,100,45,10,55,2026/05/11 08:30:00,2026/05/11 09:25:00,,EQ-A010,9001,山田 太郎,10,99,99.0,1,1.0,2026/05/11 08:30:00,2026/05/11 09:23:42,,,,,,完了,2026/05/11 09:23:42
CASE-PO-000671,CASE-PN-000671,2,CASE-PO-000671_2,一次組立,A020,MB000101,MG001,WC000052,100,180,25,205,2026/05/11 16:17:31,2026/05/12 10:42:00,,EQ-A020,9001,山田 太郎,25,97,97.0,1,1.0,2026/05/11 16:17:31,2026/05/12 10:10:48,,,,,,完了,2026/05/12 10:10:48
CASE-PO-000671,CASE-PN-000671,3,CASE-PO-000671_3,二次組立,A030,MB000101,MG001,WC000053,100,150,20,170,2026/05/12 13:03:15,2026/05/12 15:53:15,,EQ-A030,9001,山田 太郎,20,99,99.0,1,1.0,2026/05/12 13:03:15,2026/05/12 15:59:32,,,,,,完了,2026/05/12 15:59:32
CASE-PO-000671,CASE-PN-000671,4,CASE-PO-000671_4,完成検査,A040,MB000101,MG001,WC000054,100,60,0,60,2026/05/12 20:12:40,2026/05/13 09:30:00,,EQ-A040,9001,山田 太郎,0,99,99.0,1,1.0,2026/05/13 08:30:00,2026/05/13 09:29:51,,,,,,完了,2026/05/13 09:29:51
CASE-PO-000672,CASE-PN-000672,1,CASE-PO-000672_1,部品準備,A010,MB000103,MG001,WC000051,37,45,10,55,2026/05/25 08:30:00,2026/05/25 09:25:00,,EQ-A010,9004,田中 三郎,10,36,97.3,0,0.0,2026/05/25 08:30:00,2026/05/25 09:15:16,,,,,,完了,2026/05/25 09:15:16
CASE-PO-000672,CASE-PN-000672,2,CASE-PO-000672_2,一次組立,A020,MB000103,MG001,WC000052,37,180,25,205,2026/05/25 15:48:02,2026/05/26 10:13:00,,EQ-A020,9004,田中 三郎,25,37,100.0,0,0.0,2026/05/25 15:48:02,2026/05/26 09:54:58,,,,,,完了,2026/05/26 09:54:58
CASE-PO-000672,CASE-PN-000672,3,CASE-PO-000672_3,二次組立,A030,MB000103,MG001,WC000053,37,150,20,170,2026/05/26 19:14:53,2026/05/27 11:20:00,,EQ-A030,9004,田中 三郎,20,37,100.0,0,0.0,2026/05/27 08:30:00,2026/05/27 10:37:39,,,,,,完了,2026/05/27 10:37:39
CASE-PO-000672,CASE-PN-000672,4,CASE-PO-000672_4,完成検査,A040,MB000103,MG001,WC000054,37,60,0,60,2026/05/27 15:14:03,2026/05/27 16:14:03,,EQ-A040,9004,田中 三郎,0,36,97.3,0,0.0,2026/05/27 15:14:03,2026/05/27 16:13:00,,,,,,完了,2026/05/27 16:13:00
CASE-PO-000673,CASE-PN-000673,1,CASE-PO-000673_1,部品準備,A010,MB000103,MG001,WC000051,37,45,10,55,2026/05/14 08:30:00,2026/05/14 09:25:00,,EQ-A010,9004,田中 三郎,10,36,97.3,0,0.0,2026/05/14 08:30:00,2026/05/14 09:08:50,,,,,,完了,2026/05/14 09:08:50
CASE-PO-000673,CASE-PN-000673,2,CASE-PO-000673_2,一次組立,A020,MB000103,MG001,WC000052,37,180,25,205,2026/05/14 12:08:49,2026/05/14 15:33:49,,EQ-A020,9004,田中 三郎,25,36,97.3,0,0.0,2026/05/14 12:08:49,2026/05/14 15:28:01,,,,,,完了,2026/05/14 15:28:01
CASE-PO-000673,CASE-PN-000673,3,CASE-PO-000673_3,二次組立,A030,MB000103,MG001,WC000053,37,150,20,170,2026/05/14 19:51:04,2026/05/15 11:20:00,,EQ-A030,9004,田中 三郎,20,36,97.3,1,2.7,2026/05/15 08:30:00,2026/05/15 10:59:05,,,,,,完了,2026/05/15 10:59:05
CASE-PO-000673,CASE-PN-000673,4,CASE-PO-000673_4,完成検査,A040,MB000103,MG001,WC000054,37,60,0,60,2026/05/15 13:54:41,2026/05/15 14:54:41,,EQ-A040,9004,田中 三郎,0,36,97.3,1,2.7,2026/05/15 13:54:41,2026/05/15 15:01:58,,,,,,完了,2026/05/15 15:01:58
CASE-PO-000674,CASE-PN-000674,1,CASE-PO-000674_1,部品準備,A010,MB000102,MG001,WC000051,140,45,10,55,2026/06/08 08:30:00,2026/06/08 09:25:00,,EQ-A010,9002,鈴木 花子,10,138,98.6,1,0.7,2026/06/08 08:30:00,2026/06/08 09:18:23,,,,,,完了,2026/06/08 09:18:23
CASE-PO-000674,CASE-PN-000674,2,CASE-PO-000674_2,一次組立,A020,MB000102,MG001,WC000052,140,180,25,205,2026/06/08 10:28:39,2026/06/08 13:53:39,,EQ-A020,9002,鈴木 花子,25,138,98.6,0,0.0,2026/06/08 10:28:39,2026/06/08 13:02:29,,,,,,完了,2026/06/08 13:02:29
CASE-PO-000674,CASE-PN-000674,3,CASE-PO-000674_3,二次組立,A030,MB000102,MG001,WC000053,140,150,20,170,2026/06/09 00:48:16,2026/06/09 11:20:00,,EQ-A030,9002,鈴木 花子,20,139,99.3,2,1.4,2026/06/09 08:30:00,2026/06/09 11:30:43,,,,,,完了,2026/06/09 11:30:43
CASE-PO-000674,CASE-PN-000674,4,CASE-PO-000674_4,完成検査,A040,MB000102,MG001,WC000054,140,60,0,60,2026/06/09 12:30:54,2026/06/09 13:30:54,,EQ-A040,9002,鈴木 花子,0,139,99.3,1,0.7,2026/06/09 12:30:54,2026/06/09 13:43:38,,,,,,完了,2026/06/09 13:43:38
CASE-PO-000675,CASE-PN-000675,1,CASE-PO-000675_1,部品準備,A010,MB000103,MG001,WC000051,78,45,10,55,2026/06/29 08:30:00,2026/06/29 09:25:00,,EQ-A010,9005,高橋 四郎,10,78,100.0,1,1.3,2026/06/29 08:30:00,2026/06/29 09:09:48,,,,,,完了,2026/06/29 09:09:48
CASE-PO-000675,CASE-PN-000675,2,CASE-PO-000675_2,一次組立,A020,MB000103,MG001,WC000052,78,180,25,205,2026/06/29 11:26:59,2026/06/29 14:51:59,,EQ-A020,9005,高橋 四郎,25,78,100.0,1,1.3,2026/06/29 11:26:59,2026/06/29 14:27:01,,,,,,完了,2026/06/29 14:27:01
CASE-PO-000675,CASE-PN-000675,3,CASE-PO-000675_3,二次組立,A030,MB000103,MG001,WC000053,78,150,20,170,2026/06/30 00:23:44,2026/06/30 11:20:00,,EQ-A030,9005,高橋 四郎,20,76,97.4,0,0.0,2026/06/30 08:30:00,2026/06/30 10:38:27,,,,,,完了,2026/06/30 10:38:27
CASE-PO-000675,CASE-PN-000675,4,CASE-PO-000675_4,完成検査,A040,MB000103,MG001,WC000054,78,60,0,60,2026/06/30 16:19:44,2026/06/30 17:19:44,,EQ-A040,9005,高橋 四郎,0,78,100.0,1,1.3,2026/06/30 16:19:44,2026/06/30 17:23:07,,,,,,完了,2026/06/30 17:23:07
CASE-PO-000676,CASE-PN-000676,1,CASE-PO-000676_1,部品準備,A010,MB000102,MG001,WC000051,170,45,10,55,2026/05/11 08:30:00,2026/05/11 09:25:00,,EQ-A010,9005,高橋 四郎,10,166,97.6,3,1.8,2026/05/11 08:30:00,2026/05/11 09:10:36,,,,,,完了,2026/05/11 09:10:36
CASE-PO-000676,CASE-PN-000676,2,CASE-PO-000676_2,一次組立,A020,MB000102,MG001,WC000052,170,180,25,205,2026/05/11 15:55:14,2026/05/12 10:20:00,,EQ-A020,9005,高橋 四郎,25,170,100.0,1,0.6,2026/05/11 15:55:14,2026/05/12 09:42:06,,,,,,完了,2026/05/12 09:42:06
CASE-PO-000676,CASE-PN-000676,3,CASE-PO-000676_3,二次組立,A030,MB000102,MG001,WC000053,170,150,20,170,2026/05/12 18:03:38,2026/05/13 11:20:00,,EQ-A030,9005,高橋 四郎,20,167,98.2,1,0.6,2026/05/13 08:30:00,2026/05/13 11:32:40,,,,,,完了,2026/05/13 11:32:40
CASE-PO-000676,CASE-PN-000676,4,CASE-PO-000676_4,完成検査,A040,MB000102,MG001,WC000054,170,60,0,60,2026/05/13 14:59:52,2026/05/13 15:59:52,,EQ-A040,9005,高橋 四郎,0,168,98.8,3,1.8,2026/05/13 14:59:52,2026/05/13 15:59:33,,,,,,完了,2026/05/13 15:59:33
CASE-PO-000677,CASE-PN-000677,1,CASE-PO-000677_1,部品準備,A010,MB000101,MG001,WC000051,117,45,10,55,2026/05/13 08:30:00,2026/05/13 09:25:00,,EQ-A010,9003,佐藤 次郎,10,116,99.1,1,0.9,2026/05/13 08:30:00,2026/05/13 09:19:02,,,,,,完了,2026/05/13 09:19:02
CASE-PO-000677,CASE-PN-000677,2,CASE-PO-000677_2,一次組立,A020,MB000101,MG001,WC000052,117,180,25,205,2026/05/13 11:32:07,2026/05/13 14:57:07,,EQ-A020,9003,佐藤 次郎,25,116,99.1,0,0.0,2026/05/13 11:32:07,2026/05/13 14:41:35,,,,,,完了,2026/05/13 14:41:35
CASE-PO-000677,CASE-PN-000677,3,CASE-PO-000677_3,二次組立,A030,MB000101,MG001,WC000053,117,150,20,170,2026/05/13 20:40:00,2026/05/14 11:20:00,,EQ-A030,9003,佐藤 次郎,20,115,98.3,1,0.9,2026/05/14 08:30:00,2026/05/14 10:43:05,,,,,,完了,2026/05/14 10:43:05
CASE-PO-000677,CASE-PN-000677,4,CASE-PO-000677_4,完成検査,A040,MB000101,MG001,WC000054,117,60,0,60,2026/05/14 16:42:27,2026/05/15 08:42:00,,EQ-A040,9003,佐藤 次郎,0,116,99.1,2,1.7,2026/05/14 16:42:27,2026/05/15 08:37:26,,,,,,完了,2026/05/15 08:37:26
CASE-PO-000678,CASE-PN-000678,1,CASE-PO-000678_1,部品準備,A010,MB000101,MG001,WC000051,114,45,10,55,2026/05/19 08:30:00,2026/05/19 09:25:00,,EQ-A010,9004,田中 三郎,10,111,97.4,2,1.8,2026/05/19 08:30:00,2026/05/19 09:16:35,,,,,,完了,2026/05/19 09:16:35
CASE-PO-000678,CASE-PN-000678,2,CASE-PO-000678_2,一次組立,A020,MB000101,MG001,WC000052,114,180,25,205,2026/05/19 12:45:38,2026/05/19 16:10:38,,EQ-A020,9004,田中 三郎,25,112,98.2,0,0.0,2026/05/19 12:45:38,2026/05/19 16:09:01,,,,,,完了,2026/05/19 16:09:01
CASE-PO-000678,CASE-PN-000678,3,CASE-PO-000678_3,二次組立,A030,MB000101,MG001,WC000053,114,150,20,170,2026/05/19 21:16:52,2026/05/20 11:20:00,,EQ-A030,9004,田中 三郎,20,112,98.2,0,0.0,2026/05/20 08:30:00,2026/05/20 11:26:58,,,,,,完了,2026/05/20 11:26:58
CASE-PO-000678,CASE-PN-000678,4,CASE-PO-000678_4,完成検査,A040,MB000101,MG001,WC000054,114,60,0,60,2026/05/20 17:06:03,2026/05/21 09:06:00,,EQ-A040,9004,田中 三郎,0,112,98.2,0,0.0,2026/05/20 17:06:03,2026/05/21 08:58:48,,,,,,完了,2026/05/21 08:58:48
CASE-PO-000679,CASE-PN-000679,1,CASE-PO-000679_1,部品準備,A010,MB000102,MG001,WC000051,108,45,10,55,2026/05/28 08:30:00,2026/05/28 09:25:00,,EQ-A010,9001,山田 太郎,10,106,98.1,1,0.9,2026/05/28 08:30:00,2026/05/28 09:16:49,,,,,,完了,2026/05/28 09:16:49
CASE-PO-000679,CASE-PN-000679,2,CASE-PO-000679_2,一次組立,A020,MB000102,MG001,WC000052,108,180,25,205,2026/05/28 14:50:05,2026/05/29 09:15:00,,EQ-A020,9001,山田 太郎,25,107,99.1,0,0.0,2026/05/28 14:50:05,2026/05/29 08:30:37,,,,,,完了,2026/05/29 08:30:37
CASE-PO-000679,CASE-PN-000679,3,CASE-PO-000679_3,二次組立,A030,MB000102,MG001,WC000053,108,150,20,170,2026/05/29 12:01:19,2026/05/29 14:51:19,,EQ-A030,9001,山田 太郎,20,106,98.1,1,0.9,2026/05/29 12:01:19,2026/05/29 14:41:51,,,,,,完了,2026/05/29 14:41:51
CASE-PO-000679,CASE-PN-000679,4,CASE-PO-000679_4,完成検査,A040,MB000102,MG001,WC000054,108,60,0,60,2026/05/29 17:10:20,2026/06/01 09:10:00,,EQ-A040,9001,山田 太郎,0,107,99.1,2,1.9,2026/05/29 17:10:20,2026/06/01 09:03:48,,,,,,完了,2026/06/01 09:03:48
CASE-PO-000680,CASE-PN-000680,1,CASE-PO-000680_1,部品準備,A010,MB000101,MG001,WC000051,51,45,10,55,2026/05/11 08:30:00,2026/05/11 09:25:00,,EQ-A010,9001,山田 太郎,10,50,98.0,1,2.0,2026/05/11 08:30:00,2026/05/11 09:19:01,,,,,,完了,2026/05/11 09:19:01
CASE-PO-000680,CASE-PN-000680,2,CASE-PO-000680_2,一次組立,A020,MB000101,MG001,WC000052,51,180,25,205,2026/05/11 15:59:24,2026/05/12 10:24:00,,EQ-A020,9001,山田 太郎,25,50,98.0,1,2.0,2026/05/11 15:59:24,2026/05/12 10:01:01,,,,,,完了,2026/05/12 10:01:01
CASE-PO-000680,CASE-PN-000680,3,CASE-PO-000680_3,二次組立,A030,MB000101,MG001,WC000053,51,150,20,170,2026/05/12 16:59:05,2026/05/13 10:49:00,,EQ-A030,9001,山田 太郎,,,,,,2026/05/12 16:59:05,,,,,,,生産中,2026/05/13 10:49:00
CASE-PO-000680,CASE-PN-000680,4,CASE-PO-000680_4,完成検査,A040,MB000101,MG001,WC000054,51,60,0,60,2026/05/13 15:41:08,2026/05/13 16:41:08,,EQ-A040,9001,山田 太郎,,,,,,,,,,,,,開始待ち,2026/05/13 16:41:08
CASE-PO-000681,CASE-PN-000681,1,CASE-PO-000681_1,部品準備,A010,MB000101,MG001,WC000051,102,45,10,55,2026/06/22 08:30:00,2026/06/22 09:25:00,,EQ-A010,9002,鈴木 花子,10,100,98.0,1,1.0,2026/06/22 08:30:00,2026/06/22 09:15:37,,,,,,完了,2026/06/22 09:15:37
CASE-PO-000681,CASE-PN-000681,2,CASE-PO-000681_2,一次組立,A020,MB000101,MG001,WC000052,102,180,25,205,2026/06/22 11:29:27,2026/06/22 14:54:27,,EQ-A020,9002,鈴木 花子,25,101,99.0,2,2.0,2026/06/22 11:29:27,2026/06/22 14:24:06,,,,,,完了,2026/06/22 14:24:06
CASE-PO-000681,CASE-PN-000681,3,CASE-PO-000681_3,二次組立,A030,MB000101,MG001,WC000053,102,150,20,170,2026/06/23 01:15:23,2026/06/23 11:20:00,,EQ-A030,9002,鈴木 花子,20,100,98.0,1,1.0,2026/06/23 08:30:00,2026/06/23 11:30:41,,,,,,完了,2026/06/23 11:30:41
CASE-PO-000681,CASE-PN-000681,4,CASE-PO-000681_4,完成検査,A040,MB000101,MG001,WC000054,102,60,0,60,2026/06/23 15:10:13,2026/06/23 16:10:13,,EQ-A040,9002,鈴木 花子,0,100,98.0,1,1.0,2026/06/23 15:10:13,2026/06/23 16:06:05,,,,,,完了,2026/06/23 16:06:05
CASE-PO-000682,CASE-PN-000682,1,CASE-PO-000682_1,部品準備,A010,MB000103,MG001,WC000051,69,45,10,55,2026/06/25 08:30:00,2026/06/25 09:25:00,,EQ-A010,9004,田中 三郎,10,69,100.0,0,0.0,2026/06/25 08:30:00,2026/06/25 09:24:12,,,,,,完了,2026/06/25 09:24:12
CASE-PO-000682,CASE-PN-000682,2,CASE-PO-000682_2,一次組立,A020,MB000103,MG001,WC000052,69,180,25,205,2026/06/25 15:17:20,2026/06/26 09:42:00,,EQ-A020,9004,田中 三郎,25,68,98.6,1,1.4,2026/06/25 15:17:20,2026/06/26 08:51:38,,,,,,完了,2026/06/26 08:51:38
CASE-PO-000682,CASE-PN-000682,3,CASE-PO-000682_3,二次組立,A030,MB000103,MG001,WC000053,69,150,20,170,2026/06/26 14:22:06,2026/06/26 17:12:06,,EQ-A030,9004,田中 三郎,20,68,98.6,1,1.4,2026/06/26 14:22:06,2026/06/26 16:57:19,,,,,,完了,2026/06/26 16:57:19
CASE-PO-000682,CASE-PN-000682,4,CASE-PO-000682_4,完成検査,A040,MB000103,MG001,WC000054,69,60,0,60,2026/06/26 21:43:58,2026/06/29 09:30:00,,EQ-A040,9004,田中 三郎,0,68,98.6,0,0.0,2026/06/29 08:30:00,2026/06/29 09:24:43,,,,,,完了,2026/06/29 09:24:43
CASE-PO-000683,CASE-PN-000683,1,CASE-PO-000683_1,部品準備,A010,MB000101,MG001,WC000051,89,45,10,55,2026/06/11 08:30:00,2026/06/11 09:25:00,,EQ-A010,9004,田中 三郎,10,87,97.8,1,1.1,2026/06/11 08:30:00,2026/06/11 09:21:11,,,,,,完了,2026/06/11 09:21:11
CASE-PO-000683,CASE-PN-000683,2,CASE-PO-000683_2,一次組立,A020,MB000101,MG001,WC000052,89,180,25,205,2026/06/11 11:31:43,2026/06/11 14:56:43,,EQ-A020,9004,田中 三郎,25,86,96.6,1,1.1,2026/06/11 11:31:43,2026/06/11 14:29:32,,,,,,完了,2026/06/11 14:29:32
CASE-PO-000683,CASE-PN-000683,3,CASE-PO-000683_3,二次組立,A030,MB000101,MG001,WC000053,89,150,20,170,2026/06/11 17:20:33,2026/06/12 11:10:00,,EQ-A030,9004,田中 三郎,20,89,100.0,1,1.1,2026/06/11 17:20:33,2026/06/12 10:55:01,,,,,,完了,2026/06/12 10:55:01
CASE-PO-000683,CASE-PN-000683,4,CASE-PO-000683_4,完成検査,A040,MB000101,MG001,WC000054,89,60,0,60,2026/06/12 12:04:21,2026/06/12 13:04:21,,EQ-A040,9004,田中 三郎,0,89,100.0,1,1.1,2026/06/12 12:04:21,2026/06/12 13:08:31,,,,,,完了,2026/06/12 13:08:31
CASE-PO-000684,CASE-PN-000684,1,CASE-PO-000684_1,部品準備,A010,MB000102,MG001,WC000051,175,45,10,55,2026/05/26 08:30:00,2026/05/26 09:25:00,,EQ-A010,9003,佐藤 次郎,10,170,97.1,3,1.7,2026/05/26 08:30:00,2026/05/26 09:12:13,,,,,,完了,2026/05/26 09:12:13
CASE-PO-000684,CASE-PN-000684,2,CASE-PO-000684_2,一次組立,A020,MB000102,MG001,WC000052,175,180,25,205,2026/05/26 17:08:28,2026/05/27 11:33:00,,EQ-A020,9003,佐藤 次郎,25,171,97.7,2,1.1,2026/05/26 17:08:28,2026/05/27 10:47:04,,,,,,完了,2026/05/27 10:47:04
CASE-PO-000684,CASE-PN-000684,3,CASE-PO-000684_3,二次組立,A030,MB000102,MG001,WC000053,175,150,20,170,2026/05/27 18:05:04,2026/05/28 11:20:00,,EQ-A030,9003,佐藤 次郎,20,172,98.3,3,1.7,2026/05/28 08:30:00,2026/05/28 11:12:51,,,,,,完了,2026/05/28 11:12:51
CASE-PO-000684,CASE-PN-000684,4,CASE-PO-000684_4,完成検査,A040,MB000102,MG001,WC000054,175,60,0,60,2026/05/28 17:32:45,2026/05/29 09:30:00,,EQ-A040,9003,佐藤 次郎,0,174,99.4,1,0.6,2026/05/29 08:30:00,2026/05/29 09:44:16,,,,,,完了,2026/05/29 09:44:16
CASE-PO-000685,CASE-PN-000685,1,CASE-PO-000685_1,部品準備,A010,MB000103,MG001,WC000051,84,45,10,55,2026/07/02 08:30:00,2026/07/02 09:25:00,,EQ-A010,9001,山田 太郎,10,84,100.0,1,1.2,2026/07/02 08:30:00,2026/07/02 09:16:38,,,,,,完了,2026/07/02 09:16:38
CASE-PO-000685,CASE-PN-000685,2,CASE-PO-000685_2,一次組立,A020,MB000103,MG001,WC000052,84,180,25,205,2026/07/02 14:30:56,2026/07/03 08:55:00,,EQ-A020,9001,山田 太郎,25,83,98.8,0,0.0,2026/07/02 14:30:56,2026/07/03 09:12:27,,,,,,完了,2026/07/03 09:12:27
CASE-PO-000685,CASE-PN-000685,3,CASE-PO-000685_3,二次組立,A030,MB000103,MG001,WC000053,84,150,20,170,2026/07/03 13:45:01,2026/07/03 16:35:01,,EQ-A030,9001,山田 太郎,20,82,97.6,1,1.2,2026/07/03 13:45:01,2026/07/03 15:58:35,,,,,,完了,2026/07/03 15:58:35
CASE-PO-000685,CASE-PN-000685,4,CASE-PO-000685_4,完成検査,A040,MB000103,MG001,WC000054,84,60,0,60,2026/07/03 18:39:00,2026/07/06 09:30:00,,EQ-A040,9001,山田 太郎,0,83,98.8,1,1.2,2026/07/06 08:30:00,2026/07/06 09:44:30,,,,,,完了,2026/07/06 09:44:30
CASE-PO-000686,CASE-PN-000686,1,CASE-PO-000686_1,部品準備,A010,MB000102,MG001,WC000051,118,45,10,55,2026/05/26 08:30:00,2026/05/26 09:25:00,,EQ-A010,9001,山田 太郎,10,117,99.2,0,0.0,2026/05/26 08:30:00,2026/05/26 09:24:07,,,,,,完了,2026/05/26 09:24:07
CASE-PO-000686,CASE-PN-000686,2,CASE-PO-000686_2,一次組立,A020,MB000102,MG001,WC000052,118,180,25,205,2026/05/26 11:25:58,2026/05/26 14:50:58,,EQ-A020,9001,山田 太郎,25,116,98.3,2,1.7,2026/05/26 11:25:58,2026/05/26 14:15:38,,,,,,完了,2026/05/26 14:15:38
CASE-PO-000686,CASE-PN-000686,3,CASE-PO-000686_3,二次組立,A030,MB000102,MG001,WC000053,118,150,20,170,2026/05/27 01:28:10,2026/05/27 11:20:00,,EQ-A030,9001,山田 太郎,20,115,97.5,0,0.0,2026/05/27 08:30:00,2026/05/27 10:55:37,,,,,,完了,2026/05/27 10:55:37
CASE-PO-000686,CASE-PN-000686,4,CASE-PO-000686_4,完成検査,A040,MB000102,MG001,WC000054,118,60,0,60,2026/05/27 17:08:41,2026/05/28 09:08:00,,EQ-A040,9001,山田 太郎,0,116,98.3,2,1.7,2026/05/27 17:08:41,2026/05/28 09:13:52,,,,,,完了,2026/05/28 09:13:52
CASE-PO-000687,CASE-PN-000687,1,CASE-PO-000687_1,部品準備,A010,MB000101,MG001,WC000051,97,45,10,55,2026/05/07 08:30:00,2026/05/07 09:25:00,,EQ-A010,9004,田中 三郎,10,95,97.9,1,1.0,2026/05/07 08:30:00,2026/05/07 09:14:22,,,,,,完了,2026/05/07 09:14:22
CASE-PO-000687,CASE-PN-000687,2,CASE-PO-000687_2,一次組立,A020,MB000101,MG001,WC000052,97,180,25,205,2026/05/07 14:05:47,2026/05/07 17:30:47,,EQ-A020,9004,田中 三郎,25,94,96.9,1,1.0,2026/05/07 14:05:47,2026/05/08 08:44:46,,,,,,完了,2026/05/08 08:44:46
CASE-PO-000687,CASE-PN-000687,3,CASE-PO-000687_3,二次組立,A030,MB000101,MG001,WC000053,97,150,20,170,2026/05/08 18:01:52,2026/05/11 11:20:00,,EQ-A030,9004,田中 三郎,20,97,100.0,1,1.0,,2026/05/11 10:41:58,,,,,,完了,2026/05/11 10:41:58
CASE-PO-000687,CASE-PN-000687,4,CASE-PO-000687_4,完成検査,A040,MB000101,MG001,WC000054,97,60,0,60,2026/05/11 11:47:55,2026/05/11 12:47:55,,EQ-A040,9004,田中 三郎,0,96,99.0,1,1.0,2026/05/11 11:47:55,2026/05/11 12:58:13,,,,,,完了,2026/05/11 12:58:13
CASE-PO-000688,CASE-PN-000688,1,CASE-PO-000688_1,部品準備,A010,MB000102,MG001,WC000051,169,45,10,55,2026/07/06 08:30:00,2026/07/06 09:25:00,,EQ-A010,9002,鈴木 花子,10,164,97.0,2,1.2,2026/07/06 08:30:00,2026/07/06 09:16:09,,,,,,完了,2026/07/06 09:16:09
CASE-PO-000688,CASE-PN-000688,2,CASE-PO-000688_2,一次組立,A020,MB000102,MG001,WC000052,169,180,25,205,2026/07/06 12:45:19,2026/07/06 16:10:19,,EQ-A020,9002,鈴木 花子,25,168,99.4,0,0.0,2026/07/06 12:45:19,2026/07/06 15:18:22,,,,,,完了,2026/07/06 15:18:22
CASE-PO-000688,CASE-PN-000688,3,CASE-PO-000688_3,二次組立,A030,MB000102,MG001,WC000053,169,150,20,170,2026/07/06 22:08:02,2026/07/07 11:20:00,,EQ-A030,9002,鈴木 花子,20,164,97.0,1,0.6,2026/07/07 08:30:00,2026/07/07 10:52:23,,,,,,完了,2026/07/07 10:52:23
CASE-PO-000688,CASE-PN-000688,4,CASE-PO-000688_4,完成検査,A040,MB000102,MG001,WC000054,169,60,0,60,2026/07/07 19:27:58,2026/07/08 09:30:00,,EQ-A040,9002,鈴木 花子,0,165,97.6,1,0.6,2026/07/08 08:30:00,2026/07/08 09:31:45,,,,,,完了,2026/07/08 09:31:45
CASE-PO-000689,CASE-PN-000689,1,CASE-PO-000689_1,部品準備,A010,MB000102,MG001,WC000051,178,45,10,55,2026/07/06 08:30:00,2026/07/06 09:25:00,,EQ-A010,9001,山田 太郎,10,175,98.3,0,0.0,2026/07/06 08:30:00,2026/07/06 09:13:00,,,,,,完了,2026/07/06 09:13:00
CASE-PO-000689,CASE-PN-000689,2,CASE-PO-000689_2,一次組立,A020,MB000102,MG001,WC000052,178,180,25,205,2026/07/06 13:52:39,2026/07/06 17:17:39,,EQ-A020,9001,山田 太郎,25,173,97.2,1,0.6,2026/07/06 13:52:39,2026/07/07 08:35:37,,,,,,完了,2026/07/07 08:35:37
CASE-PO-000689,CASE-PN-000689,3,CASE-PO-000689_3,二次組立,A030,MB000102,MG001,WC000053,178,150,20,170,2026/07/07 13:24:14,2026/07/07 16:14:14,,EQ-A030,9001,山田 太郎,20,176,98.9,2,1.1,2026/07/07 13:24:14,2026/07/07 16:23:29,,,,,,完了,2026/07/07 16:23:29
CASE-PO-000689,CASE-PN-000689,4,CASE-PO-000689_4,完成検査,A040,MB000102,MG001,WC000054,178,60,0,60,2026/07/07 21:54:05,2026/07/08 09:30:00,,EQ-A040,9001,山田 太郎,0,175,98.3,2,1.1,2026/07/08 08:30:00,2026/07/08 09:26:09,,,,,,完了,2026/07/08 09:26:09
CASE-PO-000690,CASE-PN-000690,1,CASE-PO-000690_1,部品準備,A010,MB000101,MG001,WC000051,54,45,10,55,2026/06/03 08:30:00,2026/06/03 09:25:00,,EQ-A010,9004,田中 三郎,10,53,98.1,0,0.0,2026/06/03 08:30:00,2026/06/03 09:18:43,,,,,,完了,2026/06/03 09:18:43
CASE-PO-000690,CASE-PN-000690,2,CASE-PO-000690_2,一次組立,A020,MB000101,MG001,WC000052,54,180,25,205,2026/06/03 15:19:26,2026/06/04 09:44:00,,EQ-A020,9004,田中 三郎,25,53,98.1,1,1.9,2026/06/03 15:19:26,2026/06/04 09:58:35,,,,,,完了,2026/06/04 09:58:35
CASE-PO-000690,CASE-PN-000690,3,CASE-PO-000690_3,二次組立,A030,MB000101,MG001,WC000053,54,150,20,170,2026/06/04 17:48:14,2026/06/05 11:20:00,,EQ-A030,9004,田中 三郎,20,53,98.1,1,1.9,2026/06/05 08:30:00,2026/06/05 11:01:43,,,,,,完了,2026/06/05 11:01:43
CASE-PO-000690,CASE-PN-000690,4,CASE-PO-000690_4,完成検査,A040,MB000101,MG001,WC000054,54,60,0,60,2026/06/05 18:32:48,2026/06/08 09:30:00,,EQ-A040,9004,田中 三郎,0,54,100.0,0,0.0,2026/06/08 08:30:00,2026/06/08 09:36:33,,,,,,完了,2026/06/08 09:36:33
CASE-PO-000691,CASE-PN-000691,1,CASE-PO-000691_1,部品準備,A010,MB000103,MG001,WC000051,85,45,10,55,2026/06/17 08:30:00,2026/06/17 09:25:00,,EQ-A010,9002,鈴木 花子,10,84,98.8,1,1.2,2026/06/17 08:30:00,2026/06/17 09:12:54,,,,,,完了,2026/06/17 09:12:54
CASE-PO-000691,CASE-PN-000691,2,CASE-PO-000691_2,一次組立,A020,MB000103,MG001,WC000052,85,180,25,205,2026/06/17 15:53:08,2026/06/18 10:18:00,,EQ-A020,9002,鈴木 花子,25,85,100.0,1,1.2,2026/06/17 15:53:08,2026/06/18 09:56:09,,,,,,完了,2026/06/18 09:56:09
CASE-PO-000691,CASE-PN-000691,3,CASE-PO-000691_3,二次組立,A030,MB000103,MG001,WC000053,85,150,20,170,2026/06/18 15:02:54,2026/06/19 08:52:00,,EQ-A030,9002,鈴木 花子,20,83,97.6,1,1.2,2026/06/18 15:02:54,2026/06/18 17:23:44,,,,,,完了,2026/06/18 17:23:44
CASE-PO-000691,CASE-PN-000691,4,CASE-PO-000691_4,完成検査,A040,MB000103,MG001,WC000054,85,60,0,60,2026/06/18 20:21:55,2026/06/19 09:30:00,,EQ-A040,9002,鈴木 花子,0,85,100.0,2,2.4,2026/06/19 08:30:00,2026/06/19 09:41:54,,,,,,完了,2026/06/19 09:41:54
CASE-PO-000692,CASE-PN-000692,1,CASE-PO-000692_1,部品準備,A010,MB000101,MG001,WC000051,66,45,10,55,2026/06/01 08:30:00,2026/06/01 09:25:00,,EQ-A010,9003,佐藤 次郎,10,64,97.0,1,1.5,2026/06/01 08:30:00,2026/06/01 09:17:26,,,,,,完了,2026/06/01 09:17:26
CASE-PO-000692,CASE-PN-000692,2,CASE-PO-000692_2,一次組立,A020,MB000101,MG001,WC000052,66,180,25,205,2026/06/01 13:33:02,2026/06/01 16:58:02,,EQ-A020,9003,佐藤 次郎,25,66,100.0,1,1.5,2026/06/01 13:33:02,2026/06/01 16:26:06,,,,,,完了,2026/06/01 16:26:06
CASE-PO-000692,CASE-PN-000692,3,CASE-PO-000692_3,二次組立,A030,MB000101,MG001,WC000053,66,150,20,170,2026/06/01 18:45:40,2026/06/02 11:20:00,,EQ-A030,9003,佐藤 次郎,20,64,97.0,0,0.0,2026/06/02 08:30:00,2026/06/02 11:21:35,,,,,,完了,2026/06/02 11:21:35
CASE-PO-000692,CASE-PN-000692,4,CASE-PO-000692_4,完成検査,A040,MB000101,MG001,WC000054,66,60,0,60,2026/06/02 18:20:54,2026/06/03 09:30:00,,EQ-A040,9003,佐藤 次郎,0,65,98.5,1,1.5,2026/06/03 08:30:00,2026/06/03 09:38:53,,,,,,完了,2026/06/03 09:38:53
CASE-PO-000693,CASE-PN-000693,1,CASE-PO-000693_1,部品準備,A010,MB000102,MG001,WC000051,63,45,10,55,2026/05/15 08:30:00,2026/05/15 09:25:00,,EQ-A010,9004,田中 三郎,10,63,100.0,1,1.6,2026/05/15 08:30:00,2026/05/15 09:14:02,,,,,,完了,2026/05/15 09:14:02
CASE-PO-000693,CASE-PN-000693,2,CASE-PO-000693_2,一次組立,A020,MB000102,MG001,WC000052,63,180,25,205,2026/05/15 11:08:54,2026/05/15 14:33:54,,EQ-A020,9004,田中 三郎,25,62,98.4,0,0.0,2026/05/15 11:08:54,2026/05/15 14:53:07,,,,,,完了,2026/05/15 14:53:07
CASE-PO-000693,CASE-PN-000693,3,CASE-PO-000693_3,二次組立,A030,MB000102,MG001,WC000053,63,150,20,170,2026/05/15 22:01:58,2026/05/18 11:20:00,,EQ-A030,9004,田中 三郎,20,62,98.4,1,1.6,2026/05/18 08:30:00,2026/05/18 10:59:25,,,,,,完了,2026/05/18 10:59:25
CASE-PO-000693,CASE-PN-000693,4,CASE-PO-000693_4,完成検査,A040,MB000102,MG001,WC000054,63,60,0,60,2026/05/18 20:43:31,2026/05/19 09:30:00,,EQ-A040,9004,田中 三郎,0,62,98.4,1,1.6,2026/05/19 08:30:00,2026/05/19 09:25:40,,,,,,完了,2026/05/19 09:25:40
CASE-PO-000694,CASE-PN-000694,1,CASE-PO-000694_1,部品準備,A010,MB000102,MG001,WC000051,142,45,10,55,2026/06/02 08:30:00,2026/06/02 09:25:00,,EQ-A010,9005,高橋 四郎,10,139,97.9,1,0.7,2026/06/02 08:30:00,2026/06/02 09:11:14,,,,,,完了,2026/06/02 09:11:14
CASE-PO-000694,CASE-PN-000694,2,CASE-PO-000694_2,一次組立,A020,MB000102,MG001,WC000052,142,180,25,205,2026/06/02 15:17:01,2026/06/03 09:42:00,,EQ-A020,9005,高橋 四郎,25,140,98.6,1,0.7,2026/06/02 15:17:01,2026/06/03 09:46:46,,,,,,完了,2026/06/03 09:46:46
CASE-PO-000694,CASE-PN-000694,3,CASE-PO-000694_3,二次組立,A030,MB000102,MG001,WC000053,142,150,20,170,2026/06/03 15:10:53,2026/06/04 09:00:00,,EQ-A030,9005,高橋 四郎,,,,,,2026/06/03 15:10:53,,,,,,,生産中,2026/06/04 09:00:00
CASE-PO-000694,CASE-PN-000694,4,CASE-PO-000694_4,完成検査,A040,MB000102,MG001,WC000054,142,60,0,60,2026/06/04 13:05:13,2026/06/04 14:05:13,,EQ-A040,9005,高橋 四郎,,,,,,,,,,,,,開始待ち,2026/06/04 14:05:13
CASE-PO-000695,CASE-PN-000695,1,CASE-PO-000695_1,部品準備,A010,MB000101,MG001,WC000051,117,45,10,55,2026/06/05 08:30:00,2026/06/05 09:25:00,,EQ-A010,9002,鈴木 花子,10,115,98.3,2,1.7,2026/06/05 08:30:00,2026/06/05 09:10:37,,,,,,完了,2026/06/05 09:10:37
CASE-PO-000695,CASE-PN-000695,2,CASE-PO-000695_2,一次組立,A020,MB000101,MG001,WC000052,117,180,25,205,2026/06/05 15:25:47,2026/06/08 09:50:00,,EQ-A020,9002,鈴木 花子,25,114,97.4,2,1.7,2026/06/05 15:25:47,2026/06/08 08:59:22,,,,,,完了,2026/06/08 08:59:22
CASE-PO-000695,CASE-PN-000695,3,CASE-PO-000695_3,二次組立,A030,MB000101,MG001,WC000053,117,150,20,170,2026/06/08 12:31:30,2026/06/08 15:21:30,,EQ-A030,9002,鈴木 花子,20,116,99.1,1,0.9,2026/06/08 12:31:30,2026/06/08 15:14:09,,,,,,完了,2026/06/08 15:14:09
CASE-PO-000695,CASE-PN-000695,4,CASE-PO-000695_4,完成検査,A040,MB000101,MG001,WC000054,117,60,0,60,2026/06/08 20:40:07,2026/06/09 09:30:00,,EQ-A040,9002,鈴木 花子,0,116,99.1,1,0.9,2026/06/09 08:30:00,2026/06/09 09:21:54,,,,,,完了,2026/06/09 09:21:54
CASE-PO-000696,CASE-PN-000696,1,CASE-PO-000696_1,部品準備,A010,MB000103,MG001,WC000051,56,45,10,55,2026/05/22 08:30:00,2026/05/22 09:25:00,,EQ-A010,9001,山田 太郎,10,55,98.2,0,0.0,2026/05/22 08:30:00,2026/05/22 09:15:17,,,,,,完了,2026/05/22 09:15:17
CASE-PO-000696,CASE-PN-000696,2,CASE-PO-000696_2,一次組立,A020,MB000103,MG001,WC000052,56,180,25,205,2026/05/22 13:34:50,2026/05/22 16:59:50,,EQ-A020,9001,山田 太郎,25,55,98.2,0,0.0,2026/05/22 13:34:50,2026/05/22 16:24:50,,,,,,完了,2026/05/22 16:24:50
CASE-PO-000696,CASE-PN-000696,3,CASE-PO-000696_3,二次組立,A030,MB000103,MG001,WC000053,56,150,20,170,2026/05/22 22:58:45,2026/05/25 11:20:00,,EQ-A030,9001,山田 太郎,20,56,100.0,0,0.0,2026/05/25 08:30:00,2026/05/25 11:32:54,,,,,,完了,2026/05/25 11:32:54
CASE-PO-000696,CASE-PN-000696,4,CASE-PO-000696_4,完成検査,A040,MB000103,MG001,WC000054,56,60,0,60,2026/05/25 19:14:35,2026/05/26 09:30:00,,EQ-A040,9001,山田 太郎,0,55,98.2,1,1.8,2026/05/26 08:30:00,2026/05/26 09:27:01,,,,,,完了,2026/05/26 09:27:01
CASE-PO-000697,CASE-PN-000697,1,CASE-PO-000697_1,部品準備,A010,MB000101,MG001,WC000051,76,45,10,55,2026/05/11 08:30:00,2026/05/11 09:25:00,,EQ-A010,9003,佐藤 次郎,10,76,100.0,1,1.3,2026/05/11 08:30:00,2026/05/11 09:13:47,,,,,,完了,2026/05/11 09:13:47
CASE-PO-000697,CASE-PN-000697,2,CASE-PO-000697_2,一次組立,A020,MB000101,MG001,WC000052,76,180,25,205,2026/05/11 10:31:16,2026/05/11 13:56:16,,EQ-A020,9003,佐藤 次郎,,,,,,2026/05/11 10:31:16,,,,,,,生産中,2026/05/11 13:56:16
CASE-PO-000697,CASE-PN-000697,3,CASE-PO-000697_3,二次組立,A030,MB000101,MG001,WC000053,76,150,20,170,2026/05/11 16:55:21,2026/05/12 10:45:00,,EQ-A030,9003,佐藤 次郎,,,,,,,,,,,,,開始待ち,2026/05/12 10:45:00
CASE-PO-000697,CASE-PN-000697,4,CASE-PO-000697_4,完成検査,A040,MB000101,MG001,WC000054,76,60,0,60,2026/05/12 12:41:08,2026/05/12 13:41:08,,EQ-A040,9003,佐藤 次郎,,,,,,,,,,,,,開始待ち,2026/05/12 13:41:08
CASE-PO-000698,CASE-PN-000698,1,CASE-PO-000698_1,部品準備,A010,MB000102,MG001,WC000051,86,45,10,55,2026/05/20 08:30:00,2026/05/20 09:25:00,,EQ-A010,9002,鈴木 花子,10,86,100.0,0,0.0,2026/05/20 08:30:00,2026/05/20 09:21:09,,,,,,完了,2026/05/20 09:21:09
CASE-PO-000698,CASE-PN-000698,2,CASE-PO-000698_2,一次組立,A020,MB000102,MG001,WC000052,86,180,25,205,2026/05/20 12:38:25,2026/05/20 16:03:25,,EQ-A020,9002,鈴木 花子,25,86,100.0,1,1.2,2026/05/20 12:38:25,2026/05/20 15:38:58,,,,,,完了,2026/05/20 15:38:58
CASE-PO-000698,CASE-PN-000698,3,CASE-PO-000698_3,二次組立,A030,MB000102,MG001,WC000053,86,150,20,170,2026/05/20 21:57:55,2026/05/21 11:20:00,,EQ-A030,9002,鈴木 花子,20,84,97.7,0,0.0,2026/05/21 08:30:00,2026/05/21 11:11:31,,,,,,完了,2026/05/21 11:11:31
CASE-PO-000698,CASE-PN-000698,4,CASE-PO-000698_4,完成検査,A040,MB000102,MG001,WC000054,86,60,0,60,2026/05/21 13:16:56,2026/05/21 14:16:56,,EQ-A040,9002,鈴木 花子,0,86,100.0,1,1.2,2026/05/21 13:16:56,2026/05/21 14:08:12,,,,,,完了,2026/05/21 14:08:12
CASE-PO-000699,CASE-PN-000699,1,CASE-PO-000699_1,部品準備,A010,MB000101,MG001,WC000051,69,45,10,55,2026/06/22 08:30:00,2026/06/22 09:25:00,,EQ-A010,9005,高橋 四郎,10,68,98.6,1,1.4,2026/06/22 08:30:00,2026/06/22 09:14:41,,,,,,完了,2026/06/22 09:14:41
CASE-PO-000699,CASE-PN-000699,2,CASE-PO-000699_2,一次組立,A020,MB000101,MG001,WC000052,69,180,25,205,2026/06/22 12:05:42,2026/06/22 15:30:42,,EQ-A020,9005,高橋 四郎,25,68,98.6,1,1.4,2026/06/22 12:05:42,2026/06/22 15:13:36,,,,,,完了,2026/06/22 15:13:36
CASE-PO-000699,CASE-PN-000699,3,CASE-PO-000699_3,二次組立,A030,MB000101,MG001,WC000053,69,150,20,170,2026/06/22 18:36:39,2026/06/23 11:20:00,,EQ-A030,9005,高橋 四郎,20,68,98.6,0,0.0,2026/06/23 08:30:00,2026/06/23 11:26:56,,,,,,完了,2026/06/23 11:26:56
CASE-PO-000699,CASE-PN-000699,4,CASE-PO-000699_4,完成検査,A040,MB000101,MG001,WC000054,69,60,0,60,2026/06/23 18:04:58,2026/06/24 09:30:00,,EQ-A040,9005,高橋 四郎,0,68,98.6,0,0.0,2026/06/24 08:30:00,2026/06/24 09:25:44,,,,,,完了,2026/06/24 09:25:44
CASE-PO-000700,CASE-PN-000700,1,CASE-PO-000700_1,部品準備,A010,MB000103,MG001,WC000051,88,45,10,55,2026/06/08 08:30:00,2026/06/08 09:25:00,,EQ-A010,9003,佐藤 次郎,10,87,98.9,1,1.1,2026/06/08 08:30:00,2026/06/08 09:22:19,,,,,,完了,2026/06/08 09:22:19
CASE-PO-000700,CASE-PN-000700,2,CASE-PO-000700_2,一次組立,A020,MB000103,MG001,WC000052,88,180,25,205,2026/06/08 14:31:48,2026/06/09 08:56:00,,EQ-A020,9003,佐藤 次郎,25,88,100.0,0,0.0,2026/06/08 14:31:48,2026/06/08 17:30:26,,,,,,完了,2026/06/08 17:30:26
CASE-PO-000700,CASE-PN-000700,3,CASE-PO-000700_3,二次組立,A030,MB000103,MG001,WC000053,88,150,20,170,2026/06/09 05:05:41,2026/06/09 11:20:00,,EQ-A030,9003,佐藤 次郎,20,85,96.6,1,1.1,2026/06/09 08:30:00,2026/06/09 10:56:17,,,,,,完了,2026/06/09 10:56:17
CASE-PO-000700,CASE-PN-000700,4,CASE-PO-000700_4,完成検査,A040,MB000103,MG001,WC000054,88,60,0,60,2026/06/09 15:11:19,2026/06/09 16:11:19,,EQ-A040,9003,佐藤 次郎,0,86,97.7,2,2.3,2026/06/09 15:11:19,2026/06/09 16:03:13,,,,,,完了,2026/06/09 16:03:13
CASE-PO-000701,CASE-PN-000701,1,CASE-PO-000701_1,部品準備,A010,MB000101,MG001,WC000051,117,45,10,55,2026/06/01 08:30:00,2026/06/01 09:25:00,,EQ-A010,9003,佐藤 次郎,10,115,98.3,1,0.9,2026/06/01 08:30:00,2026/06/01 09:23:56,,,,,,完了,2026/06/01 09:23:56
CASE-PO-000701,CASE-PN-000701,2,CASE-PO-000701_2,一次組立,A020,MB000101,MG001,WC000052,117,180,25,205,2026/06/01 12:28:32,2026/06/01 15:53:32,,EQ-A020,9003,佐藤 次郎,25,114,97.4,2,1.7,2026/06/01 12:28:32,2026/06/01 15:16:44,,,,,,完了,2026/06/01 15:16:44
CASE-PO-000701,CASE-PN-000701,3,CASE-PO-000701_3,二次組立,A030,MB000101,MG001,WC000053,117,150,20,170,2026/06/01 20:10:28,2026/06/02 11:20:00,,EQ-A030,9003,佐藤 次郎,20,116,99.1,1,0.9,2026/06/02 08:30:00,2026/06/02 10:51:08,,,,,,完了,2026/06/02 10:51:08
CASE-PO-000701,CASE-PN-000701,4,CASE-PO-000701_4,完成検査,A040,MB000101,MG001,WC000054,117,60,0,60,2026/06/02 15:54:21,2026/06/02 16:54:21,,EQ-A040,9003,佐藤 次郎,0,117,100.0,0,0.0,2026/06/02 15:54:21,2026/06/02 16:53:55,,,,,,完了,2026/06/02 16:53:55
CASE-PO-000702,CASE-PN-000702,1,CASE-PO-000702_1,部品準備,A010,MB000101,MG001,WC000051,78,45,10,55,2026/05/08 08:30:00,2026/05/08 09:25:00,,EQ-A010,9005,高橋 四郎,10,77,98.7,0,0.0,2026/05/08 08:30:00,2026/05/08 09:21:27,,,,,,完了,2026/05/08 09:21:27
CASE-PO-000702,CASE-PN-000702,2,CASE-PO-000702_2,一次組立,A020,MB000101,MG001,WC000052,78,180,25,205,2026/05/08 15:58:41,2026/05/11 10:23:00,,EQ-A020,9005,高橋 四郎,25,76,97.4,0,0.0,2026/05/08 15:58:41,2026/05/11 09:34:06,,,,,,完了,2026/05/11 09:34:06
CASE-PO-000702,CASE-PN-000702,3,CASE-PO-000702_3,二次組立,A030,MB000101,MG001,WC000053,78,150,20,170,2026/05/11 14:58:52,2026/05/12 08:48:00,,EQ-A030,9005,高橋 四郎,20,76,97.4,0,0.0,2026/05/11 14:58:52,2026/05/12 08:49:09,,,,,,完了,2026/05/12 08:49:09
CASE-PO-000702,CASE-PN-000702,4,CASE-PO-000702_4,完成検査,A040,MB000101,MG001,WC000054,78,60,0,60,2026/05/12 14:48:04,2026/05/12 15:48:04,,EQ-A040,9005,高橋 四郎,0,77,98.7,1,1.3,2026/05/12 14:48:04,2026/05/12 16:00:48,,,,,,完了,2026/05/12 16:00:48
CASE-PO-000703,CASE-PN-000703,1,CASE-PO-000703_1,部品準備,A010,MB000102,MG001,WC000051,72,45,10,55,2026/06/24 08:30:00,2026/06/24 09:25:00,,EQ-A010,9004,田中 三郎,10,70,97.2,1,1.4,2026/06/24 08:30:00,2026/06/24 09:13:57,,,,,,完了,2026/06/24 09:13:57
CASE-PO-000703,CASE-PN-000703,2,CASE-PO-000703_2,一次組立,A020,MB000102,MG001,WC000052,72,180,25,205,2026/06/24 13:52:57,2026/06/24 17:17:57,,EQ-A020,9004,田中 三郎,25,72,100.0,0,0.0,2026/06/24 13:52:57,2026/06/24 16:40:32,,,,,,完了,2026/06/24 16:40:32
CASE-PO-000703,CASE-PN-000703,3,CASE-PO-000703_3,二次組立,A030,MB000102,MG001,WC000053,72,150,20,170,2026/06/24 21:53:36,2026/06/25 11:20:00,,EQ-A030,9004,田中 三郎,20,72,100.0,0,0.0,2026/06/25 08:30:00,2026/06/25 11:12:34,,,,,,完了,2026/06/25 11:12:34
CASE-PO-000703,CASE-PN-000703,4,CASE-PO-000703_4,完成検査,A040,MB000102,MG001,WC000054,72,60,0,60,2026/06/25 13:45:15,2026/06/25 14:45:15,,EQ-A040,9004,田中 三郎,0,71,98.6,1,1.4,2026/06/25 13:45:15,2026/06/25 14:55:46,,,,,,完了,2026/06/25 14:55:46
CASE-PO-000704,CASE-PN-000704,1,CASE-PO-000704_1,部品準備,A010,MB000103,MG001,WC000051,71,45,10,55,2026/06/05 08:30:00,2026/06/05 09:25:00,,EQ-A010,9001,山田 太郎,10,70,98.6,1,1.4,2026/06/05 08:30:00,2026/06/05 09:22:11,,,,,,完了,2026/06/05 09:22:11
CASE-PO-000704,CASE-PN-000704,2,CASE-PO-000704_2,一次組立,A020,MB000103,MG001,WC000052,71,180,25,205,2026/06/05 11:04:16,2026/06/05 14:29:16,,EQ-A020,9001,山田 太郎,25,69,97.2,1,1.4,2026/06/05 11:04:16,2026/06/05 14:28:50,,,,,,完了,2026/06/05 14:28:50
CASE-PO-000704,CASE-PN-000704,3,CASE-PO-000704_3,二次組立,A030,MB000103,MG001,WC000053,71,150,20,170,2026/06/06 00:37:34,2026/06/08 11:20:00,,EQ-A030,9001,山田 太郎,20,70,98.6,1,1.4,2026/06/08 08:30:00,2026/06/08 10:40:34,,,,,,完了,2026/06/08 10:40:34
CASE-PO-000704,CASE-PN-000704,4,CASE-PO-000704_4,完成検査,A040,MB000103,MG001,WC000054,71,60,0,60,2026/06/08 15:02:22,2026/06/08 16:02:22,,EQ-A040,9001,山田 太郎,0,71,100.0,1,1.4,2026/06/08 15:02:22,2026/06/08 16:04:52,,,,,,完了,2026/06/08 16:04:52
CASE-PO-000705,CASE-PN-000705,1,CASE-PO-000705_1,部品準備,A010,MB000103,MG001,WC000051,47,45,10,55,2026/06/01 08:30:00,2026/06/01 09:25:00,,EQ-A010,9002,鈴木 花子,10,46,97.9,1,2.1,2026/06/01 08:30:00,2026/06/01 09:19:20,,,,,,完了,2026/06/01 09:19:20
CASE-PO-000705,CASE-PN-000705,2,CASE-PO-000705_2,一次組立,A020,MB000103,MG001,WC000052,47,180,25,205,2026/06/01 14:04:19,2026/06/01 17:29:19,,EQ-A020,9002,鈴木 花子,25,46,97.9,1,2.1,2026/06/01 14:04:19,2026/06/01 17:24:41,,,,,,完了,2026/06/01 17:24:41
CASE-PO-000705,CASE-PN-000705,3,CASE-PO-000705_3,二次組立,A030,MB000103,MG001,WC000053,47,150,20,170,2026/06/02 00:00:09,2026/06/02 11:20:00,,EQ-A030,9002,鈴木 花子,20,46,97.9,1,2.1,2026/06/02 08:30:00,2026/06/02 10:57:17,,,,,,完了,2026/06/02 10:57:17
CASE-PO-000705,CASE-PN-000705,4,CASE-PO-000705_4,完成検査,A040,MB000103,MG001,WC000054,47,60,0,60,2026/06/02 13:59:30,2026/06/02 14:59:30,,EQ-A040,9002,鈴木 花子,0,46,97.9,0,0.0,2026/06/02 13:59:30,2026/06/02 14:59:19,,,,,,完了,2026/06/02 14:59:19
CASE-PO-000706,CASE-PN-000706,1,CASE-PO-000706_1,部品準備,A010,MB000102,MG001,WC000051,82,45,10,55,2026/07/02 08:30:00,2026/07/02 09:25:00,,EQ-A010,9002,鈴木 花子,10,82,100.0,0,0.0,2026/07/02 08:30:00,2026/07/02 09:11:06,,,,,,完了,2026/07/02 09:11:06
CASE-PO-000706,CASE-PN-000706,2,CASE-PO-000706_2,一次組立,A020,MB000102,MG001,WC000052,82,180,25,205,2026/07/02 13:31:13,2026/07/02 16:56:13,,EQ-A020,9002,鈴木 花子,25,80,97.6,0,0.0,2026/07/02 13:31:13,2026/07/02 16:15:18,,,,,,完了,2026/07/02 16:15:18
CASE-PO-000706,CASE-PN-000706,3,CASE-PO-000706_3,二次組立,A030,MB000102,MG001,WC000053,82,150,20,170,2026/07/02 22:52:15,2026/07/03 11:20:00,,EQ-A030,9002,鈴木 花子,20,82,100.0,1,1.2,2026/07/03 08:30:00,2026/07/03 11:16:40,,,,,,完了,2026/07/03 11:16:40
CASE-PO-000706,CASE-PN-000706,4,CASE-PO-000706_4,完成検査,A040,MB000102,MG001,WC000054,82,60,0,60,2026/07/03 20:25:04,2026/07/06 09:30:00,,EQ-A040,9002,鈴木 花子,0,80,97.6,1,1.2,2026/07/06 08:30:00,2026/07/06 09:29:12,,,,,,完了,2026/07/06 09:29:12
CASE-PO-000707,CASE-PN-000707,1,CASE-PO-000707_1,部品準備,A010,MB000102,MG001,WC000051,109,45,10,55,2026/06/22 08:30:00,2026/06/22 09:25:00,,EQ-A010,9005,高橋 四郎,10,108,99.1,2,1.8,2026/06/22 08:30:00,2026/06/22 09:19:30,,,,,,完了,2026/06/22 09:19:30
CASE-PO-000707,CASE-PN-000707,2,CASE-PO-000707_2,一次組立,A020,MB000102,MG001,WC000052,109,180,25,205,2026/06/22 15:52:14,2026/06/23 10:17:00,,EQ-A020,9005,高橋 四郎,25,106,97.2,2,1.8,2026/06/22 15:52:14,2026/06/23 10:22:32,,,,,,完了,2026/06/23 10:22:32
CASE-PO-000707,CASE-PN-000707,3,CASE-PO-000707_3,二次組立,A030,MB000102,MG001,WC000053,109,150,20,170,2026/06/23 18:11:07,2026/06/24 11:20:00,,EQ-A030,9005,高橋 四郎,20,108,99.1,1,0.9,2026/06/24 08:30:00,2026/06/24 11:06:00,,,,,,完了,2026/06/24 11:06:00
CASE-PO-000707,CASE-PN-000707,4,CASE-PO-000707_4,完成検査,A040,MB000102,MG001,WC000054,109,60,0,60,2026/06/24 18:31:12,2026/06/25 09:30:00,,EQ-A040,9005,高橋 四郎,0,109,100.0,0,0.0,2026/06/25 08:30:00,2026/06/25 09:34:39,,,,,,完了,2026/06/25 09:34:39
CASE-PO-000708,CASE-PN-000708,1,CASE-PO-000708_1,部品準備,A010,MB000103,MG001,WC000051,83,45,10,55,2026/07/06 08:30:00,2026/07/06 09:25:00,,EQ-A010,9005,高橋 四郎,10,81,97.6,2,2.4,2026/07/06 08:30:00,2026/07/06 09:24:09,,,,,,完了,2026/07/06 09:24:09
CASE-PO-000708,CASE-PN-000708,2,CASE-PO-000708_2,一次組立,A020,MB000103,MG001,WC000052,83,180,25,205,2026/07/06 13:14:16,2026/07/06 16:39:16,,EQ-A020,9005,高橋 四郎,25,81,97.6,0,0.0,2026/07/06 13:14:16,2026/07/06 16:58:24,,,,,,完了,2026/07/06 16:58:24
CASE-PO-000708,CASE-PN-000708,3,CASE-PO-000708_3,二次組立,A030,MB000103,MG001,WC000053,83,150,20,170,2026/07/07 02:46:12,2026/07/07 11:20:00,,EQ-A030,9005,高橋 四郎,20,81,97.6,2,2.4,2026/07/07 08:30:00,2026/07/07 10:39:32,,,,,,完了,2026/07/07 10:39:32
CASE-PO-000708,CASE-PN-000708,4,CASE-PO-000708_4,完成検査,A040,MB000103,MG001,WC000054,83,60,0,60,2026/07/07 15:55:51,2026/07/07 16:55:51,,EQ-A040,9005,高橋 四郎,0,82,98.8,1,1.2,2026/07/07 15:55:51,2026/07/07 16:48:25,,,,,,完了,2026/07/07 16:48:25
CASE-PO-000709,CASE-PN-000709,1,CASE-PO-000709_1,部品準備,A010,MB000103,MG001,WC000051,58,45,10,55,2026/05/18 08:30:00,2026/05/18 09:25:00,,EQ-A010,9001,山田 太郎,10,57,98.3,0,0.0,2026/05/18 08:30:00,2026/05/18 09:11:07,,,,,,完了,2026/05/18 09:11:07
CASE-PO-000709,CASE-PN-000709,2,CASE-PO-000709_2,一次組立,A020,MB000103,MG001,WC000052,58,180,25,205,2026/05/18 10:54:06,2026/05/18 14:19:06,,EQ-A020,9001,山田 太郎,25,58,100.0,0,0.0,2026/05/18 10:54:06,2026/05/18 14:11:05,,,,,,完了,2026/05/18 14:11:05
CASE-PO-000709,CASE-PN-000709,3,CASE-PO-000709_3,二次組立,A030,MB000103,MG001,WC000053,58,150,20,170,2026/05/18 16:54:10,2026/05/19 10:44:00,,EQ-A030,9001,山田 太郎,20,57,98.3,1,1.7,2026/05/18 16:54:10,2026/05/19 10:08:31,,,,,,完了,2026/05/19 10:08:31
CASE-PO-000709,CASE-PN-000709,4,CASE-PO-000709_4,完成検査,A040,MB000103,MG001,WC000054,58,60,0,60,2026/05/19 15:28:52,2026/05/19 16:28:52,,EQ-A040,9001,山田 太郎,0,58,100.0,0,0.0,2026/05/19 15:28:52,2026/05/19 16:42:25,,,,,,完了,2026/05/19 16:42:25
CASE-PO-000710,CASE-PN-000710,1,CASE-PO-000710_1,部品準備,A010,MB000101,MG001,WC000051,95,45,10,55,2026/05/28 08:30:00,2026/05/28 09:25:00,,EQ-A010,9002,鈴木 花子,10,94,98.9,1,1.1,2026/05/28 08:30:00,2026/05/28 09:25:29,,,,,,完了,2026/05/28 09:25:29
CASE-PO-000710,CASE-PN-000710,2,CASE-PO-000710_2,一次組立,A020,MB000101,MG001,WC000052,95,180,25,205,2026/05/28 15:41:56,2026/05/29 10:06:00,,EQ-A020,9002,鈴木 花子,25,93,97.9,1,1.1,2026/05/28 15:41:56,2026/05/29 10:24:51,,,,,,完了,2026/05/29 10:24:51
CASE-PO-000710,CASE-PN-000710,3,CASE-PO-000710_3,二次組立,A030,MB000101,MG001,WC000053,95,150,20,170,2026/05/29 20:28:54,2026/06/01 11:20:00,,EQ-A030,9002,鈴木 花子,20,95,100.0,2,2.1,2026/06/01 08:30:00,2026/06/01 11:24:25,,,,,,完了,2026/06/01 11:24:25
CASE-PO-000710,CASE-PN-000710,4,CASE-PO-000710_4,完成検査,A040,MB000101,MG001,WC000054,95,60,0,60,2026/06/01 15:24:27,2026/06/01 16:24:27,,EQ-A040,9002,鈴木 花子,0,93,97.9,2,2.1,2026/06/01 15:24:27,2026/06/01 16:34:46,,,,,,完了,2026/06/01 16:34:46
CASE-PO-000711,CASE-PN-000711,1,CASE-PO-000711_1,部品準備,A010,MB000101,MG001,WC000051,70,45,10,55,2026/06/29 08:30:00,2026/06/29 09:25:00,,EQ-A010,9004,田中 三郎,10,68,97.1,0,0.0,2026/06/29 08:30:00,2026/06/29 09:20:22,,,,,,完了,2026/06/29 09:20:22
CASE-PO-000711,CASE-PN-000711,2,CASE-PO-000711_2,一次組立,A020,MB000101,MG001,WC000052,70,180,25,205,2026/06/29 15:38:49,2026/06/30 10:03:00,,EQ-A020,9004,田中 三郎,25,69,98.6,1,1.4,2026/06/29 15:38:49,2026/06/30 09:20:08,,,,,,完了,2026/06/30 09:20:08
CASE-PO-000711,CASE-PN-000711,3,CASE-PO-000711_3,二次組立,A030,MB000101,MG001,WC000053,70,150,20,170,2026/06/30 21:18:58,2026/07/01 11:20:00,,EQ-A030,9004,田中 三郎,20,68,97.1,0,0.0,2026/07/01 08:30:00,2026/07/01 11:15:15,,,,,,完了,2026/07/01 11:15:15
CASE-PO-000711,CASE-PN-000711,4,CASE-PO-000711_4,完成検査,A040,MB000101,MG001,WC000054,70,60,0,60,2026/07/01 15:26:08,2026/07/01 16:26:08,,EQ-A040,9004,田中 三郎,0,68,97.1,1,1.4,2026/07/01 15:26:08,2026/07/01 16:31:11,,,,,,完了,2026/07/01 16:31:11
CASE-PO-000712,CASE-PN-000712,1,CASE-PO-000712_1,部品準備,A010,MB000101,MG001,WC000051,110,45,10,55,2026/06/22 08:30:00,2026/06/22 09:25:00,,EQ-A010,9003,佐藤 次郎,10,108,98.2,0,0.0,2026/06/22 08:30:00,2026/06/22 09:14:38,,,,,,完了,2026/06/22 09:14:38
CASE-PO-000712,CASE-PN-000712,2,CASE-PO-000712_2,一次組立,A020,MB000101,MG001,WC000052,110,180,25,205,2026/06/22 11:26:28,2026/06/22 14:51:28,,EQ-A020,9003,佐藤 次郎,25,108,98.2,1,0.9,2026/06/22 11:26:28,2026/06/22 14:07:49,,,,,,完了,2026/06/22 14:07:49
CASE-PO-000712,CASE-PN-000712,3,CASE-PO-000712_3,二次組立,A030,MB000101,MG001,WC000053,110,150,20,170,2026/06/23 01:35:03,2026/06/23 11:20:00,,EQ-A030,9003,佐藤 次郎,20,108,98.2,2,1.8,2026/06/23 08:30:00,2026/06/23 11:12:37,,,,,,完了,2026/06/23 11:12:37
CASE-PO-000712,CASE-PN-000712,4,CASE-PO-000712_4,完成検査,A040,MB000101,MG001,WC000054,110,60,0,60,2026/06/23 19:37:16,2026/06/24 09:30:00,,EQ-A040,9003,佐藤 次郎,0,110,100.0,2,1.8,2026/06/24 08:30:00,2026/06/24 09:33:49,,,,,,完了,2026/06/24 09:33:49
CASE-PO-000713,CASE-PN-000713,1,CASE-PO-000713_1,部品準備,A010,MB000101,MG001,WC000051,101,45,10,55,2026/06/15 08:30:00,2026/06/15 09:25:00,,EQ-A010,9002,鈴木 花子,10,100,99.0,0,0.0,2026/06/15 08:30:00,2026/06/15 09:14:15,,,,,,完了,2026/06/15 09:14:15
CASE-PO-000713,CASE-PN-000713,2,CASE-PO-000713_2,一次組立,A020,MB000101,MG001,WC000052,101,180,25,205,2026/06/15 16:34:13,2026/06/16 10:59:00,,EQ-A020,9002,鈴木 花子,25,98,97.0,1,1.0,2026/06/15 16:34:13,2026/06/16 11:09:47,,,,,,完了,2026/06/16 11:09:47
CASE-PO-000713,CASE-PN-000713,3,CASE-PO-000713_3,二次組立,A030,MB000101,MG001,WC000053,101,150,20,170,2026/06/16 15:37:59,2026/06/17 09:27:00,,EQ-A030,9002,鈴木 花子,20,99,98.0,1,1.0,2026/06/16 15:37:59,2026/06/17 08:47:42,,,,,,完了,2026/06/17 08:47:42
CASE-PO-000713,CASE-PN-000713,4,CASE-PO-000713_4,完成検査,A040,MB000101,MG001,WC000054,101,60,0,60,2026/06/17 16:01:11,2026/06/17 17:01:11,,EQ-A040,9002,鈴木 花子,0,99,98.0,1,1.0,2026/06/17 16:01:11,2026/06/17 17:06:55,,,,,,完了,2026/06/17 17:06:55
CASE-PO-000714,CASE-PN-000714,1,CASE-PO-000714_1,部品準備,A010,MB000101,MG001,WC000051,58,45,10,55,2026/06/12 08:30:00,2026/06/12 09:25:00,,EQ-A010,9004,田中 三郎,10,58,100.0,1,1.7,2026/06/12 08:30:00,2026/06/12 09:14:00,,,,,,完了,2026/06/12 09:14:00
CASE-PO-000714,CASE-PN-000714,2,CASE-PO-000714_2,一次組立,A020,MB000101,MG001,WC000052,58,180,25,205,2026/06/12 11:22:42,2026/06/12 14:47:42,,EQ-A020,9004,田中 三郎,25,57,98.3,1,1.7,2026/06/12 11:22:42,2026/06/12 14:09:15,,,,,,完了,2026/06/12 14:09:15
CASE-PO-000714,CASE-PN-000714,3,CASE-PO-000714_3,二次組立,A030,MB000101,MG001,WC000053,58,150,20,170,2026/06/13 01:04:55,2026/06/15 11:20:00,,EQ-A030,9004,田中 三郎,20,57,98.3,0,0.0,2026/06/15 08:30:00,2026/06/15 11:05:56,,,,,,完了,2026/06/15 11:05:56
CASE-PO-000714,CASE-PN-000714,4,CASE-PO-000714_4,完成検査,A040,MB000101,MG001,WC000054,58,60,0,60,2026/06/15 16:19:35,2026/06/15 17:19:35,,EQ-A040,9004,田中 三郎,0,58,100.0,0,0.0,2026/06/15 16:19:35,2026/06/15 17:21:13,,,,,,完了,2026/06/15 17:21:13
CASE-PO-000715,CASE-PN-000715,1,CASE-PO-000715_1,部品準備,A010,MB000103,MG001,WC000051,89,45,10,55,2026/06/23 08:30:00,2026/06/23 09:25:00,,EQ-A010,9002,鈴木 花子,10,89,100.0,0,0.0,2026/06/23 08:30:00,2026/06/23 09:19:13,,,,,,完了,2026/06/23 09:19:13
CASE-PO-000715,CASE-PN-000715,2,CASE-PO-000715_2,一次組立,A020,MB000103,MG001,WC000052,89,180,25,205,2026/06/23 12:39:46,2026/06/23 16:04:46,,EQ-A020,9002,鈴木 花子,25,87,97.8,1,1.1,2026/06/23 12:39:46,2026/06/23 16:09:37,,,,,,完了,2026/06/23 16:09:37
CASE-PO-000715,CASE-PN-000715,3,CASE-PO-000715_3,二次組立,A030,MB000103,MG001,WC000053,89,150,20,170,2026/06/23 19:10:57,2026/06/24 11:20:00,,EQ-A030,9002,鈴木 花子,20,88,98.9,0,0.0,2026/06/24 08:30:00,2026/06/24 10:51:14,,,,,,完了,2026/06/24 10:51:14
CASE-PO-000715,CASE-PN-000715,4,CASE-PO-000715_4,完成検査,A040,MB000103,MG001,WC000054,89,60,0,60,2026/06/24 12:44:39,2026/06/24 13:44:39,,EQ-A040,9002,鈴木 花子,0,89,100.0,1,1.1,2026/06/24 12:44:39,2026/06/24 13:58:19,,,,,,完了,2026/06/24 13:58:19
CASE-PO-000716,CASE-PN-000716,1,CASE-PO-000716_1,部品準備,A010,MB000101,MG001,WC000051,84,45,10,55,2026/05/18 08:30:00,2026/05/18 09:25:00,,EQ-A010,9003,佐藤 次郎,10,83,98.8,0,0.0,2026/05/18 08:30:00,2026/05/18 09:15:43,,,,,,完了,2026/05/18 09:15:43
CASE-PO-000716,CASE-PN-000716,2,CASE-PO-000716_2,一次組立,A020,MB000101,MG001,WC000052,84,180,25,205,2026/05/18 17:07:52,2026/05/19 11:32:00,,EQ-A020,9003,佐藤 次郎,25,83,98.8,0,0.0,2026/05/18 17:07:52,2026/05/19 11:35:41,,,,,,完了,2026/05/19 11:35:41
CASE-PO-000716,CASE-PN-000716,3,CASE-PO-000716_3,二次組立,A030,MB000101,MG001,WC000053,84,150,20,170,2026/05/19 16:41:58,2026/05/20 10:31:00,,EQ-A030,9003,佐藤 次郎,20,83,98.8,0,0.0,2026/05/19 16:41:58,2026/05/20 10:18:36,,,,,,完了,2026/05/20 10:18:36
CASE-PO-000716,CASE-PN-000716,4,CASE-PO-000716_4,完成検査,A040,MB000101,MG001,WC000054,84,60,0,60,2026/05/20 13:30:57,2026/05/20 14:30:57,,EQ-A040,9003,佐藤 次郎,0,82,97.6,0,0.0,2026/05/20 13:30:57,2026/05/20 14:24:33,,,,,,完了,2026/05/20 14:24:33
CASE-PO-000717,CASE-PN-000717,1,CASE-PO-000717_1,部品準備,A010,MB000102,MG001,WC000051,172,45,10,55,2026/05/21 08:30:00,2026/05/21 09:25:00,,EQ-A010,9004,田中 三郎,10,171,99.4,3,1.7,2026/05/21 08:30:00,2026/05/21 09:18:13,,,,,,完了,2026/05/21 09:18:13
CASE-PO-000717,CASE-PN-000717,2,CASE-PO-000717_2,一次組立,A020,MB000102,MG001,WC000052,172,180,25,205,2026/05/21 13:25:15,2026/05/21 16:50:15,,EQ-A020,9004,田中 三郎,25,167,97.1,1,0.6,2026/05/21 13:25:15,2026/05/21 16:50:31,,,,,,完了,2026/05/21 16:50:31
CASE-PO-000717,CASE-PN-000717,3,CASE-PO-000717_3,二次組立,A030,MB000102,MG001,WC000053,172,150,20,170,2026/05/21 20:42:52,2026/05/22 11:20:00,,EQ-A030,9004,田中 三郎,20,171,99.4,1,0.6,2026/05/22 08:30:00,2026/05/22 11:10:23,,,,,,完了,2026/05/22 11:10:23
CASE-PO-000717,CASE-PN-000717,4,CASE-PO-000717_4,完成検査,A040,MB000102,MG001,WC000054,172,60,0,60,2026/05/22 15:46:59,2026/05/22 16:46:59,,EQ-A040,9004,田中 三郎,0,168,97.7,3,1.7,2026/05/22 15:46:59,2026/05/22 16:54:28,,,,,,完了,2026/05/22 16:54:28
CASE-PO-000718,CASE-PN-000718,1,CASE-PO-000718_1,部品準備,A010,MB000102,MG001,WC000051,93,45,10,55,2026/06/01 08:30:00,2026/06/01 09:25:00,,EQ-A010,9005,高橋 四郎,10,92,98.9,1,1.1,2026/06/01 08:30:00,2026/06/01 09:19:34,,,,,,完了,2026/06/01 09:19:34
CASE-PO-000718,CASE-PN-000718,2,CASE-PO-000718_2,一次組立,A020,MB000102,MG001,WC000052,93,180,25,205,2026/06/01 17:06:11,2026/06/02 11:31:00,,EQ-A020,9005,高橋 四郎,25,92,98.9,1,1.1,2026/06/01 17:06:11,2026/06/02 10:53:03,,,,,,完了,2026/06/02 10:53:03
CASE-PO-000718,CASE-PN-000718,3,CASE-PO-000718_3,二次組立,A030,MB000102,MG001,WC000053,93,150,20,170,2026/06/02 19:01:39,2026/06/03 11:20:00,,EQ-A030,9005,高橋 四郎,20,92,98.9,0,0.0,2026/06/03 08:30:00,2026/06/03 10:40:30,,,,,,完了,2026/06/03 10:40:30
CASE-PO-000718,CASE-PN-000718,4,CASE-PO-000718_4,完成検査,A040,MB000102,MG001,WC000054,93,60,0,60,2026/06/03 18:27:45,2026/06/04 09:30:00,,EQ-A040,9005,高橋 四郎,0,91,97.8,0,0.0,2026/06/04 08:30:00,2026/06/04 09:21:29,,,,,,完了,2026/06/04 09:21:29
CASE-PO-000719,CASE-PN-000719,1,CASE-PO-000719_1,部品準備,A010,MB000103,MG001,WC000051,71,45,10,55,2026/05/15 08:30:00,2026/05/15 09:25:00,,EQ-A010,9005,高橋 四郎,10,69,97.2,0,0.0,2026/05/15 08:30:00,2026/05/15 09:21:08,,,,,,完了,2026/05/15 09:21:08
CASE-PO-000719,CASE-PN-000719,2,CASE-PO-000719_2,一次組立,A020,MB000103,MG001,WC000052,71,180,25,205,2026/05/15 12:38:21,2026/05/15 16:03:21,,EQ-A020,9005,高橋 四郎,25,71,100.0,1,1.4,2026/05/15 12:38:21,2026/05/15 15:56:27,,,,,,完了,2026/05/15 15:56:27
CASE-PO-000719,CASE-PN-000719,3,CASE-PO-000719_3,二次組立,A030,MB000103,MG001,WC000053,71,150,20,170,2026/05/16 02:06:41,2026/05/18 11:20:00,,EQ-A030,9005,高橋 四郎,20,70,98.6,0,0.0,2026/05/18 08:30:00,2026/05/18 10:50:09,,,,,,完了,2026/05/18 10:50:09
CASE-PO-000719,CASE-PN-000719,4,CASE-PO-000719_4,完成検査,A040,MB000103,MG001,WC000054,71,60,0,60,2026/05/18 18:19:19,2026/05/19 09:30:00,,EQ-A040,9005,高橋 四郎,0,70,98.6,1,1.4,2026/05/19 08:30:00,2026/05/19 09:38:34,,,,,,完了,2026/05/19 09:38:34
CASE-PO-000720,CASE-PN-000720,1,CASE-PO-000720_1,部品準備,A010,MB000102,MG001,WC000051,64,45,10,55,2026/05/27 08:30:00,2026/05/27 09:25:00,,EQ-A010,9001,山田 太郎,10,64,100.0,1,1.6,2026/05/27 08:30:00,2026/05/27 09:23:53,,,,,,完了,2026/05/27 09:23:53
CASE-PO-000720,CASE-PN-000720,2,CASE-PO-000720_2,一次組立,A020,MB000102,MG001,WC000052,64,180,25,205,2026/05/27 16:56:58,2026/05/28 11:21:00,,EQ-A020,9001,山田 太郎,25,63,98.4,1,1.6,2026/05/27 16:56:58,2026/05/28 10:33:59,,,,,,完了,2026/05/28 10:33:59
CASE-PO-000720,CASE-PN-000720,3,CASE-PO-000720_3,二次組立,A030,MB000102,MG001,WC000053,64,150,20,170,2026/05/28 21:45:41,2026/05/29 11:20:00,,EQ-A030,9001,山田 太郎,20,64,100.0,1,1.6,2026/05/29 08:30:00,2026/05/29 11:20:00,,,,,,完了,2026/05/29 11:20:00
CASE-PO-000720,CASE-PN-000720,4,CASE-PO-000720_4,完成検査,A040,MB000102,MG001,WC000054,64,60,0,60,2026/05/29 20:47:15,2026/06/01 09:30:00,,EQ-A040,9001,山田 太郎,0,63,98.4,0,0.0,2026/06/01 08:30:00,2026/06/01 09:36:03,,,,,,完了,2026/06/01 09:36:03
CASE-PO-000721,CASE-PN-000721,1,CASE-PO-000721_1,部品準備,A010,MB000101,MG001,WC000051,85,45,10,55,2026/06/15 08:30:00,2026/06/15 09:25:00,,EQ-A010,9002,鈴木 花子,10,85,100.0,1,1.2,2026/06/15 08:30:00,2026/06/15 09:22:26,,,,,,完了,2026/06/15 09:22:26
CASE-PO-000721,CASE-PN-000721,2,CASE-PO-000721_2,一次組立,A020,MB000101,MG001,WC000052,85,180,25,205,2026/06/15 16:43:52,2026/06/16 11:08:00,,EQ-A020,9002,鈴木 花子,25,83,97.6,1,1.2,2026/06/15 16:43:52,2026/06/16 10:36:58,,,,,,完了,2026/06/16 10:36:58
CASE-PO-000721,CASE-PN-000721,3,CASE-PO-000721_3,二次組立,A030,MB000101,MG001,WC000053,85,150,20,170,2026/06/16 15:31:48,2026/06/17 09:21:00,,EQ-A030,9002,鈴木 花子,20,84,98.8,1,1.2,2026/06/16 15:31:48,2026/06/17 09:36:37,,,,,,完了,2026/06/17 09:36:37
CASE-PO-000721,CASE-PN-000721,4,CASE-PO-000721_4,完成検査,A040,MB000101,MG001,WC000054,85,60,0,60,2026/06/17 12:46:11,2026/06/17 13:46:11,,EQ-A040,9002,鈴木 花子,0,82,96.5,1,1.2,2026/06/17 12:46:11,2026/06/17 13:51:37,,,,,,完了,2026/06/17 13:51:37
CASE-PO-000722,CASE-PN-000722,1,CASE-PO-000722_1,部品準備,A010,MB000102,MG001,WC000051,196,45,10,55,2026/06/29 08:30:00,2026/06/29 09:25:00,,EQ-A010,9001,山田 太郎,10,194,99.0,3,1.5,2026/06/29 08:30:00,2026/06/29 09:16:53,,,,,,完了,2026/06/29 09:16:53
CASE-PO-000722,CASE-PN-000722,2,CASE-PO-000722_2,一次組立,A020,MB000102,MG001,WC000052,196,180,25,205,2026/06/29 14:42:37,2026/06/30 09:07:00,,EQ-A020,9001,山田 太郎,25,195,99.5,1,0.5,2026/06/29 14:42:37,2026/06/30 08:41:53,,,,,,完了,2026/06/30 08:41:53
CASE-PO-000722,CASE-PN-000722,3,CASE-PO-000722_3,二次組立,A030,MB000102,MG001,WC000053,196,150,20,170,2026/06/30 12:24:13,2026/06/30 15:14:13,,EQ-A030,9001,山田 太郎,20,194,99.0,2,1.0,2026/06/30 12:24:13,2026/06/30 14:34:45,,,,,,完了,2026/06/30 14:34:45
CASE-PO-000722,CASE-PN-000722,4,CASE-PO-000722_4,完成検査,A040,MB000102,MG001,WC000054,196,60,0,60,2026/06/30 21:57:16,2026/07/01 09:30:00,,EQ-A040,9001,山田 太郎,0,193,98.5,1,0.5,2026/07/01 08:30:00,2026/07/01 09:23:40,,,,,,完了,2026/07/01 09:23:40
CASE-PO-000723,CASE-PN-000723,1,CASE-PO-000723_1,部品準備,A010,MB000103,MG001,WC000051,85,45,10,55,2026/06/17 08:30:00,2026/06/17 09:25:00,,EQ-A010,9002,鈴木 花子,10,84,98.8,1,1.2,2026/06/17 08:30:00,2026/06/17 09:25:32,,,,,,完了,2026/06/17 09:25:32
CASE-PO-000723,CASE-PN-000723,2,CASE-PO-000723_2,一次組立,A020,MB000103,MG001,WC000052,85,180,25,205,2026/06/17 10:25:57,2026/06/17 13:50:57,,EQ-A020,9002,鈴木 花子,25,85,100.0,1,1.2,2026/06/17 10:25:57,2026/06/17 13:51:36,,,,,,完了,2026/06/17 13:51:36
CASE-PO-000723,CASE-PN-000723,3,CASE-PO-000723_3,二次組立,A030,MB000103,MG001,WC000053,85,150,20,170,2026/06/17 17:47:59,2026/06/18 11:20:00,,EQ-A030,9002,鈴木 花子,20,83,97.6,1,1.2,2026/06/18 08:30:00,2026/06/18 11:00:06,,,,,,完了,2026/06/18 11:00:06
CASE-PO-000723,CASE-PN-000723,4,CASE-PO-000723_4,完成検査,A040,MB000103,MG001,WC000054,85,60,0,60,2026/06/18 20:26:07,2026/06/19 09:30:00,,EQ-A040,9002,鈴木 花子,,,,,,2026/06/19 08:30:00,,,,,,,生産中,2026/06/19 09:30:00
CASE-PO-000724,CASE-PN-000724,1,CASE-PO-000724_1,部品準備,A010,MB000102,MG001,WC000051,195,45,10,55,2026/06/01 08:30:00,2026/06/01 09:25:00,,EQ-A010,9004,田中 三郎,10,191,97.9,4,2.1,2026/06/01 08:30:00,2026/06/01 09:10:43,,,,,,完了,2026/06/01 09:10:43
CASE-PO-000724,CASE-PN-000724,2,CASE-PO-000724_2,一次組立,A020,MB000102,MG001,WC000052,195,180,25,205,2026/06/01 11:30:32,2026/06/01 14:55:32,,EQ-A020,9004,田中 三郎,25,191,97.9,1,0.5,2026/06/01 11:30:32,2026/06/01 14:55:07,,,,,,完了,2026/06/01 14:55:07
CASE-PO-000724,CASE-PN-000724,3,CASE-PO-000724_3,二次組立,A030,MB000102,MG001,WC000053,195,150,20,170,2026/06/01 22:12:18,2026/06/02 11:20:00,,EQ-A030,9004,田中 三郎,20,191,97.9,0,0.0,2026/06/02 08:30:00,2026/06/02 11:18:12,,,,,,完了,2026/06/02 11:18:12
CASE-PO-000724,CASE-PN-000724,4,CASE-PO-000724_4,完成検査,A040,MB000102,MG001,WC000054,195,60,0,60,2026/06/02 18:41:54,2026/06/03 09:30:00,,EQ-A040,9004,田中 三郎,0,190,97.4,2,1.0,2026/06/03 08:30:00,2026/06/03 09:34:31,,,,,,完了,2026/06/03 09:34:31
CASE-PO-000725,CASE-PN-000725,1,CASE-PO-000725_1,部品準備,A010,MB000103,MG001,WC000051,33,45,10,55,2026/06/23 08:30:00,2026/06/23 09:25:00,,EQ-A010,9005,高橋 四郎,10,33,100.0,0,0.0,2026/06/23 08:30:00,2026/06/23 09:12:00,,,,,,完了,2026/06/23 09:12:00
CASE-PO-000725,CASE-PN-000725,2,CASE-PO-000725_2,一次組立,A020,MB000103,MG001,WC000052,33,180,25,205,2026/06/23 12:16:12,2026/06/23 15:41:12,,EQ-A020,9005,高橋 四郎,25,33,100.0,0,0.0,2026/06/23 12:16:12,2026/06/23 15:07:18,,,,,,完了,2026/06/23 15:07:18
CASE-PO-000725,CASE-PN-000725,3,CASE-PO-000725_3,二次組立,A030,MB000103,MG001,WC000053,33,150,20,170,2026/06/23 20:00:19,2026/06/24 11:20:00,,EQ-A030,9005,高橋 四郎,20,33,100.0,0,0.0,2026/06/24 08:30:00,2026/06/24 11:12:57,,,,,,完了,2026/06/24 11:12:57
CASE-PO-000725,CASE-PN-000725,4,CASE-PO-000725_4,完成検査,A040,MB000103,MG001,WC000054,33,60,0,60,2026/06/24 20:09:24,2026/06/25 09:30:00,,EQ-A040,9005,高橋 四郎,0,32,97.0,1,3.0,2026/06/25 08:30:00,2026/06/25 09:43:48,,,,,,完了,2026/06/25 09:43:48
CASE-PO-000726,CASE-PN-000726,1,CASE-PO-000726_1,部品準備,A010,MB000101,MG001,WC000051,71,45,10,55,2026/05/14 08:30:00,2026/05/14 09:25:00,,EQ-A010,9004,田中 三郎,10,70,98.6,1,1.4,2026/05/14 08:30:00,2026/05/14 09:19:19,,,,,,完了,2026/05/14 09:19:19
CASE-PO-000726,CASE-PN-000726,2,CASE-PO-000726_2,一次組立,A020,MB000101,MG001,WC000052,71,180,25,205,2026/05/14 16:59:59,2026/05/15 11:24:00,,EQ-A020,9004,田中 三郎,25,69,97.2,1,1.4,2026/05/14 16:59:59,2026/05/15 11:20:19,,,,,,完了,2026/05/15 11:20:19
CASE-PO-000726,CASE-PN-000726,3,CASE-PO-000726_3,二次組立,A030,MB000101,MG001,WC000053,71,150,20,170,2026/05/15 17:21:03,2026/05/18 11:11:00,,EQ-A030,9004,田中 三郎,20,69,97.2,1,1.4,2026/05/15 17:21:03,2026/05/18 10:49:52,,,,,,完了,2026/05/18 10:49:52
CASE-PO-000726,CASE-PN-000726,4,CASE-PO-000726_4,完成検査,A040,MB000101,MG001,WC000054,71,60,0,60,2026/05/18 18:52:50,2026/05/19 09:30:00,,EQ-A040,9004,田中 三郎,0,69,97.2,1,1.4,2026/05/19 08:30:00,2026/05/19 09:24:41,,,,,,完了,2026/05/19 09:24:41
CASE-PO-000727,CASE-PN-000727,1,CASE-PO-000727_1,部品準備,A010,MB000102,MG001,WC000051,156,45,10,55,2026/05/25 08:30:00,2026/05/25 09:25:00,,EQ-A010,9003,佐藤 次郎,10,151,96.8,1,0.6,2026/05/25 08:30:00,2026/05/25 09:09:39,,,,,,完了,2026/05/25 09:09:39
CASE-PO-000727,CASE-PN-000727,2,CASE-PO-000727_2,一次組立,A020,MB000102,MG001,WC000052,156,180,25,205,2026/05/25 16:50:48,2026/05/26 11:15:00,,EQ-A020,9003,佐藤 次郎,25,156,100.0,1,0.6,2026/05/25 16:50:48,2026/05/26 11:29:52,,,,,,完了,2026/05/26 11:29:52
CASE-PO-000727,CASE-PN-000727,3,CASE-PO-000727_3,二次組立,A030,MB000102,MG001,WC000053,156,150,20,170,2026/05/26 19:45:56,2026/05/27 11:20:00,,EQ-A030,9003,佐藤 次郎,20,156,100.0,3,1.9,2026/05/27 08:30:00,2026/05/27 10:40:06,,,,,,完了,2026/05/27 10:40:06
CASE-PO-000727,CASE-PN-000727,4,CASE-PO-000727_4,完成検査,A040,MB000102,MG001,WC000054,156,60,0,60,2026/05/27 19:56:41,2026/05/28 09:30:00,,EQ-A040,9003,佐藤 次郎,0,156,100.0,2,1.3,2026/05/28 08:30:00,2026/05/28 09:24:53,,,,,,完了,2026/05/28 09:24:53
CASE-PO-000728,CASE-PN-000728,1,CASE-PO-000728_1,部品準備,A010,MB000101,MG001,WC000051,115,45,10,55,2026/06/26 08:30:00,2026/06/26 09:25:00,,EQ-A010,9004,田中 三郎,10,114,99.1,1,0.9,2026/06/26 08:30:00,2026/06/26 09:25:02,,,,,,完了,2026/06/26 09:25:02
CASE-PO-000728,CASE-PN-000728,2,CASE-PO-000728_2,一次組立,A020,MB000101,MG001,WC000052,115,180,25,205,2026/06/26 17:03:19,2026/06/29 11:28:00,,EQ-A020,9004,田中 三郎,25,113,98.3,1,0.9,2026/06/26 17:03:19,2026/06/29 10:59:52,,,,,,完了,2026/06/29 10:59:52
CASE-PO-000728,CASE-PN-000728,3,CASE-PO-000728_3,二次組立,A030,MB000101,MG001,WC000053,115,150,20,170,2026/06/29 14:12:45,2026/06/29 17:02:45,,EQ-A030,9004,田中 三郎,20,112,97.4,0,0.0,2026/06/29 14:12:45,2026/06/29 16:33:52,,,,,,完了,2026/06/29 16:33:52
CASE-PO-000728,CASE-PN-000728,4,CASE-PO-000728_4,完成検査,A040,MB000101,MG001,WC000054,115,60,0,60,2026/06/29 23:40:29,2026/06/30 09:30:00,,EQ-A040,9004,田中 三郎,0,112,97.4,0,0.0,2026/06/30 08:30:00,2026/06/30 09:21:59,,,,,,完了,2026/06/30 09:21:59
CASE-PO-000729,CASE-PN-000729,1,CASE-PO-000729_1,部品準備,A010,MB000103,MG001,WC000051,69,45,10,55,2026/06/24 08:30:00,2026/06/24 09:25:00,,EQ-A010,9003,佐藤 次郎,10,69,100.0,1,1.4,2026/06/24 08:30:00,2026/06/24 09:18:07,,,,,,完了,2026/06/24 09:18:07
CASE-PO-000729,CASE-PN-000729,2,CASE-PO-000729_2,一次組立,A020,MB000103,MG001,WC000052,69,180,25,205,2026/06/24 13:01:18,2026/06/24 16:26:18,,EQ-A020,9003,佐藤 次郎,25,69,100.0,1,1.4,2026/06/24 13:01:18,2026/06/24 15:41:19,,,,,,完了,2026/06/24 15:41:19
CASE-PO-000729,CASE-PN-000729,3,CASE-PO-000729_3,二次組立,A030,MB000103,MG001,WC000053,69,150,20,170,2026/06/24 19:35:58,2026/06/25 11:20:00,,EQ-A030,9003,佐藤 次郎,20,69,100.0,0,0.0,2026/06/25 08:30:00,2026/06/25 11:05:37,,,,,,完了,2026/06/25 11:05:37
CASE-PO-000729,CASE-PN-000729,4,CASE-PO-000729_4,完成検査,A040,MB000103,MG001,WC000054,69,60,0,60,2026/06/25 14:57:53,2026/06/25 15:57:53,,EQ-A040,9003,佐藤 次郎,0,68,98.6,1,1.4,2026/06/25 14:57:53,2026/06/25 16:03:51,,,,,,完了,2026/06/25 16:03:51
CASE-PO-000730,CASE-PN-000730,1,CASE-PO-000730_1,部品準備,A010,MB000101,MG001,WC000051,60,45,10,55,2026/06/25 08:30:00,2026/06/25 09:25:00,,EQ-A010,9003,佐藤 次郎,10,59,98.3,1,1.7,2026/06/25 08:30:00,2026/06/25 09:16:32,,,,,,完了,2026/06/25 09:16:32
CASE-PO-000730,CASE-PN-000730,2,CASE-PO-000730_2,一次組立,A020,MB000101,MG001,WC000052,60,180,25,205,2026/06/25 16:03:23,2026/06/26 10:28:00,,EQ-A020,9003,佐藤 次郎,25,60,100.0,1,1.7,2026/06/25 16:03:23,2026/06/26 10:31:30,,,,,,完了,2026/06/26 10:31:30
CASE-PO-000730,CASE-PN-000730,3,CASE-PO-000730_3,二次組立,A030,MB000101,MG001,WC000053,60,150,20,170,2026/06/26 12:37:36,2026/06/26 15:27:36,,EQ-A030,9003,佐藤 次郎,20,59,98.3,0,0.0,2026/06/26 12:37:36,2026/06/26 15:30:54,,,,,,完了,2026/06/26 15:30:54
CASE-PO-000730,CASE-PN-000730,4,CASE-PO-000730_4,完成検査,A040,MB000101,MG001,WC000054,60,60,0,60,2026/06/26 23:33:44,2026/06/29 09:30:00,,EQ-A040,9003,佐藤 次郎,0,58,96.7,0,0.0,2026/06/29 08:30:00,2026/06/29 09:35:27,,,,,,完了,2026/06/29 09:35:27
CASE-PO-000731,CASE-PN-000731,1,CASE-PO-000731_1,部品準備,A010,MB000103,MG001,WC000051,76,45,10,55,2026/05/12 08:30:00,2026/05/12 09:25:00,,EQ-A010,9002,鈴木 花子,10,74,97.4,1,1.3,2026/05/12 08:30:00,2026/05/12 09:14:21,,,,,,完了,2026/05/12 09:14:21
CASE-PO-000731,CASE-PN-000731,2,CASE-PO-000731_2,一次組立,A020,MB000103,MG001,WC000052,76,180,25,205,2026/05/12 15:00:34,2026/05/13 09:25:00,,EQ-A020,9002,鈴木 花子,25,74,97.4,1,1.3,2026/05/12 15:00:34,2026/05/13 09:34:58,,,,,,完了,2026/05/13 09:34:58
CASE-PO-000731,CASE-PN-000731,3,CASE-PO-000731_3,二次組立,A030,MB000103,MG001,WC000053,76,150,20,170,2026/05/13 19:39:42,2026/05/14 11:20:00,,EQ-A030,9002,鈴木 花子,20,76,100.0,1,1.3,2026/05/14 08:30:00,2026/05/14 10:43:44,,,,,,完了,2026/05/14 10:43:44
CASE-PO-000731,CASE-PN-000731,4,CASE-PO-000731_4,完成検査,A040,MB000103,MG001,WC000054,76,60,0,60,2026/05/14 16:59:57,2026/05/15 08:59:00,,EQ-A040,9002,鈴木 花子,0,74,97.4,1,1.3,2026/05/14 16:59:57,2026/05/15 09:05:45,,,,,,完了,2026/05/15 09:05:45
CASE-PO-000732,CASE-PN-000732,1,CASE-PO-000732_1,部品準備,A010,MB000101,MG001,WC000051,91,45,10,55,2026/06/15 08:30:00,2026/06/15 09:25:00,,EQ-A010,9005,高橋 四郎,10,90,98.9,1,1.1,2026/06/15 08:30:00,2026/06/15 09:22:37,,,,,,完了,2026/06/15 09:22:37
CASE-PO-000732,CASE-PN-000732,2,CASE-PO-000732_2,一次組立,A020,MB000101,MG001,WC000052,91,180,25,205,2026/06/15 14:32:38,2026/06/16 08:57:00,,EQ-A020,9005,高橋 四郎,25,89,97.8,1,1.1,2026/06/15 14:32:38,2026/06/15 17:21:06,,,,,,完了,2026/06/15 17:21:06
CASE-PO-000732,CASE-PN-000732,3,CASE-PO-000732_3,二次組立,A030,MB000101,MG001,WC000053,91,150,20,170,2026/06/16 02:33:45,2026/06/16 11:20:00,,EQ-A030,9005,高橋 四郎,20,90,98.9,0,0.0,2026/06/16 08:30:00,2026/06/16 11:13:50,,,,,,完了,2026/06/16 11:13:50
CASE-PO-000732,CASE-PN-000732,4,CASE-PO-000732_4,完成検査,A040,MB000101,MG001,WC000054,91,60,0,60,2026/06/16 16:50:34,2026/06/17 08:50:00,,EQ-A040,9005,高橋 四郎,0,89,97.8,1,1.1,2026/06/16 16:50:34,2026/06/17 09:01:07,,,,,,完了,2026/06/17 09:01:07
CASE-PO-000733,CASE-PN-000733,1,CASE-PO-000733_1,部品準備,A010,MB000103,MG001,WC000051,70,45,10,55,2026/06/10 08:30:00,2026/06/10 09:25:00,,EQ-A010,9004,田中 三郎,10,68,97.1,1,1.4,2026/06/10 08:30:00,2026/06/10 09:17:26,,,,,,完了,2026/06/10 09:17:26
CASE-PO-000733,CASE-PN-000733,2,CASE-PO-000733_2,一次組立,A020,MB000103,MG001,WC000052,70,180,25,205,2026/06/10 14:06:13,2026/06/11 08:31:00,,EQ-A020,9004,田中 三郎,25,68,97.1,1,1.4,2026/06/10 14:06:13,2026/06/11 08:31:08,,,,,,完了,2026/06/11 08:31:08
CASE-PO-000733,CASE-PN-000733,3,CASE-PO-000733_3,二次組立,A030,MB000103,MG001,WC000053,70,150,20,170,2026/06/11 11:44:42,2026/06/11 14:34:42,,EQ-A030,9004,田中 三郎,20,68,97.1,0,0.0,2026/06/11 11:44:42,2026/06/11 14:46:46,,,,,,完了,2026/06/11 14:46:46
CASE-PO-000733,CASE-PN-000733,4,CASE-PO-000733_4,完成検査,A040,MB000103,MG001,WC000054,70,60,0,60,2026/06/11 23:18:09,2026/06/12 09:30:00,,EQ-A040,9004,田中 三郎,0,70,100.0,1,1.4,2026/06/12 08:30:00,2026/06/12 09:33:42,,,,,,完了,2026/06/12 09:33:42
CASE-PO-000734,CASE-PN-000734,1,CASE-PO-000734_1,部品準備,A010,MB000101,MG001,WC000051,57,45,10,55,2026/06/16 08:30:00,2026/06/16 09:25:00,,EQ-A010,9005,高橋 四郎,10,56,98.2,0,0.0,2026/06/16 08:30:00,2026/06/16 09:12:07,,,,,,完了,2026/06/16 09:12:07
CASE-PO-000734,CASE-PN-000734,2,CASE-PO-000734_2,一次組立,A020,MB000101,MG001,WC000052,57,180,25,205,2026/06/16 10:20:27,2026/06/16 13:45:27,,EQ-A020,9005,高橋 四郎,25,56,98.2,1,1.8,2026/06/16 10:20:27,2026/06/16 13:10:26,,,,,,完了,2026/06/16 13:10:26
CASE-PO-000734,CASE-PN-000734,3,CASE-PO-000734_3,二次組立,A030,MB000101,MG001,WC000053,57,150,20,170,2026/06/16 20:31:53,2026/06/17 11:20:00,,EQ-A030,9005,高橋 四郎,20,56,98.2,0,0.0,2026/06/17 08:30:00,2026/06/17 10:54:45,,,,,,完了,2026/06/17 10:54:45
CASE-PO-000734,CASE-PN-000734,4,CASE-PO-000734_4,完成検査,A040,MB000101,MG001,WC000054,57,60,0,60,2026/06/17 12:02:08,2026/06/17 13:02:08,,EQ-A040,9005,高橋 四郎,0,56,98.2,0,0.0,2026/06/17 12:02:08,2026/06/17 13:13:41,,,,,,完了,2026/06/17 13:13:41
CASE-PO-000735,CASE-PN-000735,1,CASE-PO-000735_1,部品準備,A010,MB000103,MG001,WC000051,76,45,10,55,2026/06/29 08:30:00,2026/06/29 09:25:00,,EQ-A010,9003,佐藤 次郎,10,74,97.4,1,1.3,2026/06/29 08:30:00,2026/06/29 09:26:14,,,,,,完了,2026/06/29 09:26:14
CASE-PO-000735,CASE-PN-000735,2,CASE-PO-000735_2,一次組立,A020,MB000103,MG001,WC000052,76,180,25,205,2026/06/29 14:33:12,2026/06/30 08:58:00,,EQ-A020,9003,佐藤 次郎,25,76,100.0,1,1.3,2026/06/29 14:33:12,2026/06/29 17:14:39,,,,,,完了,2026/06/29 17:14:39
CASE-PO-000735,CASE-PN-000735,3,CASE-PO-000735_3,二次組立,A030,MB000103,MG001,WC000053,76,150,20,170,2026/06/30 03:57:04,2026/06/30 11:20:00,,EQ-A030,9003,佐藤 次郎,20,75,98.7,0,0.0,2026/06/30 08:30:00,2026/06/30 10:40:40,,,,,,完了,2026/06/30 10:40:40
CASE-PO-000735,CASE-PN-000735,4,CASE-PO-000735_4,完成検査,A040,MB000103,MG001,WC000054,76,60,0,60,2026/06/30 13:45:50,2026/06/30 14:45:50,,EQ-A040,9003,佐藤 次郎,0,75,98.7,0,0.0,2026/06/30 07:40:40,2026/06/30 15:00:24,,,,,,完了,2026/06/30 15:00:24
CASE-PO-000736,CASE-PN-000736,1,CASE-PO-000736_1,部品準備,A010,MB000101,MG001,WC000051,51,45,10,55,2026/06/18 08:30:00,2026/06/18 09:25:00,,EQ-A010,9004,田中 三郎,10,50,98.0,1,2.0,2026/06/18 08:30:00,2026/06/18 09:21:17,,,,,,完了,2026/06/18 09:21:17
CASE-PO-000736,CASE-PN-000736,2,CASE-PO-000736_2,一次組立,A020,MB000101,MG001,WC000052,51,180,25,205,2026/06/18 12:27:17,2026/06/18 15:52:17,,EQ-A020,9004,田中 三郎,25,51,100.0,1,2.0,2026/06/18 12:27:17,2026/06/18 16:09:55,,,,,,完了,2026/06/18 16:09:55
CASE-PO-000736,CASE-PN-000736,3,CASE-PO-000736_3,二次組立,A030,MB000101,MG001,WC000053,51,150,20,170,2026/06/18 20:51:17,2026/06/19 11:20:00,,EQ-A030,9004,田中 三郎,20,50,98.0,1,2.0,2026/06/19 08:30:00,2026/06/19 10:45:43,,,,,,完了,2026/06/19 10:45:43
CASE-PO-000736,CASE-PN-000736,4,CASE-PO-000736_4,完成検査,A040,MB000101,MG001,WC000054,51,60,0,60,2026/06/19 20:00:00,2026/06/22 09:30:00,,EQ-A040,9004,田中 三郎,0,51,100.0,0,0.0,2026/06/22 08:30:00,2026/06/22 09:40:33,,,,,,完了,2026/06/22 09:40:33
CASE-PO-000737,CASE-PN-000737,1,CASE-PO-000737_1,部品準備,A010,MB000103,MG001,WC000051,90,45,10,55,2026/05/29 08:30:00,2026/05/29 09:25:00,,EQ-A010,9001,山田 太郎,10,87,96.7,2,2.2,2026/05/29 08:30:00,2026/05/29 09:11:07,,,,,,完了,2026/05/29 09:11:07
CASE-PO-000737,CASE-PN-000737,2,CASE-PO-000737_2,一次組立,A020,MB000103,MG001,WC000052,90,180,25,205,2026/05/29 12:10:39,2026/05/29 15:35:39,,EQ-A020,9001,山田 太郎,25,88,97.8,1,1.1,2026/05/29 12:10:39,2026/05/29 15:05:11,,,,,,完了,2026/05/29 15:05:11
CASE-PO-000737,CASE-PN-000737,3,CASE-PO-000737_3,二次組立,A030,MB000103,MG001,WC000053,90,150,20,170,2026/05/30 01:59:10,2026/06/01 11:20:00,,EQ-A030,9001,山田 太郎,20,89,98.9,0,0.0,2026/06/01 08:30:00,2026/06/01 11:12:26,,,,,,完了,2026/06/01 11:12:26
CASE-PO-000737,CASE-PN-000737,4,CASE-PO-000737_4,完成検査,A040,MB000103,MG001,WC000054,90,60,0,60,2026/06/01 19:54:09,2026/06/02 09:30:00,,EQ-A040,9001,山田 太郎,0,90,100.0,1,1.1,2026/06/02 08:30:00,2026/06/02 09:24:29,,,,,,完了,2026/06/02 09:24:29
CASE-PO-000738,CASE-PN-000738,1,CASE-PO-000738_1,部品準備,A010,MB000103,MG001,WC000051,78,45,10,55,2026/06/10 08:30:00,2026/06/10 09:25:00,,EQ-A010,9001,山田 太郎,10,76,97.4,1,1.3,2026/06/10 08:30:00,2026/06/10 09:09:42,,,,,,完了,2026/06/10 09:09:42
CASE-PO-000738,CASE-PN-000738,2,CASE-PO-000738_2,一次組立,A020,MB000103,MG001,WC000052,78,180,25,205,2026/06/10 12:42:39,2026/06/10 16:07:39,,EQ-A020,9001,山田 太郎,25,76,97.4,1,1.3,2026/06/10 12:42:39,2026/06/10 15:27:20,,,,,,完了,2026/06/10 15:27:20
CASE-PO-000738,CASE-PN-000738,3,CASE-PO-000738_3,二次組立,A030,MB000103,MG001,WC000053,78,150,20,170,2026/06/10 19:00:20,2026/06/11 11:20:00,,EQ-A030,9001,山田 太郎,20,77,98.7,1,1.3,2026/06/11 08:30:00,2026/06/11 11:33:42,,,,,,完了,2026/06/11 11:33:42
CASE-PO-000738,CASE-PN-000738,4,CASE-PO-000738_4,完成検査,A040,MB000103,MG001,WC000054,78,60,0,60,2026/06/11 18:18:06,2026/06/12 09:30:00,,EQ-A040,9001,山田 太郎,0,78,100.0,1,1.3,2026/06/12 08:30:00,2026/06/12 09:35:10,,,,,,完了,2026/06/12 09:35:10
CASE-PO-000739,CASE-PN-000739,1,CASE-PO-000739_1,部品準備,A010,MB000103,MG001,WC000051,70,45,10,55,2026/06/05 08:30:00,2026/06/05 09:25:00,,EQ-A010,9003,佐藤 次郎,10,69,98.6,1,1.4,2026/06/05 08:30:00,2026/06/05 09:23:17,,,,,,完了,2026/06/05 09:23:17
CASE-PO-000739,CASE-PN-000739,2,CASE-PO-000739_2,一次組立,A020,MB000103,MG001,WC000052,70,180,25,205,2026/06/05 17:03:44,2026/06/08 11:28:00,,EQ-A020,9003,佐藤 次郎,25,70,100.0,1,1.4,2026/06/05 17:03:44,2026/06/08 11:33:00,,,,,,完了,2026/06/08 11:33:00
CASE-PO-000739,CASE-PN-000739,3,CASE-PO-000739_3,二次組立,A030,MB000103,MG001,WC000053,70,150,20,170,2026/06/08 17:37:02,2026/06/09 11:20:00,,EQ-A030,9003,佐藤 次郎,20,68,97.1,1,1.4,2026/06/09 08:30:00,2026/06/09 11:22:06,,,,,,完了,2026/06/09 11:22:06
CASE-PO-000739,CASE-PN-000739,4,CASE-PO-000739_4,完成検査,A040,MB000103,MG001,WC000054,70,60,0,60,2026/06/09 16:18:54,2026/06/09 17:18:54,,EQ-A040,9003,佐藤 次郎,0,69,98.6,1,1.4,2026/06/09 16:18:54,2026/06/09 17:24:22,,,,,,完了,2026/06/09 17:24:22
CASE-PO-000740,CASE-PN-000740,1,CASE-PO-000740_1,部品準備,A010,MB000103,MG001,WC000051,66,45,10,55,2026/06/19 08:30:00,2026/06/19 09:25:00,,EQ-A010,9004,田中 三郎,10,65,98.5,1,1.5,2026/06/19 08:30:00,2026/06/19 09:20:02,,,,,,完了,2026/06/19 09:20:02
CASE-PO-000740,CASE-PN-000740,2,CASE-PO-000740_2,一次組立,A020,MB000103,MG001,WC000052,66,180,25,205,2026/06/19 16:25:30,2026/06/22 10:50:00,,EQ-A020,9004,田中 三郎,25,64,97.0,1,1.5,2026/06/19 16:25:30,2026/06/22 10:52:34,,,,,,完了,2026/06/22 10:52:34
CASE-PO-000740,CASE-PN-000740,3,CASE-PO-000740_3,二次組立,A030,MB000103,MG001,WC000053,66,150,20,170,2026/06/22 20:23:53,2026/06/23 11:20:00,,EQ-A030,9004,田中 三郎,20,65,98.5,1,1.5,2026/06/23 08:30:00,2026/06/23 10:51:46,,,,,,完了,2026/06/23 10:51:46
CASE-PO-000740,CASE-PN-000740,4,CASE-PO-000740_4,完成検査,A040,MB000103,MG001,WC000054,66,60,0,60,2026/06/23 16:45:00,2026/06/24 08:45:00,,EQ-A040,9004,田中 三郎,0,65,98.5,0,0.0,2026/06/23 16:45:00,2026/06/24 08:49:17,,,,,,完了,2026/06/24 08:49:17
CASE-PO-000741,CASE-PN-000741,1,CASE-PO-000741_1,部品準備,A010,MB000103,MG001,WC000051,79,45,10,55,2026/06/15 08:30:00,2026/06/15 09:25:00,,EQ-A010,9005,高橋 四郎,10,78,98.7,1,1.3,2026/06/15 08:30:00,2026/06/15 09:24:04,,,,,,完了,2026/06/15 09:24:04
CASE-PO-000741,CASE-PN-000741,2,CASE-PO-000741_2,一次組立,A020,MB000103,MG001,WC000052,79,180,25,205,2026/06/15 10:56:02,2026/06/15 14:21:02,,EQ-A020,9005,高橋 四郎,25,78,98.7,1,1.3,2026/06/15 10:56:02,2026/06/15 13:58:04,,,,,,完了,2026/06/15 13:58:04
CASE-PO-000741,CASE-PN-000741,3,CASE-PO-000741_3,二次組立,A030,MB000103,MG001,WC000053,79,150,20,170,2026/06/16 00:41:35,2026/06/16 11:20:00,,EQ-A030,9005,高橋 四郎,20,78,98.7,0,0.0,2026/06/16 08:30:00,2026/06/16 11:21:07,,,,,,完了,2026/06/16 11:21:07
CASE-PO-000741,CASE-PN-000741,4,CASE-PO-000741_4,完成検査,A040,MB000103,MG001,WC000054,79,60,0,60,2026/06/16 17:48:59,2026/06/17 09:30:00,,EQ-A040,9005,高橋 四郎,0,79,100.0,0,0.0,2026/06/17 08:30:00,2026/06/17 09:40:12,,,,,,完了,2026/06/17 09:40:12
CASE-PO-000742,CASE-PN-000742,1,CASE-PO-000742_1,部品準備,A010,MB000103,MG001,WC000051,74,45,10,55,2026/06/29 08:30:00,2026/06/29 09:25:00,,EQ-A010,9003,佐藤 次郎,10,72,97.3,0,0.0,2026/06/29 08:30:00,2026/06/29 09:24:28,,,,,,完了,2026/06/29 09:24:28
CASE-PO-000742,CASE-PN-000742,2,CASE-PO-000742_2,一次組立,A020,MB000103,MG001,WC000052,74,180,25,205,2026/06/29 11:20:48,2026/06/29 14:45:48,,EQ-A020,9003,佐藤 次郎,25,72,97.3,1,1.4,2026/06/29 11:20:48,2026/06/29 14:52:22,,,,,,完了,2026/06/29 14:52:22
CASE-PO-000742,CASE-PN-000742,3,CASE-PO-000742_3,二次組立,A030,MB000103,MG001,WC000053,74,150,20,170,2026/06/29 17:45:33,2026/06/30 11:20:00,,EQ-A030,9003,佐藤 次郎,20,72,97.3,0,0.0,2026/06/30 08:30:00,2026/06/30 11:07:04,,,,,,完了,2026/06/30 11:07:04
CASE-PO-000742,CASE-PN-000742,4,CASE-PO-000742_4,完成検査,A040,MB000103,MG001,WC000054,74,60,0,60,2026/06/30 21:02:53,2026/07/01 09:30:00,,EQ-A040,9003,佐藤 次郎,,,,,,2026/07/01 08:30:00,,,,,,,生産中,2026/07/01 09:30:00
CASE-PO-000743,CASE-PN-000743,1,CASE-PO-000743_1,部品準備,A010,MB000102,MG001,WC000051,181,45,10,55,2026/06/08 08:30:00,2026/06/08 09:25:00,,EQ-A010,9003,佐藤 次郎,10,176,97.2,2,1.1,2026/06/08 08:30:00,2026/06/08 09:10:59,,,,,,完了,2026/06/08 09:10:59
CASE-PO-000743,CASE-PN-000743,2,CASE-PO-000743_2,一次組立,A020,MB000102,MG001,WC000052,181,180,25,205,2026/06/08 10:30:29,2026/06/08 13:55:29,,EQ-A020,9003,佐藤 次郎,25,177,97.8,1,0.6,2026/06/08 10:30:29,2026/06/08 13:18:35,,,,,,完了,2026/06/08 13:18:35
CASE-PO-000743,CASE-PN-000743,3,CASE-PO-000743_3,二次組立,A030,MB000102,MG001,WC000053,181,150,20,170,2026/06/08 16:38:10,2026/06/09 10:28:00,,EQ-A030,9003,佐藤 次郎,20,177,97.8,2,1.1,2026/06/08 16:38:10,2026/06/09 10:13:37,,,,,,完了,2026/06/09 10:13:37
CASE-PO-000743,CASE-PN-000743,4,CASE-PO-000743_4,完成検査,A040,MB000102,MG001,WC000054,181,60,0,60,2026/06/09 19:31:10,2026/06/10 09:30:00,,EQ-A040,9003,佐藤 次郎,0,179,98.9,0,0.0,2026/06/10 08:30:00,2026/06/10 09:28:00,,,,,,完了,2026/06/10 09:28:00
CASE-PO-000744,CASE-PN-000744,1,CASE-PO-000744_1,部品準備,A010,MB000102,MG001,WC000051,173,45,10,55,2026/06/19 08:30:00,2026/06/19 09:25:00,,EQ-A010,9005,高橋 四郎,10,171,98.8,0,0.0,2026/06/19 08:30:00,2026/06/19 09:16:55,,,,,,完了,2026/06/19 09:16:55
CASE-PO-000744,CASE-PN-000744,2,CASE-PO-000744_2,一次組立,A020,MB000102,MG001,WC000052,173,180,25,205,2026/06/19 17:11:06,2026/06/22 11:36:00,,EQ-A020,9005,高橋 四郎,25,168,97.1,2,1.2,2026/06/19 17:11:06,2026/06/22 11:19:03,,,,,,完了,2026/06/22 11:19:03
CASE-PO-000744,CASE-PN-000744,3,CASE-PO-000744_3,二次組立,A030,MB000102,MG001,WC000053,173,150,20,170,2026/06/22 20:19:32,2026/06/23 11:20:00,,EQ-A030,9005,高橋 四郎,,,,,,2026/06/23 08:30:00,,,,,,,生産中,2026/06/23 11:20:00
CASE-PO-000744,CASE-PN-000744,4,CASE-PO-000744_4,完成検査,A040,MB000102,MG001,WC000054,173,60,0,60,2026/06/23 14:19:27,2026/06/23 15:19:27,,EQ-A040,9005,高橋 四郎,,,,,,,,,,,,,開始待ち,2026/06/23 15:19:27
CASE-PO-000745,CASE-PN-000745,1,CASE-PO-000745_1,部品準備,A010,MB000103,MG001,WC000051,84,45,10,55,2026/05/25 08:30:00,2026/05/25 09:25:00,,EQ-A010,9005,高橋 四郎,10,83,98.8,0,0.0,2026/05/25 08:30:00,2026/05/25 09:19:45,,,,,,完了,2026/05/25 09:19:45
CASE-PO-000745,CASE-PN-000745,2,CASE-PO-000745_2,一次組立,A020,MB000103,MG001,WC000052,84,180,25,205,2026/05/25 11:52:49,2026/05/25 15:17:49,,EQ-A020,9005,高橋 四郎,25,82,97.6,1,1.2,2026/05/25 11:52:49,2026/05/25 14:29:00,,,,,,完了,2026/05/25 14:29:00
CASE-PO-000745,CASE-PN-000745,3,CASE-PO-000745_3,二次組立,A030,MB000103,MG001,WC000053,84,150,20,170,2026/05/26 00:30:21,2026/05/26 11:20:00,,EQ-A030,9005,高橋 四郎,20,83,98.8,0,0.0,2026/05/26 08:30:00,2026/05/26 10:48:00,,,,,,完了,2026/05/26 10:48:00
CASE-PO-000745,CASE-PN-000745,4,CASE-PO-000745_4,完成検査,A040,MB000103,MG001,WC000054,84,60,0,60,2026/05/26 14:21:33,2026/05/26 15:21:33,,EQ-A040,9005,高橋 四郎,0,83,98.8,0,0.0,2026/05/26 14:21:33,2026/05/26 15:19:41,,,,,,完了,2026/05/26 15:19:41
CASE-PO-000746,CASE-PN-000746,1,CASE-PO-000746_1,部品準備,A010,MB000103,MG001,WC000051,84,45,10,55,2026/05/20 08:30:00,2026/05/20 09:25:00,,EQ-A010,9001,山田 太郎,10,82,97.6,1,1.2,2026/05/20 08:30:00,2026/05/20 09:18:37,,,,,,完了,2026/05/20 09:18:37
CASE-PO-000746,CASE-PN-000746,2,CASE-PO-000746_2,一次組立,A020,MB000103,MG001,WC000052,84,180,25,205,2026/05/20 14:42:24,2026/05/21 09:07:00,,EQ-A020,9001,山田 太郎,25,82,97.6,0,0.0,2026/05/20 14:42:24,2026/05/21 08:36:50,,,,,,完了,2026/05/21 08:36:50
CASE-PO-000746,CASE-PN-000746,3,CASE-PO-000746_3,二次組立,A030,MB000103,MG001,WC000053,84,150,20,170,2026/05/21 16:58:44,2026/05/22 10:48:00,,EQ-A030,9001,山田 太郎,20,83,98.8,0,0.0,2026/05/21 16:58:44,2026/05/22 10:55:39,,,,,,完了,2026/05/22 10:55:39
CASE-PO-000746,CASE-PN-000746,4,CASE-PO-000746_4,完成検査,A040,MB000103,MG001,WC000054,84,60,0,60,2026/05/22 13:18:17,2026/05/22 14:18:17,,EQ-A040,9001,山田 太郎,0,83,98.8,2,2.4,2026/05/22 13:18:17,2026/05/22 14:31:15,,,,,,完了,2026/05/22 14:31:15
CASE-PO-000747,CASE-PN-000747,1,CASE-PO-000747_1,部品準備,A010,MB000103,MG001,WC000051,40,45,10,55,2026/05/29 08:30:00,2026/05/29 09:25:00,,EQ-A010,9005,高橋 四郎,10,39,97.5,1,2.5,2026/05/29 08:30:00,2026/05/29 09:08:48,,,,,,完了,2026/05/29 09:08:48
CASE-PO-000747,CASE-PN-000747,2,CASE-PO-000747_2,一次組立,A020,MB000103,MG001,WC000052,40,180,25,205,2026/05/29 13:36:19,2026/05/29 17:01:19,,EQ-A020,9005,高橋 四郎,25,39,97.5,0,0.0,2026/05/29 13:36:19,2026/05/29 16:31:16,,,,,,完了,2026/05/29 16:31:16
CASE-PO-000747,CASE-PN-000747,3,CASE-PO-000747_3,二次組立,A030,MB000103,MG001,WC000053,40,150,20,170,2026/05/30 04:25:18,2026/06/01 11:20:00,,EQ-A030,9005,高橋 四郎,20,40,100.0,0,0.0,2026/06/01 08:30:00,2026/06/01 10:59:04,,,,,,完了,2026/06/01 10:59:04
CASE-PO-000747,CASE-PN-000747,4,CASE-PO-000747_4,完成検査,A040,MB000103,MG001,WC000054,40,60,0,60,2026/06/01 16:13:05,2026/06/01 17:13:05,,EQ-A040,9005,高橋 四郎,0,40,100.0,1,2.5,2026/06/01 16:13:05,2026/06/01 17:18:27,,,,,,完了,2026/06/01 17:18:27
CASE-PO-000748,CASE-PN-000748,1,CASE-PO-000748_1,部品準備,A010,MB000102,MG001,WC000051,62,45,10,55,2026/05/18 08:30:00,2026/05/18 09:25:00,,EQ-A010,9002,鈴木 花子,10,62,100.0,1,1.6,2026/05/18 08:30:00,2026/05/18 09:08:15,,,,,,完了,2026/05/18 09:08:15
CASE-PO-000748,CASE-PN-000748,2,CASE-PO-000748_2,一次組立,A020,MB000102,MG001,WC000052,62,180,25,205,2026/05/18 13:09:32,2026/05/18 16:34:32,,EQ-A020,9002,鈴木 花子,25,61,98.4,1,1.6,2026/05/18 13:09:32,2026/05/18 15:49:34,,,,,,完了,2026/05/18 15:49:34
CASE-PO-000748,CASE-PN-000748,3,CASE-PO-000748_3,二次組立,A030,MB000102,MG001,WC000053,62,150,20,170,2026/05/19 01:11:25,2026/05/19 11:20:00,,EQ-A030,9002,鈴木 花子,20,61,98.4,1,1.6,2026/05/19 08:30:00,2026/05/19 11:24:42,,,,,,完了,2026/05/19 11:24:42
CASE-PO-000748,CASE-PN-000748,4,CASE-PO-000748_4,完成検査,A040,MB000102,MG001,WC000054,62,60,0,60,2026/05/19 12:57:20,2026/05/19 13:57:20,,EQ-A040,9002,鈴木 花子,0,61,98.4,0,0.0,2026/05/19 12:57:20,2026/05/19 14:11:04,,,,,,完了,2026/05/19 14:11:04
CASE-PO-000749,CASE-PN-000749,1,CASE-PO-000749_1,部品準備,A010,MB000102,MG001,WC000051,70,45,10,55,2026/06/10 08:30:00,2026/06/10 09:25:00,,EQ-A010,9001,山田 太郎,10,70,100.0,0,0.0,2026/06/10 08:30:00,2026/06/10 09:16:44,,,,,,完了,2026/06/10 09:16:44
CASE-PO-000749,CASE-PN-000749,2,CASE-PO-000749_2,一次組立,A020,MB000102,MG001,WC000052,70,180,25,205,2026/06/10 12:32:16,2026/06/10 15:57:16,,EQ-A020,9001,山田 太郎,25,69,98.6,0,0.0,2026/06/10 12:32:16,2026/06/10 15:26:32,,,,,,完了,2026/06/10 15:26:32
CASE-PO-000749,CASE-PN-000749,3,CASE-PO-000749_3,二次組立,A030,MB000102,MG001,WC000053,70,150,20,170,2026/06/10 20:41:07,2026/06/11 11:20:00,,EQ-A030,9001,山田 太郎,20,70,100.0,0,0.0,2026/06/11 08:30:00,2026/06/11 11:19:15,,,,,,完了,2026/06/11 11:19:15
CASE-PO-000749,CASE-PN-000749,4,CASE-PO-000749_4,完成検査,A040,MB000102,MG001,WC000054,70,60,0,60,2026/06/11 16:03:34,2026/06/11 17:03:34,,EQ-A040,9001,山田 太郎,0,68,97.1,0,0.0,2026/06/11 16:03:34,2026/06/11 17:08:47,,,,,,完了,2026/06/11 17:08:47
CASE-PO-000750,CASE-PN-000750,1,CASE-PO-000750_1,部品準備,A010,MB000103,MG001,WC000051,39,45,10,55,2026/06/15 08:30:00,2026/06/15 09:25:00,,EQ-A010,9005,高橋 四郎,10,39,100.0,0,0.0,2026/06/15 08:30:00,2026/06/15 09:19:45,,,,,,完了,2026/06/15 09:19:45
CASE-PO-000750,CASE-PN-000750,2,CASE-PO-000750_2,一次組立,A020,MB000103,MG001,WC000052,39,180,25,205,2026/06/15 16:17:59,2026/06/16 10:42:00,,EQ-A020,9005,高橋 四郎,25,38,97.4,1,2.6,2026/06/15 16:17:59,2026/06/16 10:34:25,,,,,,完了,2026/06/16 10:34:25
CASE-PO-000750,CASE-PN-000750,3,CASE-PO-000750_3,二次組立,A030,MB000103,MG001,WC000053,39,150,20,170,2026/06/16 18:04:26,2026/06/17 11:20:00,,EQ-A030,9005,高橋 四郎,20,39,100.0,0,0.0,2026/06/17 08:30:00,2026/06/17 11:21:06,,,,,,完了,2026/06/17 11:21:06
CASE-PO-000750,CASE-PN-000750,4,CASE-PO-000750_4,完成検査,A040,MB000103,MG001,WC000054,39,60,0,60,2026/06/17 14:44:43,2026/06/17 15:44:43,,EQ-A040,9005,高橋 四郎,0,39,100.0,0,0.0,2026/06/17 14:44:43,2026/06/17 15:46:43,,,,,,完了,2026/06/17 15:46:43
CASE-PO-000751,CASE-PN-000751,1,CASE-PO-000751_1,部品準備,A010,MB000101,MG001,WC000051,84,45,10,55,2026/07/06 08:30:00,2026/07/06 09:25:00,,EQ-A010,9003,佐藤 次郎,10,84,100.0,0,0.0,2026/07/06 08:30:00,2026/07/06 09:24:56,,,,,,完了,2026/07/06 09:24:56
CASE-PO-000751,CASE-PN-000751,2,CASE-PO-000751_2,一次組立,A020,MB000101,MG001,WC000052,84,180,25,205,2026/07/06 10:48:38,2026/07/06 14:13:38,,EQ-A020,9003,佐藤 次郎,25,82,97.6,1,1.2,2026/07/06 10:48:38,2026/07/06 13:35:48,,,,,,完了,2026/07/06 13:35:48
CASE-PO-000751,CASE-PN-000751,3,CASE-PO-000751_3,二次組立,A030,MB000101,MG001,WC000053,84,150,20,170,2026/07/06 19:58:55,2026/07/07 11:20:00,,EQ-A030,9003,佐藤 次郎,20,83,98.8,2,2.4,2026/07/07 08:30:00,2026/07/07 10:47:01,,,,,,完了,2026/07/07 10:47:01
CASE-PO-000751,CASE-PN-000751,4,CASE-PO-000751_4,完成検査,A040,MB000101,MG001,WC000054,84,60,0,60,2026/07/07 19:11:15,2026/07/08 09:30:00,,EQ-A040,9003,佐藤 次郎,0,83,98.8,1,1.2,2026/07/08 08:30:00,2026/07/08 09:24:50,,,,,,完了,2026/07/08 09:24:50
CASE-PO-000752,CASE-PN-000752,1,CASE-PO-000752_1,部品準備,A010,MB000101,MG001,WC000051,117,45,10,55,2026/06/01 08:30:00,2026/06/01 09:25:00,,EQ-A010,9001,山田 太郎,10,116,99.1,1,0.9,2026/06/01 08:30:00,2026/06/01 09:17:32,,,,,,完了,2026/06/01 09:17:32
CASE-PO-000752,CASE-PN-000752,2,CASE-PO-000752_2,一次組立,A020,MB000101,MG001,WC000052,117,180,25,205,2026/06/01 15:05:21,2026/06/02 09:30:00,,EQ-A020,9001,山田 太郎,25,116,99.1,2,1.7,2026/06/01 15:05:21,2026/06/02 08:41:25,,,,,,完了,2026/06/02 08:41:25
CASE-PO-000752,CASE-PN-000752,3,CASE-PO-000752_3,二次組立,A030,MB000101,MG001,WC000053,117,150,20,170,2026/06/02 12:57:28,2026/06/02 15:47:28,,EQ-A030,9001,山田 太郎,20,116,99.1,1,0.9,2026/06/02 12:57:28,2026/06/02 15:24:26,,,,,,完了,2026/06/02 15:24:26
CASE-PO-000752,CASE-PN-000752,4,CASE-PO-000752_4,完成検査,A040,MB000101,MG001,WC000054,117,60,0,60,2026/06/02 22:22:26,2026/06/03 09:30:00,,EQ-A040,9001,山田 太郎,0,115,98.3,2,1.7,2026/06/03 08:30:00,2026/06/03 09:31:44,,,,,,完了,2026/06/03 09:31:44
CASE-PO-000753,CASE-PN-000753,1,CASE-PO-000753_1,部品準備,A010,MB000103,MG001,WC000051,55,45,10,55,2026/06/08 08:30:00,2026/06/08 09:25:00,,EQ-A010,9003,佐藤 次郎,10,54,98.2,1,1.8,2026/06/08 08:30:00,2026/06/08 09:23:24,,,,,,完了,2026/06/08 09:23:24
CASE-PO-000753,CASE-PN-000753,2,CASE-PO-000753_2,一次組立,A020,MB000103,MG001,WC000052,55,180,25,205,2026/06/08 16:21:58,2026/06/09 10:46:00,,EQ-A020,9003,佐藤 次郎,25,54,98.2,1,1.8,2026/06/08 16:21:58,2026/06/09 10:19:46,,,,,,完了,2026/06/09 10:19:46
CASE-PO-000753,CASE-PN-000753,3,CASE-PO-000753_3,二次組立,A030,MB000103,MG001,WC000053,55,150,20,170,2026/06/09 17:23:25,2026/06/10 11:13:00,,EQ-A030,9003,佐藤 次郎,20,54,98.2,0,0.0,2026/06/09 17:23:25,2026/06/10 11:29:51,,,,,,完了,2026/06/10 11:29:51
CASE-PO-000753,CASE-PN-000753,4,CASE-PO-000753_4,完成検査,A040,MB000103,MG001,WC000054,55,60,0,60,2026/06/10 21:04:59,2026/06/11 09:30:00,,EQ-A040,9003,佐藤 次郎,0,54,98.2,0,0.0,2026/06/11 08:30:00,2026/06/11 09:38:52,,,,,,完了,2026/06/11 09:38:52
CASE-PO-000754,CASE-PN-000754,1,CASE-PO-000754_1,部品準備,A010,MB000101,MG001,WC000051,50,45,10,55,2026/05/27 08:30:00,2026/05/27 09:25:00,,EQ-A010,9002,鈴木 花子,10,49,98.0,0,0.0,2026/05/27 08:30:00,2026/05/27 09:15:09,,,,,,完了,2026/05/27 09:15:09
CASE-PO-000754,CASE-PN-000754,2,CASE-PO-000754_2,一次組立,A020,MB000101,MG001,WC000052,50,180,25,205,2026/05/27 14:26:55,2026/05/28 08:51:00,,EQ-A020,9002,鈴木 花子,25,49,98.0,1,2.0,2026/05/27 14:26:55,2026/05/27 17:00:43,,,,,,完了,2026/05/27 17:00:43
CASE-PO-000754,CASE-PN-000754,3,CASE-PO-000754_3,二次組立,A030,MB000101,MG001,WC000053,50,150,20,170,2026/05/27 22:25:14,2026/05/28 11:20:00,,EQ-A030,9002,鈴木 花子,20,49,98.0,1,2.0,2026/05/28 08:30:00,2026/05/28 11:00:50,,,,,,完了,2026/05/28 11:00:50
CASE-PO-000754,CASE-PN-000754,4,CASE-PO-000754_4,完成検査,A040,MB000101,MG001,WC000054,50,60,0,60,2026/05/28 19:36:22,2026/05/29 09:30:00,,EQ-A040,9002,鈴木 花子,0,49,98.0,0,0.0,2026/05/29 08:30:00,2026/05/29 09:21:54,,,,,,完了,2026/05/29 09:21:54
CASE-PO-000755,CASE-PN-000755,1,CASE-PO-000755_1,部品準備,A010,MB000103,MG001,WC000051,66,45,10,55,2026/06/05 08:30:00,2026/06/05 09:25:00,,EQ-A010,9001,山田 太郎,10,65,98.5,0,0.0,2026/06/05 08:30:00,2026/06/05 09:09:34,,,,,,完了,2026/06/05 09:09:34
CASE-PO-000755,CASE-PN-000755,2,CASE-PO-000755_2,一次組立,A020,MB000103,MG001,WC000052,66,180,25,205,2026/06/05 14:42:49,2026/06/08 09:07:00,,EQ-A020,9001,山田 太郎,25,64,97.0,0,0.0,2026/06/05 14:42:49,2026/06/08 09:10:53,,,,,,完了,2026/06/08 09:10:53
CASE-PO-000755,CASE-PN-000755,3,CASE-PO-000755_3,二次組立,A030,MB000103,MG001,WC000053,66,150,20,170,2026/06/08 15:10:36,2026/06/09 09:00:00,,EQ-A030,9001,山田 太郎,20,66,100.0,1,1.5,2026/06/08 15:10:36,2026/06/09 08:30:55,,,,,,完了,2026/06/09 08:30:55
CASE-PO-000755,CASE-PN-000755,4,CASE-PO-000755_4,完成検査,A040,MB000103,MG001,WC000054,66,60,0,60,2026/06/09 16:12:46,2026/06/09 17:12:46,,EQ-A040,9001,山田 太郎,0,66,100.0,1,1.5,2026/06/09 16:12:46,2026/06/09 17:18:44,,,,,,完了,2026/06/09 17:18:44
CASE-PO-000756,CASE-PN-000756,1,CASE-PO-000756_1,部品準備,A010,MB000103,MG001,WC000051,44,45,10,55,2026/06/29 08:30:00,2026/06/29 09:25:00,,EQ-A010,9005,高橋 四郎,10,43,97.7,1,2.3,2026/06/29 08:30:00,2026/06/29 09:15:25,,,,,,完了,2026/06/29 09:15:25
CASE-PO-000756,CASE-PN-000756,2,CASE-PO-000756_2,一次組立,A020,MB000103,MG001,WC000052,44,180,25,205,2026/06/29 16:13:55,2026/06/30 10:38:00,,EQ-A020,9005,高橋 四郎,25,43,97.7,1,2.3,2026/06/29 16:13:55,2026/06/30 09:51:23,,,,,,完了,2026/06/30 09:51:23
CASE-PO-000756,CASE-PN-000756,3,CASE-PO-000756_3,二次組立,A030,MB000103,MG001,WC000053,44,150,20,170,2026/06/30 19:19:20,2026/07/01 11:20:00,,EQ-A030,9005,高橋 四郎,20,44,100.0,1,2.3,2026/07/01 08:30:00,2026/07/01 11:14:02,,,,,,完了,2026/07/01 11:14:02
CASE-PO-000756,CASE-PN-000756,4,CASE-PO-000756_4,完成検査,A040,MB000103,MG001,WC000054,44,60,0,60,2026/07/01 12:52:34,2026/07/01 13:52:34,,EQ-A040,9005,高橋 四郎,0,43,97.7,0,0.0,2026/07/01 12:52:34,2026/07/01 13:47:46,,,,,,完了,2026/07/01 13:47:46
CASE-PO-000757,CASE-PN-000757,1,CASE-PO-000757_1,部品準備,A010,MB000101,MG001,WC000051,66,45,10,55,2026/06/23 08:30:00,2026/06/23 09:25:00,,EQ-A010,9002,鈴木 花子,10,65,98.5,0,0.0,2026/06/23 08:30:00,2026/06/23 09:14:29,,,,,,完了,2026/06/23 09:14:29
CASE-PO-000757,CASE-PN-000757,2,CASE-PO-000757_2,一次組立,A020,MB000101,MG001,WC000052,66,180,25,205,2026/06/23 15:08:56,2026/06/24 09:33:00,,EQ-A020,9002,鈴木 花子,25,66,100.0,0,0.0,2026/06/23 15:08:56,2026/06/24 09:48:24,,,,,,完了,2026/06/24 09:48:24
CASE-PO-000757,CASE-PN-000757,3,CASE-PO-000757_3,二次組立,A030,MB000101,MG001,WC000053,66,150,20,170,2026/06/24 20:27:08,2026/06/25 11:20:00,,EQ-A030,9002,鈴木 花子,20,64,97.0,1,1.5,2026/06/25 08:30:00,2026/06/25 11:11:52,,,,,,完了,2026/06/25 11:11:52
CASE-PO-000757,CASE-PN-000757,4,CASE-PO-000757_4,完成検査,A040,MB000101,MG001,WC000054,66,60,0,60,2026/06/25 20:37:25,2026/06/26 09:30:00,,EQ-A040,9002,鈴木 花子,0,66,100.0,1,1.5,2026/06/26 08:30:00,2026/06/26 09:42:31,,,,,,完了,2026/06/26 09:42:31
CASE-PO-000758,CASE-PN-000758,1,CASE-PO-000758_1,部品準備,A010,MB000101,MG001,WC000051,55,45,10,55,2026/06/18 08:30:00,2026/06/18 09:25:00,,EQ-A010,9001,山田 太郎,10,54,98.2,0,0.0,2026/06/18 08:30:00,2026/06/18 09:23:38,,,,,,完了,2026/06/18 09:23:38
CASE-PO-000758,CASE-PN-000758,2,CASE-PO-000758_2,一次組立,A020,MB000101,MG001,WC000052,55,180,25,205,2026/06/18 12:18:48,2026/06/18 15:43:48,,EQ-A020,9001,山田 太郎,25,54,98.2,0,0.0,2026/06/18 12:18:48,2026/06/18 16:00:02,,,,,,完了,2026/06/18 16:00:02
CASE-PO-000758,CASE-PN-000758,3,CASE-PO-000758_3,二次組立,A030,MB000101,MG001,WC000053,55,150,20,170,2026/06/18 23:53:29,2026/06/19 11:20:00,,EQ-A030,9001,山田 太郎,20,55,100.0,0,0.0,2026/06/19 08:30:00,2026/06/19 10:39:33,,,,,,完了,2026/06/19 10:39:33
CASE-PO-000758,CASE-PN-000758,4,CASE-PO-000758_4,完成検査,A040,MB000101,MG001,WC000054,55,60,0,60,2026/06/19 19:01:16,2026/06/22 09:30:00,,EQ-A040,9001,山田 太郎,0,54,98.2,1,1.8,2026/06/22 08:30:00,2026/06/22 09:44:21,,,,,,完了,2026/06/22 09:44:21
CASE-PO-000759,CASE-PN-000759,1,CASE-PO-000759_1,部品準備,A010,MB000101,MG001,WC000051,77,45,10,55,2026/06/01 08:30:00,2026/06/01 09:25:00,,EQ-A010,9003,佐藤 次郎,10,76,98.7,1,1.3,2026/06/01 08:30:00,2026/06/01 09:09:43,,,,,,完了,2026/06/01 09:09:43
CASE-PO-000759,CASE-PN-000759,2,CASE-PO-000759_2,一次組立,A020,MB000101,MG001,WC000052,77,180,25,205,2026/06/01 14:26:29,2026/06/02 08:51:00,,EQ-A020,9003,佐藤 次郎,25,76,98.7,0,0.0,2026/06/01 14:26:29,2026/06/01 17:29:34,,,,,,完了,2026/06/01 17:29:34
CASE-PO-000759,CASE-PN-000759,3,CASE-PO-000759_3,二次組立,A030,MB000101,MG001,WC000053,77,150,20,170,2026/06/02 03:10:11,2026/06/02 11:20:00,,EQ-A030,9003,佐藤 次郎,20,76,98.7,1,1.3,2026/06/02 08:30:00,2026/06/02 10:47:31,,,,,,完了,2026/06/02 10:47:31
CASE-PO-000759,CASE-PN-000759,4,CASE-PO-000759_4,完成検査,A040,MB000101,MG001,WC000054,77,60,0,60,2026/06/02 19:03:36,2026/06/03 09:30:00,,EQ-A040,9003,佐藤 次郎,0,76,98.7,1,1.3,2026/06/03 08:30:00,2026/06/03 09:39:59,,,,,,完了,2026/06/03 09:39:59
CASE-PO-000760,CASE-PN-000760,1,CASE-PO-000760_1,部品準備,A010,MB000103,MG001,WC000051,53,45,10,55,2026/06/15 08:30:00,2026/06/15 09:25:00,,EQ-A010,9005,高橋 四郎,10,52,98.1,0,0.0,2026/06/15 08:30:00,2026/06/15 09:17:26,,,,,,完了,2026/06/15 09:17:26
CASE-PO-000760,CASE-PN-000760,2,CASE-PO-000760_2,一次組立,A020,MB000103,MG001,WC000052,53,180,25,205,2026/06/15 15:38:38,2026/06/16 10:03:00,,EQ-A020,9005,高橋 四郎,25,52,98.1,0,0.0,2026/06/15 15:38:38,2026/06/16 10:03:50,,,,,,完了,2026/06/16 10:03:50
CASE-PO-000760,CASE-PN-000760,3,CASE-PO-000760_3,二次組立,A030,MB000103,MG001,WC000053,53,150,20,170,2026/06/16 21:41:49,2026/06/17 11:20:00,,EQ-A030,9005,高橋 四郎,20,52,98.1,0,0.0,2026/06/17 08:30:00,2026/06/17 10:40:10,,,,,,完了,2026/06/17 10:40:10
CASE-PO-000760,CASE-PN-000760,4,CASE-PO-000760_4,完成検査,A040,MB000103,MG001,WC000054,53,60,0,60,2026/06/17 19:26:18,2026/06/18 09:30:00,,EQ-A040,9005,高橋 四郎,0,52,98.1,1,1.9,2026/06/18 08:30:00,2026/06/18 09:26:13,,,,,,完了,2026/06/18 09:26:13
CASE-PO-000761,CASE-PN-000761,1,CASE-PO-000761_1,部品準備,A010,MB000102,MG001,WC000051,161,45,10,55,2026/05/12 08:30:00,2026/05/12 09:25:00,,EQ-A010,9003,佐藤 次郎,10,158,98.1,1,0.6,2026/05/12 08:30:00,2026/05/12 09:22:28,,,,,,完了,2026/05/12 09:22:28
CASE-PO-000761,CASE-PN-000761,2,CASE-PO-000761_2,一次組立,A020,MB000102,MG001,WC000052,161,180,25,205,2026/05/12 10:43:40,2026/05/12 14:08:40,,EQ-A020,9003,佐藤 次郎,25,158,98.1,3,1.9,2026/05/12 10:43:40,2026/05/12 13:40:31,,,,,,完了,2026/05/12 13:40:31
CASE-PO-000761,CASE-PN-000761,3,CASE-PO-000761_3,二次組立,A030,MB000102,MG001,WC000053,161,150,20,170,2026/05/13 01:18:47,2026/05/13 11:20:00,,EQ-A030,9003,佐藤 次郎,20,161,100.0,1,0.6,2026/05/13 08:30:00,2026/05/13 11:02:02,,,,,,完了,2026/05/13 11:02:02
CASE-PO-000761,CASE-PN-000761,4,CASE-PO-000761_4,完成検査,A040,MB000102,MG001,WC000054,161,60,0,60,2026/05/13 12:25:43,2026/05/13 13:25:43,,EQ-A040,9003,佐藤 次郎,0,160,99.4,2,1.2,2026/05/13 12:25:43,2026/05/13 13:18:22,,,,,,完了,2026/05/13 13:18:22
CASE-PO-000762,CASE-PN-000762,1,CASE-PO-000762_1,部品準備,A010,MB000103,MG001,WC000051,30,45,10,55,2026/05/22 08:30:00,2026/05/22 09:25:00,,EQ-A010,9001,山田 太郎,10,30,100.0,0,0.0,2026/05/22 08:30:00,2026/05/22 09:21:00,,,,,,完了,2026/05/22 09:21:00
CASE-PO-000762,CASE-PN-000762,2,CASE-PO-000762_2,一次組立,A020,MB000103,MG001,WC000052,30,180,25,205,2026/05/22 11:26:35,2026/05/22 14:51:35,,EQ-A020,9001,山田 太郎,25,29,96.7,0,0.0,2026/05/22 11:26:35,2026/05/22 14:22:14,,,,,,完了,2026/05/22 14:22:14
CASE-PO-000762,CASE-PN-000762,3,CASE-PO-000762_3,二次組立,A030,MB000103,MG001,WC000053,30,150,20,170,2026/05/22 23:43:10,2026/05/25 11:20:00,,EQ-A030,9001,山田 太郎,20,29,96.7,0,0.0,2026/05/25 08:30:00,2026/05/25 11:24:28,,,,,,完了,2026/05/25 11:24:28
CASE-PO-000762,CASE-PN-000762,4,CASE-PO-000762_4,完成検査,A040,MB000103,MG001,WC000054,30,60,0,60,2026/05/25 15:48:33,2026/05/25 16:48:33,,EQ-A040,9001,山田 太郎,0,30,100.0,0,0.0,2026/05/25 15:48:33,2026/05/25 16:57:11,,,,,,完了,2026/05/25 16:57:11
CASE-PO-000763,CASE-PN-000763,1,CASE-PO-000763_1,部品準備,A010,MB000103,MG001,WC000051,44,45,10,55,2026/05/15 08:30:00,2026/05/15 09:25:00,,EQ-A010,9002,鈴木 花子,10,43,97.7,0,0.0,2026/05/15 08:30:00,2026/05/15 09:14:21,,,,,,完了,2026/05/15 09:14:21
CASE-PO-000763,CASE-PN-000763,2,CASE-PO-000763_2,一次組立,A020,MB000103,MG001,WC000052,44,180,25,205,2026/05/15 16:46:30,2026/05/18 11:11:00,,EQ-A020,9002,鈴木 花子,25,43,97.7,1,2.3,2026/05/15 16:46:30,2026/05/18 10:19:05,,,,,,完了,2026/05/18 10:19:05
CASE-PO-000763,CASE-PN-000763,3,CASE-PO-000763_3,二次組立,A030,MB000103,MG001,WC000053,44,150,20,170,2026/05/18 14:19:22,2026/05/18 17:09:22,,EQ-A030,9002,鈴木 花子,20,44,100.0,0,0.0,2026/05/18 14:19:22,2026/05/18 17:18:46,,,,,,完了,2026/05/18 17:18:46
CASE-PO-000763,CASE-PN-000763,4,CASE-PO-000763_4,完成検査,A040,MB000103,MG001,WC000054,44,60,0,60,2026/05/18 19:06:27,2026/05/19 09:30:00,,EQ-A040,9002,鈴木 花子,0,43,97.7,1,2.3,2026/05/19 08:30:00,2026/05/19 09:25:59,,,,,,完了,2026/05/19 09:25:59
CASE-PO-000764,CASE-PN-000764,1,CASE-PO-000764_1,部品準備,A010,MB000101,MG001,WC000051,57,45,10,55,2026/05/19 08:30:00,2026/05/19 09:25:00,,EQ-A010,9003,佐藤 次郎,10,56,98.2,0,0.0,2026/05/19 08:30:00,2026/05/19 09:10:41,,,,,,完了,2026/05/19 09:10:41
CASE-PO-000764,CASE-PN-000764,2,CASE-PO-000764_2,一次組立,A020,MB000101,MG001,WC000052,57,180,25,205,2026/05/19 15:59:41,2026/05/20 10:24:00,,EQ-A020,9003,佐藤 次郎,25,55,96.5,0,0.0,2026/05/19 15:59:41,2026/05/20 09:47:48,,,,,,完了,2026/05/20 09:47:48
CASE-PO-000764,CASE-PN-000764,3,CASE-PO-000764_3,二次組立,A030,MB000101,MG001,WC000053,57,150,20,170,2026/05/20 14:00:47,2026/05/20 16:50:47,,EQ-A030,9003,佐藤 次郎,20,56,98.2,0,0.0,2026/05/20 14:00:47,2026/05/20 17:01:51,,,,,,完了,2026/05/20 17:01:51
CASE-PO-000764,CASE-PN-000764,4,CASE-PO-000764_4,完成検査,A040,MB000101,MG001,WC000054,57,60,0,60,2026/05/21 01:41:15,2026/05/21 09:30:00,,EQ-A040,9003,佐藤 次郎,0,56,98.2,0,0.0,2026/05/21 08:30:00,2026/05/21 09:29:56,,,,,,完了,2026/05/21 09:29:56
CASE-PO-000765,CASE-PN-000765,1,CASE-PO-000765_1,部品準備,A010,MB000102,MG001,WC000051,156,45,10,55,2026/07/01 08:30:00,2026/07/01 09:25:00,,EQ-A010,9002,鈴木 花子,10,155,99.4,3,1.9,2026/07/01 08:30:00,2026/07/01 09:24:50,,,,,,完了,2026/07/01 09:24:50
CASE-PO-000765,CASE-PN-000765,2,CASE-PO-000765_2,一次組立,A020,MB000102,MG001,WC000052,156,180,25,205,2026/07/01 16:07:13,2026/07/02 10:32:00,,EQ-A020,9002,鈴木 花子,25,156,100.0,1,0.6,2026/07/01 16:07:13,2026/07/02 09:56:20,,,,,,完了,2026/07/02 09:56:20
CASE-PO-000765,CASE-PN-000765,3,CASE-PO-000765_3,二次組立,A030,MB000102,MG001,WC000053,156,150,20,170,2026/07/02 14:52:50,2026/07/03 08:42:00,,EQ-A030,9002,鈴木 花子,20,152,97.4,0,0.0,2026/07/02 14:52:50,2026/07/03 08:58:19,,,,,,完了,2026/07/03 08:58:19
CASE-PO-000765,CASE-PN-000765,4,CASE-PO-000765_4,完成検査,A040,MB000102,MG001,WC000054,156,60,0,60,2026/07/03 10:40:45,2026/07/03 11:40:45,,EQ-A040,9002,鈴木 花子,0,153,98.1,2,1.3,2026/07/03 10:40:45,2026/07/03 11:38:09,,,,,,完了,2026/07/03 11:38:09
CASE-PO-000766,CASE-PN-000766,1,CASE-PO-000766_1,部品準備,A010,MB000101,MG001,WC000051,85,45,10,55,2026/05/27 08:30:00,2026/05/27 09:25:00,,EQ-A010,9002,鈴木 花子,10,83,97.6,0,0.0,2026/05/27 08:30:00,2026/05/27 09:25:22,,,,,,完了,2026/05/27 09:25:22
CASE-PO-000766,CASE-PN-000766,2,CASE-PO-000766_2,一次組立,A020,MB000101,MG001,WC000052,85,180,25,205,2026/05/27 13:37:26,2026/05/27 17:02:26,,EQ-A020,9002,鈴木 花子,25,85,100.0,0,0.0,2026/05/27 13:37:26,2026/05/27 16:31:53,,,,,,完了,2026/05/27 16:31:53
CASE-PO-000766,CASE-PN-000766,3,CASE-PO-000766_3,二次組立,A030,MB000101,MG001,WC000053,85,150,20,170,2026/05/28 01:01:13,2026/05/28 11:20:00,,EQ-A030,9002,鈴木 花子,20,84,98.8,0,0.0,2026/05/28 08:30:00,2026/05/28 11:34:04,,,,,,完了,2026/05/28 11:34:04
CASE-PO-000766,CASE-PN-000766,4,CASE-PO-000766_4,完成検査,A040,MB000101,MG001,WC000054,85,60,0,60,2026/05/28 16:39:38,2026/05/29 08:39:00,,EQ-A040,9002,鈴木 花子,0,83,97.6,1,1.2,2026/05/28 16:39:38,2026/05/29 08:52:37,,,,,,完了,2026/05/29 08:52:37
CASE-PO-000767,CASE-PN-000767,1,CASE-PO-000767_1,部品準備,A010,MB000101,MG001,WC000051,67,45,10,55,2026/06/03 08:30:00,2026/06/03 09:25:00,,EQ-A010,9002,鈴木 花子,10,67,100.0,0,0.0,2026/06/03 08:30:00,2026/06/03 09:17:22,,,,,,完了,2026/06/03 09:17:22
CASE-PO-000767,CASE-PN-000767,2,CASE-PO-000767_2,一次組立,A020,MB000101,MG001,WC000052,67,180,25,205,2026/06/03 12:56:06,2026/06/03 16:21:06,,EQ-A020,9002,鈴木 花子,25,67,100.0,1,1.5,2026/06/03 12:56:06,2026/06/03 15:47:30,,,,,,完了,2026/06/03 15:47:30
CASE-PO-000767,CASE-PN-000767,3,CASE-PO-000767_3,二次組立,A030,MB000101,MG001,WC000053,67,150,20,170,2026/06/03 23:43:38,2026/06/04 11:20:00,,EQ-A030,9002,鈴木 花子,20,66,98.5,1,1.5,2026/06/04 08:30:00,2026/06/04 10:51:18,,,,,,完了,2026/06/04 10:51:18
CASE-PO-000767,CASE-PN-000767,4,CASE-PO-000767_4,完成検査,A040,MB000101,MG001,WC000054,67,60,0,60,2026/06/04 19:15:07,2026/06/05 09:30:00,,EQ-A040,9002,鈴木 花子,0,66,98.5,1,1.5,2026/06/05 08:30:00,2026/06/05 09:33:39,,,,,,完了,2026/06/05 09:33:39
CASE-PO-000768,CASE-PN-000768,1,CASE-PO-000768_1,部品準備,A010,MB000102,MG001,WC000051,104,45,10,55,2026/05/27 08:30:00,2026/05/27 09:25:00,,EQ-A010,9002,鈴木 花子,10,103,99.0,1,1.0,2026/05/27 08:30:00,2026/05/27 09:20:15,,,,,,完了,2026/05/27 09:20:15
CASE-PO-000768,CASE-PN-000768,2,CASE-PO-000768_2,一次組立,A020,MB000102,MG001,WC000052,104,180,25,205,2026/05/27 13:34:29,2026/05/27 16:59:29,,EQ-A020,9002,鈴木 花子,25,103,99.0,1,1.0,2026/05/27 13:34:29,2026/05/27 16:52:05,,,,,,完了,2026/05/27 16:52:05
CASE-PO-000768,CASE-PN-000768,3,CASE-PO-000768_3,二次組立,A030,MB000102,MG001,WC000053,104,150,20,170,2026/05/27 20:17:10,2026/05/28 11:20:00,,EQ-A030,9002,鈴木 花子,20,102,98.1,1,1.0,2026/05/28 08:30:00,2026/05/28 10:47:56,,,,,,完了,2026/05/28 10:47:56
CASE-PO-000768,CASE-PN-000768,4,CASE-PO-000768_4,完成検査,A040,MB000102,MG001,WC000054,104,60,0,60,2026/05/28 18:10:59,2026/05/29 09:30:00,,EQ-A040,9002,鈴木 花子,0,103,99.0,0,0.0,2026/05/29 08:30:00,2026/05/29 09:41:59,,,,,,完了,2026/05/29 09:41:59
CASE-PO-000769,CASE-PN-000769,1,CASE-PO-000769_1,部品準備,A010,MB000103,MG001,WC000051,70,45,10,55,2026/06/15 08:30:00,2026/06/15 09:25:00,,EQ-A010,9003,佐藤 次郎,10,69,98.6,0,0.0,2026/06/15 08:30:00,2026/06/15 09:10:59,,,,,,完了,2026/06/15 09:10:59
CASE-PO-000769,CASE-PN-000769,2,CASE-PO-000769_2,一次組立,A020,MB000103,MG001,WC000052,70,180,25,205,2026/06/15 17:08:39,2026/06/16 11:33:00,,EQ-A020,9003,佐藤 次郎,25,68,97.1,1,1.4,2026/06/15 17:08:39,2026/06/16 11:48:02,,,,,,完了,2026/06/16 11:48:02
CASE-PO-000769,CASE-PN-000769,3,CASE-PO-000769_3,二次組立,A030,MB000103,MG001,WC000053,70,150,20,170,2026/06/16 18:14:38,2026/06/17 11:20:00,,EQ-A030,9003,佐藤 次郎,20,70,100.0,1,1.4,2026/06/17 08:30:00,2026/06/17 11:27:10,,,,,,完了,2026/06/17 11:27:10
CASE-PO-000769,CASE-PN-000769,4,CASE-PO-000769_4,完成検査,A040,MB000103,MG001,WC000054,70,60,0,60,2026/06/17 18:19:05,2026/06/18 09:30:00,,EQ-A040,9003,佐藤 次郎,0,70,100.0,1,1.4,2026/06/18 08:30:00,2026/06/18 09:38:36,,,,,,完了,2026/06/18 09:38:36
CASE-PO-000770,CASE-PN-000770,1,CASE-PO-000770_1,部品準備,A010,MB000103,MG001,WC000051,60,45,10,55,2026/06/22 08:30:00,2026/06/22 09:25:00,,EQ-A010,9005,高橋 四郎,10,60,100.0,1,1.7,2026/06/22 08:30:00,2026/06/22 09:09:17,,,,,,完了,2026/06/22 09:09:17
CASE-PO-000770,CASE-PN-000770,2,CASE-PO-000770_2,一次組立,A020,MB000103,MG001,WC000052,60,180,25,205,2026/06/22 16:06:47,2026/06/23 10:31:00,,EQ-A020,9005,高橋 四郎,25,59,98.3,1,1.7,2026/06/22 16:06:47,2026/06/23 09:46:08,,,,,,完了,2026/06/23 09:46:08
CASE-PO-000770,CASE-PN-000770,3,CASE-PO-000770_3,二次組立,A030,MB000103,MG001,WC000053,60,150,20,170,2026/06/23 19:43:01,2026/06/24 11:20:00,,EQ-A030,9005,高橋 四郎,20,59,98.3,1,1.7,2026/06/24 08:30:00,2026/06/24 10:51:55,,,,,,完了,2026/06/24 10:51:55
CASE-PO-000770,CASE-PN-000770,4,CASE-PO-000770_4,完成検査,A040,MB000103,MG001,WC000054,60,60,0,60,2026/06/24 15:59:09,2026/06/24 16:59:09,,EQ-A040,9005,高橋 四郎,0,59,98.3,1,1.7,2026/06/24 15:59:09,2026/06/24 17:11:27,,,,,,完了,2026/06/24 17:11:27
CASE-PO-000771,CASE-PN-000771,1,CASE-PO-000771_1,部品準備,A010,MB000102,MG001,WC000051,168,45,10,55,2026/05/13 08:30:00,2026/05/13 09:25:00,,EQ-A010,9003,佐藤 次郎,10,167,99.4,0,0.0,2026/05/13 08:30:00,2026/05/13 09:24:02,,,,,,完了,2026/05/13 09:24:02
CASE-PO-000771,CASE-PN-000771,2,CASE-PO-000771_2,一次組立,A020,MB000102,MG001,WC000052,168,180,25,205,2026/05/13 16:57:24,2026/05/14 11:22:00,,EQ-A020,9003,佐藤 次郎,25,166,98.8,1,0.6,2026/05/13 16:57:24,2026/05/14 10:48:38,,,,,,完了,2026/05/14 10:48:38
CASE-PO-000771,CASE-PN-000771,3,CASE-PO-000771_3,二次組立,A030,MB000102,MG001,WC000053,168,150,20,170,2026/05/14 15:27:15,2026/05/15 09:17:00,,EQ-A030,9003,佐藤 次郎,20,167,99.4,3,1.8,2026/05/14 15:27:15,2026/05/15 08:37:31,,,,,,完了,2026/05/15 08:37:31
CASE-PO-000771,CASE-PN-000771,4,CASE-PO-000771_4,完成検査,A040,MB000102,MG001,WC000054,168,60,0,60,2026/05/15 14:37:12,2026/05/15 15:37:12,,EQ-A040,9003,佐藤 次郎,0,167,99.4,2,1.2,2026/05/15 14:37:12,2026/05/15 15:40:46,,,,,,完了,2026/05/15 15:40:46
CASE-PO-000772,CASE-PN-000772,1,CASE-PO-000772_1,部品準備,A010,MB000103,MG001,WC000051,44,45,10,55,2026/05/11 08:30:00,2026/05/11 09:25:00,,EQ-A010,9003,佐藤 次郎,10,44,100.0,0,0.0,2026/05/11 08:30:00,2026/05/11 09:24:32,,,,,,完了,2026/05/11 09:24:32
CASE-PO-000772,CASE-PN-000772,2,CASE-PO-000772_2,一次組立,A020,MB000103,MG001,WC000052,44,180,25,205,2026/05/11 15:20:38,2026/05/12 09:45:00,,EQ-A020,9003,佐藤 次郎,25,43,97.7,0,0.0,2026/05/11 15:20:38,2026/05/12 09:38:46,,,,,,完了,2026/05/12 09:38:46
CASE-PO-000772,CASE-PN-000772,3,CASE-PO-000772_3,二次組立,A030,MB000103,MG001,WC000053,44,150,20,170,2026/05/12 16:22:55,2026/05/13 10:12:00,,EQ-A030,9003,佐藤 次郎,20,43,97.7,0,0.0,2026/05/12 16:22:55,2026/05/13 09:52:20,,,,,,完了,2026/05/13 09:52:20
CASE-PO-000772,CASE-PN-000772,4,CASE-PO-000772_4,完成検査,A040,MB000103,MG001,WC000054,44,60,0,60,2026/05/13 11:28:10,2026/05/13 12:28:10,,EQ-A040,9003,佐藤 次郎,0,43,97.7,1,2.3,2026/05/13 11:28:10,2026/05/13 12:26:22,,,,,,完了,2026/05/13 12:26:22
CASE-PO-000773,CASE-PN-000773,1,CASE-PO-000773_1,部品準備,A010,MB000103,MG001,WC000051,30,45,10,55,2026/06/22 08:30:00,2026/06/22 09:25:00,,EQ-A010,9002,鈴木 花子,10,30,100.0,0,0.0,2026/06/22 08:30:00,2026/06/22 09:12:01,,,,,,完了,2026/06/22 09:12:01
CASE-PO-000773,CASE-PN-000773,2,CASE-PO-000773_2,一次組立,A020,MB000103,MG001,WC000052,30,180,25,205,2026/06/22 14:36:56,2026/06/23 09:01:00,,EQ-A020,9002,鈴木 花子,25,29,96.7,0,0.0,2026/06/22 14:36:56,2026/06/23 08:37:13,,,,,,完了,2026/06/23 08:37:13
CASE-PO-000773,CASE-PN-000773,3,CASE-PO-000773_3,二次組立,A030,MB000103,MG001,WC000053,30,150,20,170,2026/06/23 13:52:50,2026/06/23 16:42:50,,EQ-A030,9002,鈴木 花子,20,30,100.0,0,0.0,2026/06/23 13:52:50,2026/06/23 16:36:16,,,,,,完了,2026/06/23 16:36:16
CASE-PO-000773,CASE-PN-000773,4,CASE-PO-000773_4,完成検査,A040,MB000103,MG001,WC000054,30,60,0,60,2026/06/23 23:20:10,2026/06/24 09:30:00,,EQ-A040,9002,鈴木 花子,0,30,100.0,0,0.0,2026/06/24 08:30:00,2026/06/24 09:25:42,,,,,,完了,2026/06/24 09:25:42
CASE-PO-000774,CASE-PN-000774,1,CASE-PO-000774_1,部品準備,A010,MB000101,MG001,WC000051,89,45,10,55,2026/06/24 08:30:00,2026/06/24 09:25:00,,EQ-A010,9004,田中 三郎,10,87,97.8,0,0.0,2026/06/24 08:30:00,2026/06/24 09:15:11,,,,,,完了,2026/06/24 09:15:11
CASE-PO-000774,CASE-PN-000774,2,CASE-PO-000774_2,一次組立,A020,MB000101,MG001,WC000052,89,180,25,205,2026/06/24 15:17:29,2026/06/25 09:42:00,,EQ-A020,9004,田中 三郎,25,86,96.6,1,1.1,2026/06/24 15:17:29,2026/06/25 09:34:27,,,,,,完了,2026/06/25 09:34:27
CASE-PO-000774,CASE-PN-000774,3,CASE-PO-000774_3,二次組立,A030,MB000101,MG001,WC000053,89,150,20,170,2026/06/25 18:44:20,2026/06/26 11:20:00,,EQ-A030,9004,田中 三郎,20,88,98.9,0,0.0,2026/06/26 08:30:00,2026/06/26 10:57:21,,,,,,完了,2026/06/26 10:57:21
CASE-PO-000774,CASE-PN-000774,4,CASE-PO-000774_4,完成検査,A040,MB000101,MG001,WC000054,89,60,0,60,2026/06/26 15:17:35,2026/06/26 16:17:35,,EQ-A040,9004,田中 三郎,0,87,97.8,1,1.1,2026/06/26 15:17:35,2026/06/26 16:16:48,,,,,,完了,2026/06/26 16:16:48
CASE-PO-000775,CASE-PN-000775,1,CASE-PO-000775_1,部品準備,A010,MB000101,MG001,WC000051,63,45,10,55,2026/06/26 08:30:00,2026/06/26 09:25:00,,EQ-A010,9002,鈴木 花子,10,62,98.4,0,0.0,2026/06/26 08:30:00,2026/06/26 09:17:43,,,,,,完了,2026/06/26 09:17:43
CASE-PO-000775,CASE-PN-000775,2,CASE-PO-000775_2,一次組立,A020,MB000101,MG001,WC000052,63,180,25,205,2026/06/26 16:15:58,2026/06/29 10:40:00,,EQ-A020,9002,鈴木 花子,25,61,96.8,0,0.0,2026/06/26 16:15:58,2026/06/29 10:02:46,,,,,,完了,2026/06/29 10:02:46
CASE-PO-000775,CASE-PN-000775,3,CASE-PO-000775_3,二次組立,A030,MB000101,MG001,WC000053,63,150,20,170,2026/06/29 17:49:07,2026/06/30 11:20:00,,EQ-A030,9002,鈴木 花子,20,63,100.0,1,1.6,2026/06/30 08:30:00,2026/06/30 11:04:38,,,,,,完了,2026/06/30 11:04:38
CASE-PO-000775,CASE-PN-000775,4,CASE-PO-000775_4,完成検査,A040,MB000101,MG001,WC000054,63,60,0,60,2026/06/30 20:29:31,2026/07/01 09:30:00,,EQ-A040,9002,鈴木 花子,0,61,96.8,0,0.0,2026/07/01 08:30:00,2026/07/01 09:44:53,,,,,,完了,2026/07/01 09:44:53
CASE-PO-000776,CASE-PN-000776,1,CASE-PO-000776_1,部品準備,A010,MB000103,MG001,WC000051,54,45,10,55,2026/05/13 08:30:00,2026/05/13 09:25:00,,EQ-A010,9004,田中 三郎,10,53,98.1,0,0.0,2026/05/13 08:30:00,2026/05/13 09:22:37,,,,,,完了,2026/05/13 09:22:37
CASE-PO-000776,CASE-PN-000776,2,CASE-PO-000776_2,一次組立,A020,MB000103,MG001,WC000052,54,180,25,205,2026/05/13 16:42:55,2026/05/14 11:07:00,,EQ-A020,9004,田中 三郎,25,54,100.0,0,0.0,2026/05/13 16:42:55,2026/05/14 10:44:07,,,,,,完了,2026/05/14 10:44:07
CASE-PO-000776,CASE-PN-000776,3,CASE-PO-000776_3,二次組立,A030,MB000103,MG001,WC000053,54,150,20,170,2026/05/14 17:41:05,2026/05/15 11:20:00,,EQ-A030,9004,田中 三郎,20,54,100.0,1,1.9,2026/05/15 08:30:00,2026/05/15 10:52:14,,,,,,完了,2026/05/15 10:52:14
CASE-PO-000776,CASE-PN-000776,4,CASE-PO-000776_4,完成検査,A040,MB000103,MG001,WC000054,54,60,0,60,2026/05/15 19:48:21,2026/05/18 09:30:00,,EQ-A040,9004,田中 三郎,0,53,98.1,1,1.9,2026/05/18 08:30:00,2026/05/18 09:36:05,,,,,,完了,2026/05/18 09:36:05
CASE-PO-000777,CASE-PN-000777,1,CASE-PO-000777_1,部品準備,A010,MB000102,MG001,WC000051,170,45,10,55,2026/05/26 08:30:00,2026/05/26 09:25:00,,EQ-A010,9004,田中 三郎,10,167,98.2,1,0.6,2026/05/26 08:30:00,2026/05/26 09:14:55,,,,,,完了,2026/05/26 09:14:55
CASE-PO-000777,CASE-PN-000777,2,CASE-PO-000777_2,一次組立,A020,MB000102,MG001,WC000052,170,180,25,205,2026/05/26 11:34:10,2026/05/26 14:59:10,,EQ-A020,9004,田中 三郎,25,167,98.2,2,1.2,2026/05/26 11:34:10,2026/05/26 14:47:45,,,,,,完了,2026/05/26 14:47:45
CASE-PO-000777,CASE-PN-000777,3,CASE-PO-000777_3,二次組立,A030,MB000102,MG001,WC000053,170,150,20,170,2026/05/27 01:28:05,2026/05/27 11:20:00,,EQ-A030,9004,田中 三郎,20,166,97.6,1,0.6,2026/05/27 08:30:00,2026/05/27 11:14:29,,,,,,完了,2026/05/27 11:14:29
CASE-PO-000777,CASE-PN-000777,4,CASE-PO-000777_4,完成検査,A040,MB000102,MG001,WC000054,170,60,0,60,2026/05/27 13:46:33,2026/05/27 14:46:33,,EQ-A040,9004,田中 三郎,0,168,98.8,2,1.2,2026/05/27 13:46:33,2026/05/27 14:52:03,,,,,,完了,2026/05/27 14:52:03
CASE-PO-000778,CASE-PN-000778,1,CASE-PO-000778_1,部品準備,A010,MB000102,MG001,WC000051,101,45,10,55,2026/06/01 08:30:00,2026/06/01 09:25:00,,EQ-A010,9004,田中 三郎,10,100,99.0,1,1.0,2026/06/01 08:30:00,2026/06/01 09:12:24,,,,,,完了,2026/06/01 09:12:24
CASE-PO-000778,CASE-PN-000778,2,CASE-PO-000778_2,一次組立,A020,MB000102,MG001,WC000052,101,180,25,205,2026/06/01 14:52:45,2026/06/02 09:17:00,,EQ-A020,9004,田中 三郎,25,99,98.0,0,0.0,2026/06/01 14:52:45,2026/06/02 08:47:05,,,,,,完了,2026/06/02 08:47:05
CASE-PO-000778,CASE-PN-000778,3,CASE-PO-000778_3,二次組立,A030,MB000102,MG001,WC000053,101,150,20,170,2026/06/02 13:08:54,2026/06/02 15:58:54,,EQ-A030,9004,田中 三郎,20,101,100.0,1,1.0,2026/06/02 13:08:54,2026/06/02 16:01:21,,,,,,完了,2026/06/02 16:01:21
CASE-PO-000778,CASE-PN-000778,4,CASE-PO-000778_4,完成検査,A040,MB000102,MG001,WC000054,101,60,0,60,2026/06/02 23:52:02,2026/06/03 09:30:00,,EQ-A040,9004,田中 三郎,0,98,97.0,1,1.0,2026/06/03 08:30:00,2026/06/03 09:30:54,,,,,,完了,2026/06/03 09:30:54
CASE-PO-000779,CASE-PN-000779,1,CASE-PO-000779_1,部品準備,A010,MB000103,MG001,WC000051,60,45,10,55,2026/05/28 08:30:00,2026/05/28 09:25:00,,EQ-A010,9002,鈴木 花子,10,58,96.7,1,1.7,2026/05/28 08:30:00,2026/05/28 09:08:34,,,,,,完了,2026/05/28 09:08:34
CASE-PO-000779,CASE-PN-000779,2,CASE-PO-000779_2,一次組立,A020,MB000103,MG001,WC000052,60,180,25,205,2026/05/28 16:39:56,2026/05/29 11:04:00,,EQ-A020,9002,鈴木 花子,25,59,98.3,1,1.7,2026/05/28 16:39:56,2026/05/29 10:30:35,,,,,,完了,2026/05/29 10:30:35
CASE-PO-000779,CASE-PN-000779,3,CASE-PO-000779_3,二次組立,A030,MB000103,MG001,WC000053,60,150,20,170,2026/05/29 19:25:03,2026/06/01 11:20:00,,EQ-A030,9002,鈴木 花子,20,59,98.3,1,1.7,2026/06/01 08:30:00,2026/06/01 11:35:25,,,,,,完了,2026/06/01 11:35:25
CASE-PO-000779,CASE-PN-000779,4,CASE-PO-000779_4,完成検査,A040,MB000103,MG001,WC000054,60,60,0,60,2026/06/01 13:30:50,2026/06/01 14:30:50,,EQ-A040,9002,鈴木 花子,0,59,98.3,1,1.7,2026/06/01 13:30:50,2026/06/01 14:36:43,,,,,,完了,2026/06/01 14:36:43
CASE-PO-000780,CASE-PN-000780,1,CASE-PO-000780_1,部品準備,A010,MB000101,MG001,WC000051,57,45,10,55,2026/06/25 08:30:00,2026/06/25 09:25:00,,EQ-A010,9005,高橋 四郎,10,56,98.2,0,0.0,2026/06/25 08:30:00,2026/06/25 09:23:34,,,,,,完了,2026/06/25 09:23:34
CASE-PO-000780,CASE-PN-000780,2,CASE-PO-000780_2,一次組立,A020,MB000101,MG001,WC000052,57,180,25,205,2026/06/25 10:24:41,2026/06/25 13:49:41,,EQ-A020,9005,高橋 四郎,25,55,96.5,1,1.8,2026/06/25 10:24:41,2026/06/25 13:24:55,,,,,,完了,2026/06/25 13:24:55
CASE-PO-000780,CASE-PN-000780,3,CASE-PO-000780_3,二次組立,A030,MB000101,MG001,WC000053,57,150,20,170,2026/06/25 19:04:02,2026/06/26 11:20:00,,EQ-A030,9005,高橋 四郎,20,57,100.0,1,1.8,2026/06/26 08:30:00,2026/06/26 11:15:35,,,,,,完了,2026/06/26 11:15:35
CASE-PO-000780,CASE-PN-000780,4,CASE-PO-000780_4,完成検査,A040,MB000101,MG001,WC000054,57,60,0,60,2026/06/26 14:17:10,2026/06/26 15:17:10,,EQ-A040,9005,高橋 四郎,0,57,100.0,0,0.0,2026/06/26 14:17:10,2026/06/26 15:32:01,,,,,,完了,2026/06/26 15:32:01
CASE-PO-000781,CASE-PN-000781,1,CASE-PO-000781_1,部品準備,A010,MB000101,MG001,WC000051,110,45,10,55,2026/05/11 08:30:00,2026/05/11 09:25:00,,EQ-A010,9003,佐藤 次郎,10,107,97.3,2,1.8,2026/05/11 08:30:00,2026/05/11 09:12:54,,,,,,完了,2026/05/11 09:12:54
CASE-PO-000781,CASE-PN-000781,2,CASE-PO-000781_2,一次組立,A020,MB000101,MG001,WC000052,110,180,25,205,2026/05/11 13:25:05,2026/05/11 16:50:05,,EQ-A020,9003,佐藤 次郎,25,107,97.3,1,0.9,2026/05/11 13:25:05,2026/05/11 16:40:32,,,,,,完了,2026/05/11 16:40:32
CASE-PO-000781,CASE-PN-000781,3,CASE-PO-000781_3,二次組立,A030,MB000101,MG001,WC000053,110,150,20,170,2026/05/11 19:10:23,2026/05/12 11:20:00,,EQ-A030,9003,佐藤 次郎,20,108,98.2,2,1.8,2026/05/12 08:30:00,2026/05/12 11:13:41,,,,,,完了,2026/05/12 11:13:41
CASE-PO-000781,CASE-PN-000781,4,CASE-PO-000781_4,完成検査,A040,MB000101,MG001,WC000054,110,60,0,60,2026/05/12 12:28:43,2026/05/12 13:28:43,,EQ-A040,9003,佐藤 次郎,0,108,98.2,1,0.9,2026/05/12 12:28:43,2026/05/12 13:23:43,,,,,,完了,2026/05/12 13:23:43
CASE-PO-000782,CASE-PN-000782,1,CASE-PO-000782_1,部品準備,A010,MB000101,MG001,WC000051,52,45,10,55,2026/06/01 08:30:00,2026/06/01 09:25:00,,EQ-A010,9003,佐藤 次郎,10,51,98.1,0,0.0,2026/06/01 08:30:00,2026/06/01 09:16:20,,,,,,完了,2026/06/01 09:16:20
CASE-PO-000782,CASE-PN-000782,2,CASE-PO-000782_2,一次組立,A020,MB000101,MG001,WC000052,52,180,25,205,2026/06/01 12:54:00,2026/06/01 16:19:00,,EQ-A020,9003,佐藤 次郎,25,51,98.1,0,0.0,2026/06/01 12:54:00,2026/06/01 15:58:05,,,,,,完了,2026/06/01 15:58:05
CASE-PO-000782,CASE-PN-000782,3,CASE-PO-000782_3,二次組立,A030,MB000101,MG001,WC000053,52,150,20,170,2026/06/02 01:49:00,2026/06/02 11:20:00,,EQ-A030,9003,佐藤 次郎,20,51,98.1,0,0.0,2026/06/02 08:30:00,2026/06/02 11:25:15,,,,,,完了,2026/06/02 11:25:15
CASE-PO-000782,CASE-PN-000782,4,CASE-PO-000782_4,完成検査,A040,MB000101,MG001,WC000054,52,60,0,60,2026/06/02 16:40:52,2026/06/03 08:40:00,,EQ-A040,9003,佐藤 次郎,0,52,100.0,0,0.0,2026/06/02 16:40:52,2026/06/03 08:34:43,,,,,,完了,2026/06/03 08:34:43
CASE-PO-000783,CASE-PN-000783,1,CASE-PO-000783_1,部品準備,A010,MB000103,MG001,WC000051,45,45,10,55,2026/05/29 08:30:00,2026/05/29 09:25:00,,EQ-A010,9005,高橋 四郎,10,45,100.0,1,2.2,2026/05/29 08:30:00,2026/05/29 09:10:21,,,,,,完了,2026/05/29 09:10:21
CASE-PO-000783,CASE-PN-000783,2,CASE-PO-000783_2,一次組立,A020,MB000103,MG001,WC000052,45,180,25,205,2026/05/29 12:29:35,2026/05/29 15:54:35,,EQ-A020,9005,高橋 四郎,25,44,97.8,0,0.0,2026/05/29 12:29:35,2026/05/29 15:47:30,,,,,,完了,2026/05/29 15:47:30
CASE-PO-000783,CASE-PN-000783,3,CASE-PO-000783_3,二次組立,A030,MB000103,MG001,WC000053,45,150,20,170,2026/05/30 00:42:53,2026/06/01 11:20:00,,EQ-A030,9005,高橋 四郎,20,45,100.0,1,2.2,2026/06/01 08:30:00,2026/06/01 11:11:51,,,,,,完了,2026/06/01 11:11:51
CASE-PO-000783,CASE-PN-000783,4,CASE-PO-000783_4,完成検査,A040,MB000103,MG001,WC000054,45,60,0,60,2026/06/01 20:38:26,2026/06/02 09:30:00,,EQ-A040,9005,高橋 四郎,0,44,97.8,0,0.0,2026/06/02 08:30:00,2026/06/02 09:40:10,,,,,,完了,2026/06/02 09:40:10
CASE-PO-000784,CASE-PN-000784,1,CASE-PO-000784_1,部品準備,A010,MB000102,MG001,WC000051,155,45,10,55,2026/06/17 08:30:00,2026/06/17 09:25:00,,EQ-A010,9005,高橋 四郎,10,152,98.1,2,1.3,2026/06/17 08:30:00,2026/06/17 09:09:01,,,,,,完了,2026/06/17 09:09:01
CASE-PO-000784,CASE-PN-000784,2,CASE-PO-000784_2,一次組立,A020,MB000102,MG001,WC000052,155,180,25,205,2026/06/17 14:10:05,2026/06/18 08:35:00,,EQ-A020,9005,高橋 四郎,25,153,98.7,2,1.3,2026/06/17 14:10:05,2026/06/17 17:14:32,,,,,,完了,2026/06/17 17:14:32
CASE-PO-000784,CASE-PN-000784,3,CASE-PO-000784_3,二次組立,A030,MB000102,MG001,WC000053,155,150,20,170,2026/06/17 21:41:46,2026/06/18 11:20:00,,EQ-A030,9005,高橋 四郎,20,152,98.1,1,0.6,2026/06/18 08:30:00,2026/06/18 10:45:36,,,,,,完了,2026/06/18 10:45:36
CASE-PO-000784,CASE-PN-000784,4,CASE-PO-000784_4,完成検査,A040,MB000102,MG001,WC000054,155,60,0,60,2026/06/18 15:02:51,2026/06/18 16:02:51,,EQ-A040,9005,高橋 四郎,0,151,97.4,1,0.6,2026/06/18 15:02:51,2026/06/18 16:07:20,,,,,,完了,2026/06/18 16:07:20
CASE-PO-000785,CASE-PN-000785,1,CASE-PO-000785_1,部品準備,A010,MB000101,MG001,WC000051,102,45,10,55,2026/05/25 08:30:00,2026/05/25 09:25:00,,EQ-A010,9002,鈴木 花子,10,99,97.1,1,1.0,2026/05/25 08:30:00,2026/05/25 09:13:58,,,,,,完了,2026/05/25 09:13:58
CASE-PO-000785,CASE-PN-000785,2,CASE-PO-000785_2,一次組立,A020,MB000101,MG001,WC000052,102,180,25,205,2026/05/25 11:21:21,2026/05/25 14:46:21,,EQ-A020,9002,鈴木 花子,25,100,98.0,2,2.0,2026/05/25 11:21:21,2026/05/25 14:28:22,,,,,,完了,2026/05/25 14:28:22
CASE-PO-000785,CASE-PN-000785,3,CASE-PO-000785_3,二次組立,A030,MB000101,MG001,WC000053,102,150,20,170,2026/05/25 23:13:15,2026/05/26 11:20:00,,EQ-A030,9002,鈴木 花子,20,100,98.0,1,1.0,2026/05/26 08:30:00,2026/05/26 10:52:53,,,,,,完了,2026/05/26 10:52:53
CASE-PO-000785,CASE-PN-000785,4,CASE-PO-000785_4,完成検査,A040,MB000101,MG001,WC000054,102,60,0,60,2026/05/26 12:00:44,2026/05/26 13:00:44,,EQ-A040,9002,鈴木 花子,0,100,98.0,1,1.0,2026/05/26 12:00:44,2026/05/26 13:05:49,,,,,,完了,2026/05/26 13:05:49
CASE-PO-000786,CASE-PN-000786,1,CASE-PO-000786_1,部品準備,A010,MB000101,MG001,WC000051,71,45,10,55,2026/06/15 08:30:00,2026/06/15 09:25:00,,EQ-A010,9005,高橋 四郎,10,70,98.6,1,1.4,2026/06/15 08:30:00,2026/06/15 09:09:29,,,,,,完了,2026/06/15 09:09:29
CASE-PO-000786,CASE-PN-000786,2,CASE-PO-000786_2,一次組立,A020,MB000101,MG001,WC000052,71,180,25,205,2026/06/15 12:47:08,2026/06/15 16:12:08,,EQ-A020,9005,高橋 四郎,25,69,97.2,1,1.4,2026/06/15 12:47:08,2026/06/15 16:12:03,,,,,,完了,2026/06/15 16:12:03
CASE-PO-000786,CASE-PN-000786,3,CASE-PO-000786_3,二次組立,A030,MB000101,MG001,WC000053,71,150,20,170,2026/06/15 20:14:57,2026/06/16 11:20:00,,EQ-A030,9005,高橋 四郎,20,70,98.6,1,1.4,2026/06/16 08:30:00,2026/06/16 11:00:42,,,,,,完了,2026/06/16 11:00:42
CASE-PO-000786,CASE-PN-000786,4,CASE-PO-000786_4,完成検査,A040,MB000101,MG001,WC000054,71,60,0,60,2026/06/16 12:15:00,2026/06/16 13:15:00,,EQ-A040,9005,高橋 四郎,0,70,98.6,0,0.0,2026/06/16 12:15:00,2026/06/16 13:23:36,,,,,,完了,2026/06/16 13:23:36
CASE-PO-000787,CASE-PN-000787,1,CASE-PO-000787_1,部品準備,A010,MB000101,MG001,WC000051,60,45,10,55,2026/05/29 08:30:00,2026/05/29 09:25:00,,EQ-A010,9001,山田 太郎,10,59,98.3,1,1.7,2026/05/29 08:30:00,2026/05/29 09:23:23,,,,,,完了,2026/05/29 09:23:23
CASE-PO-000787,CASE-PN-000787,2,CASE-PO-000787_2,一次組立,A020,MB000101,MG001,WC000052,60,180,25,205,2026/05/29 16:22:35,2026/06/01 10:47:00,,EQ-A020,9001,山田 太郎,25,59,98.3,1,1.7,2026/05/29 16:22:35,2026/06/01 10:53:14,,,,,,完了,2026/06/01 10:53:14
CASE-PO-000787,CASE-PN-000787,3,CASE-PO-000787_3,二次組立,A030,MB000101,MG001,WC000053,60,150,20,170,2026/06/01 13:18:20,2026/06/01 16:08:20,,EQ-A030,9001,山田 太郎,20,59,98.3,1,1.7,2026/06/01 13:18:20,2026/06/01 15:57:02,,,,,,完了,2026/06/01 15:57:02
CASE-PO-000787,CASE-PN-000787,4,CASE-PO-000787_4,完成検査,A040,MB000101,MG001,WC000054,60,60,0,60,2026/06/02 00:12:22,2026/06/02 09:30:00,,EQ-A040,9001,山田 太郎,0,60,100.0,1,1.7,2026/06/02 08:30:00,2026/06/02 09:33:04,,,,,,完了,2026/06/02 09:33:04
CASE-PO-000788,CASE-PN-000788,1,CASE-PO-000788_1,部品準備,A010,MB000103,MG001,WC000051,61,45,10,55,2026/06/15 08:30:00,2026/06/15 09:25:00,,EQ-A010,9004,田中 三郎,10,60,98.4,0,0.0,2026/06/15 08:30:00,2026/06/15 09:24:21,,,,,,完了,2026/06/15 09:24:21
CASE-PO-000788,CASE-PN-000788,2,CASE-PO-000788_2,一次組立,A020,MB000103,MG001,WC000052,61,180,25,205,2026/06/15 17:08:26,2026/06/16 11:33:00,,EQ-A020,9004,田中 三郎,25,59,96.7,1,1.6,2026/06/15 17:08:26,2026/06/16 11:22:40,,,,,,完了,2026/06/16 11:22:40
CASE-PO-000788,CASE-PN-000788,3,CASE-PO-000788_3,二次組立,A030,MB000103,MG001,WC000053,61,150,20,170,2026/06/16 13:55:16,2026/06/16 16:45:16,,EQ-A030,9004,田中 三郎,20,60,98.4,1,1.6,2026/06/16 13:55:16,2026/06/16 16:24:07,,,,,,完了,2026/06/16 16:24:07
CASE-PO-000788,CASE-PN-000788,4,CASE-PO-000788_4,完成検査,A040,MB000103,MG001,WC000054,61,60,0,60,2026/06/16 21:35:00,2026/06/17 09:30:00,,EQ-A040,9004,田中 三郎,0,60,98.4,1,1.6,2026/06/17 08:30:00,2026/06/17 09:38:59,,,,,,完了,2026/06/17 09:38:59
CASE-PO-000789,CASE-PN-000789,1,CASE-PO-000789_1,部品準備,A010,MB000103,MG001,WC000051,44,45,10,55,2026/06/24 08:30:00,2026/06/24 09:25:00,,EQ-A010,9004,田中 三郎,10,43,97.7,1,2.3,2026/06/24 08:30:00,2026/06/24 09:13:27,,,,,,完了,2026/06/24 09:13:27
CASE-PO-000789,CASE-PN-000789,2,CASE-PO-000789_2,一次組立,A020,MB000103,MG001,WC000052,44,180,25,205,2026/06/24 14:06:11,2026/06/25 08:31:00,,EQ-A020,9004,田中 三郎,25,43,97.7,1,2.3,2026/06/24 14:06:11,2026/06/24 16:42:54,,,,,,完了,2026/06/24 16:42:54
CASE-PO-000789,CASE-PN-000789,3,CASE-PO-000789_3,二次組立,A030,MB000103,MG001,WC000053,44,150,20,170,2026/06/24 19:32:33,2026/06/25 11:20:00,,EQ-A030,9004,田中 三郎,20,44,100.0,1,2.3,2026/06/25 08:30:00,2026/06/25 11:36:13,,,,,,完了,2026/06/25 11:36:13
CASE-PO-000789,CASE-PN-000789,4,CASE-PO-000789_4,完成検査,A040,MB000103,MG001,WC000054,44,60,0,60,2026/06/25 16:54:19,2026/06/26 08:54:00,,EQ-A040,9004,田中 三郎,0,44,100.0,0,0.0,2026/06/25 16:54:19,2026/06/26 09:04:19,,,,,,完了,2026/06/26 09:04:19
CASE-PO-000790,CASE-PN-000790,1,CASE-PO-000790_1,部品準備,A010,MB000103,MG001,WC000051,67,45,10,55,2026/05/18 08:30:00,2026/05/18 09:25:00,,EQ-A010,9005,高橋 四郎,10,66,98.5,1,1.5,2026/05/18 08:30:00,2026/05/18 09:22:11,,,,,,完了,2026/05/18 09:22:11
CASE-PO-000790,CASE-PN-000790,2,CASE-PO-000790_2,一次組立,A020,MB000103,MG001,WC000052,67,180,25,205,2026/05/18 11:35:00,2026/05/18 15:00:00,,EQ-A020,9005,高橋 四郎,25,66,98.5,1,1.5,2026/05/18 11:35:00,2026/05/18 14:46:56,,,,,,完了,2026/05/18 14:46:56
CASE-PO-000790,CASE-PN-000790,3,CASE-PO-000790_3,二次組立,A030,MB000103,MG001,WC000053,67,150,20,170,2026/05/19 00:42:46,2026/05/19 11:20:00,,EQ-A030,9005,高橋 四郎,20,66,98.5,0,0.0,2026/05/19 08:30:00,2026/05/19 10:54:16,,,,,,完了,2026/05/19 10:54:16
CASE-PO-000790,CASE-PN-000790,4,CASE-PO-000790_4,完成検査,A040,MB000103,MG001,WC000054,67,60,0,60,2026/05/19 13:51:04,2026/05/19 14:51:04,,EQ-A040,9005,高橋 四郎,0,66,98.5,0,0.0,2026/05/19 13:51:04,2026/05/19 14:45:02,,,,,,完了,2026/05/19 14:45:02
CASE-PO-000791,CASE-PN-000791,1,CASE-PO-000791_1,部品準備,A010,MB000103,MG001,WC000051,63,45,10,55,2026/06/09 08:30:00,2026/06/09 09:25:00,,EQ-A010,9002,鈴木 花子,10,62,98.4,0,0.0,2026/06/09 08:30:00,2026/06/09 09:11:55,,,,,,完了,2026/06/09 09:11:55
CASE-PO-000791,CASE-PN-000791,2,CASE-PO-000791_2,一次組立,A020,MB000103,MG001,WC000052,63,180,25,205,2026/06/09 16:43:18,2026/06/10 11:08:00,,EQ-A020,9002,鈴木 花子,25,63,100.0,1,1.6,2026/06/09 16:43:18,2026/06/10 11:17:13,,,,,,完了,2026/06/10 11:17:13
CASE-PO-000791,CASE-PN-000791,3,CASE-PO-000791_3,二次組立,A030,MB000103,MG001,WC000053,63,150,20,170,2026/06/10 16:37:51,2026/06/11 10:27:00,,EQ-A030,9002,鈴木 花子,20,62,98.4,0,0.0,2026/06/10 16:37:51,2026/06/11 09:46:38,,,,,,完了,2026/06/11 09:46:38
CASE-PO-000791,CASE-PN-000791,4,CASE-PO-000791_4,完成検査,A040,MB000103,MG001,WC000054,63,60,0,60,2026/06/11 11:27:13,2026/06/11 12:27:13,,EQ-A040,9002,鈴木 花子,0,63,100.0,1,1.6,2026/06/11 11:27:13,2026/06/11 12:27:13,,,,,,完了,2026/06/11 12:27:13
CASE-PO-000792,CASE-PN-000792,1,CASE-PO-000792_1,部品準備,A010,MB000101,MG001,WC000051,60,45,10,55,2026/07/02 08:30:00,2026/07/02 09:25:00,,EQ-A010,9003,佐藤 次郎,10,60,100.0,0,0.0,2026/07/02 08:30:00,2026/07/02 09:24:12,,,,,,完了,2026/07/02 09:24:12
CASE-PO-000792,CASE-PN-000792,2,CASE-PO-000792_2,一次組立,A020,MB000101,MG001,WC000052,60,180,25,205,2026/07/02 16:03:34,2026/07/03 10:28:00,,EQ-A020,9003,佐藤 次郎,25,60,100.0,1,1.7,2026/07/02 16:03:34,2026/07/03 10:06:51,,,,,,完了,2026/07/03 10:06:51
CASE-PO-000792,CASE-PN-000792,3,CASE-PO-000792_3,二次組立,A030,MB000101,MG001,WC000053,60,150,20,170,2026/07/03 21:19:06,2026/07/06 11:20:00,,EQ-A030,9003,佐藤 次郎,20,59,98.3,1,1.7,2026/07/06 08:30:00,2026/07/06 11:28:02,,,,,,完了,2026/07/06 11:28:02
CASE-PO-000792,CASE-PN-000792,4,CASE-PO-000792_4,完成検査,A040,MB000101,MG001,WC000054,60,60,0,60,2026/07/06 20:14:43,2026/07/07 09:30:00,,EQ-A040,9003,佐藤 次郎,0,58,96.7,0,0.0,2026/07/07 08:30:00,2026/07/07 09:29:06,,,,,,完了,2026/07/07 09:29:06
CASE-PO-000793,CASE-PN-000793,1,CASE-PO-000793_1,部品準備,A010,MB000103,MG001,WC000051,78,45,10,55,2026/07/01 08:30:00,2026/07/01 09:25:00,,EQ-A010,9001,山田 太郎,10,77,98.7,0,0.0,2026/07/01 08:30:00,2026/07/01 09:25:19,,,,,,完了,2026/07/01 09:25:19
CASE-PO-000793,CASE-PN-000793,2,CASE-PO-000793_2,一次組立,A020,MB000103,MG001,WC000052,78,180,25,205,2026/07/01 16:59:14,2026/07/02 11:24:00,,EQ-A020,9001,山田 太郎,25,76,97.4,1,1.3,2026/07/01 16:59:14,2026/07/02 11:11:02,,,,,,完了,2026/07/02 11:11:02
CASE-PO-000793,CASE-PN-000793,3,CASE-PO-000793_3,二次組立,A030,MB000103,MG001,WC000053,78,150,20,170,2026/07/02 14:47:40,2026/07/03 08:37:00,,EQ-A030,9001,山田 太郎,20,77,98.7,1,1.3,2026/07/02 14:47:40,2026/07/03 08:35:13,,,,,,完了,2026/07/03 08:35:13
CASE-PO-000793,CASE-PN-000793,4,CASE-PO-000793_4,完成検査,A040,MB000103,MG001,WC000054,78,60,0,60,2026/07/03 15:04:17,2026/07/03 16:04:17,,EQ-A040,9001,山田 太郎,0,76,97.4,1,1.3,2026/07/03 15:04:17,2026/07/03 16:14:41,,,,,,完了,2026/07/03 16:14:41
CASE-PO-000794,CASE-PN-000794,1,CASE-PO-000794_1,部品準備,A010,MB000101,MG001,WC000051,81,45,10,55,2026/05/13 08:30:00,2026/05/13 09:25:00,,EQ-A010,9004,田中 三郎,10,81,100.0,1,1.2,2026/05/13 08:30:00,2026/05/13 09:08:35,,,,,,完了,2026/05/13 09:08:35
CASE-PO-000794,CASE-PN-000794,2,CASE-PO-000794_2,一次組立,A020,MB000101,MG001,WC000052,81,180,25,205,2026/05/13 12:40:16,2026/05/13 16:05:16,,EQ-A020,9004,田中 三郎,25,79,97.5,1,1.2,2026/05/13 12:40:16,2026/05/13 15:51:33,,,,,,完了,2026/05/13 15:51:33
CASE-PO-000794,CASE-PN-000794,3,CASE-PO-000794_3,二次組立,A030,MB000101,MG001,WC000053,81,150,20,170,2026/05/13 23:53:43,2026/05/14 11:20:00,,EQ-A030,9004,田中 三郎,20,81,100.0,0,0.0,2026/05/14 08:30:00,2026/05/14 10:43:24,,,,,,完了,2026/05/14 10:43:24
CASE-PO-000794,CASE-PN-000794,4,CASE-PO-000794_4,完成検査,A040,MB000101,MG001,WC000054,81,60,0,60,2026/05/14 20:02:44,2026/05/15 09:30:00,,EQ-A040,9004,田中 三郎,0,81,100.0,0,0.0,2026/05/15 08:30:00,2026/05/15 09:43:41,,,,,,完了,2026/05/15 09:43:41
CASE-PO-000795,CASE-PN-000795,1,CASE-PO-000795_1,部品準備,A010,MB000102,MG001,WC000051,89,45,10,55,2026/06/08 08:30:00,2026/06/08 09:25:00,,EQ-A010,9002,鈴木 花子,10,88,98.9,1,1.1,2026/06/08 08:30:00,2026/06/08 09:11:39,,,,,,完了,2026/06/08 09:11:39
CASE-PO-000795,CASE-PN-000795,2,CASE-PO-000795_2,一次組立,A020,MB000102,MG001,WC000052,89,180,25,205,2026/06/08 14:58:41,2026/06/09 09:23:00,,EQ-A020,9002,鈴木 花子,25,87,97.8,0,0.0,2026/06/08 14:58:41,2026/06/09 09:17:48,,,,,,完了,2026/06/09 09:17:48
CASE-PO-000795,CASE-PN-000795,3,CASE-PO-000795_3,二次組立,A030,MB000102,MG001,WC000053,89,150,20,170,2026/06/09 15:31:14,2026/06/10 09:21:00,,EQ-A030,9002,鈴木 花子,20,89,100.0,0,0.0,2026/06/09 15:31:14,2026/06/10 08:58:10,,,,,,完了,2026/06/10 08:58:10
CASE-PO-000795,CASE-PN-000795,4,CASE-PO-000795_4,完成検査,A040,MB000102,MG001,WC000054,89,60,0,60,2026/06/10 14:38:14,2026/06/10 15:38:14,,EQ-A040,9002,鈴木 花子,0,88,98.9,1,1.1,2026/06/10 14:38:14,2026/06/10 15:46:47,,,,,,完了,2026/06/10 15:46:47
CASE-PO-000796,CASE-PN-000796,1,CASE-PO-000796_1,部品準備,A010,MB000102,MG001,WC000051,93,45,10,55,2026/05/21 08:30:00,2026/05/21 09:25:00,,EQ-A010,9001,山田 太郎,10,92,98.9,0,0.0,2026/05/21 08:30:00,2026/05/21 09:21:11,,,,,,完了,2026/05/21 09:21:11
CASE-PO-000796,CASE-PN-000796,2,CASE-PO-000796_2,一次組立,A020,MB000102,MG001,WC000052,93,180,25,205,2026/05/21 11:26:43,2026/05/21 14:51:43,,EQ-A020,9001,山田 太郎,25,93,100.0,1,1.1,2026/05/21 11:26:43,2026/05/21 14:15:35,,,,,,完了,2026/05/21 14:15:35
CASE-PO-000796,CASE-PN-000796,3,CASE-PO-000796_3,二次組立,A030,MB000102,MG001,WC000053,93,150,20,170,2026/05/21 19:49:02,2026/05/22 11:20:00,,EQ-A030,9001,山田 太郎,20,91,97.8,0,0.0,2026/05/22 08:30:00,2026/05/22 11:15:44,,,,,,完了,2026/05/22 11:15:44
CASE-PO-000796,CASE-PN-000796,4,CASE-PO-000796_4,完成検査,A040,MB000102,MG001,WC000054,93,60,0,60,2026/05/22 19:12:55,2026/05/25 09:30:00,,EQ-A040,9001,山田 太郎,0,91,97.8,1,1.1,2026/05/25 08:30:00,2026/05/25 09:23:38,,,,,,完了,2026/05/25 09:23:38
CASE-PO-000797,CASE-PN-000797,1,CASE-PO-000797_1,部品準備,A010,MB000102,MG001,WC000051,112,45,10,55,2026/05/22 08:30:00,2026/05/22 09:25:00,,EQ-A010,9004,田中 三郎,10,111,99.1,2,1.8,2026/05/22 08:30:00,2026/05/22 09:24:04,,,,,,完了,2026/05/22 09:24:04
CASE-PO-000797,CASE-PN-000797,2,CASE-PO-000797_2,一次組立,A020,MB000102,MG001,WC000052,112,180,25,205,2026/05/22 11:25:39,2026/05/22 14:50:39,,EQ-A020,9004,田中 三郎,25,110,98.2,0,0.0,2026/05/22 11:25:39,2026/05/22 14:23:30,,,,,,完了,2026/05/22 14:23:30
CASE-PO-000797,CASE-PN-000797,3,CASE-PO-000797_3,二次組立,A030,MB000102,MG001,WC000053,112,150,20,170,2026/05/23 02:01:02,2026/05/25 11:20:00,,EQ-A030,9004,田中 三郎,20,109,97.3,1,0.9,2026/05/25 08:30:00,2026/05/25 10:54:03,,,,,,完了,2026/05/25 10:54:03
CASE-PO-000797,CASE-PN-000797,4,CASE-PO-000797_4,完成検査,A040,MB000102,MG001,WC000054,112,60,0,60,2026/05/25 15:30:55,2026/05/25 16:30:55,,EQ-A040,9004,田中 三郎,0,109,97.3,2,1.8,2026/05/25 15:30:55,2026/05/25 16:35:49,,,,,,完了,2026/05/25 16:35:49
CASE-PO-000798,CASE-PN-000798,1,CASE-PO-000798_1,部品準備,A010,MB000102,MG001,WC000051,191,45,10,55,2026/07/03 08:30:00,2026/07/03 09:25:00,,EQ-A010,9005,高橋 四郎,10,188,98.4,3,1.6,2026/07/03 08:30:00,2026/07/03 09:13:52,,,,,,完了,2026/07/03 09:13:52
CASE-PO-000798,CASE-PN-000798,2,CASE-PO-000798_2,一次組立,A020,MB000102,MG001,WC000052,191,180,25,205,2026/07/03 13:54:36,2026/07/03 17:19:36,,EQ-A020,9005,高橋 四郎,25,188,98.4,1,0.5,2026/07/03 13:54:36,2026/07/03 17:04:02,,,,,,完了,2026/07/03 17:04:02
CASE-PO-000798,CASE-PN-000798,3,CASE-PO-000798_3,二次組立,A030,MB000102,MG001,WC000053,191,150,20,170,2026/07/03 22:11:53,2026/07/06 11:20:00,,EQ-A030,9005,高橋 四郎,20,189,99.0,1,0.5,2026/07/06 08:30:00,2026/07/06 10:56:15,,,,,,完了,2026/07/06 10:56:15
CASE-PO-000798,CASE-PN-000798,4,CASE-PO-000798_4,完成検査,A040,MB000102,MG001,WC000054,191,60,0,60,2026/07/06 13:42:54,2026/07/06 14:42:54,,EQ-A040,9005,高橋 四郎,0,187,97.9,2,1.0,2026/07/06 13:42:54,2026/07/06 14:52:41,,,,,,完了,2026/07/06 14:52:41
CASE-PO-000799,CASE-PN-000799,1,CASE-PO-000799_1,部品準備,A010,MB000101,MG001,WC000051,90,45,10,55,2026/05/13 08:30:00,2026/05/13 09:25:00,,EQ-A010,9004,田中 三郎,10,88,97.8,1,1.1,2026/05/13 08:30:00,2026/05/13 09:20:32,,,,,,完了,2026/05/13 09:20:32
CASE-PO-000799,CASE-PN-000799,2,CASE-PO-000799_2,一次組立,A020,MB000101,MG001,WC000052,90,180,25,205,2026/05/13 10:20:46,2026/05/13 13:45:46,,EQ-A020,9004,田中 三郎,25,88,97.8,1,1.1,2026/05/13 10:20:46,2026/05/13 13:26:01,,,,,,完了,2026/05/13 13:26:01
CASE-PO-000799,CASE-PN-000799,3,CASE-PO-000799_3,二次組立,A030,MB000101,MG001,WC000053,90,150,20,170,2026/05/13 19:17:01,2026/05/14 11:20:00,,EQ-A030,9004,田中 三郎,20,89,98.9,0,0.0,2026/05/14 08:30:00,2026/05/14 10:40:22,,,,,,完了,2026/05/14 10:40:22
CASE-PO-000799,CASE-PN-000799,4,CASE-PO-000799_4,完成検査,A040,MB000101,MG001,WC000054,90,60,0,60,2026/05/14 18:25:27,2026/05/15 09:30:00,,EQ-A040,9004,田中 三郎,0,88,97.8,1,1.1,2026/05/15 08:30:00,2026/05/15 09:25:37,,,,,,完了,2026/05/15 09:25:37
CASE-PO-000800,CASE-PN-000800,1,CASE-PO-000800_1,部品準備,A010,MB000101,MG001,WC000051,53,45,10,55,2026/06/08 08:30:00,2026/06/08 09:25:00,,EQ-A010,9002,鈴木 花子,10,52,98.1,1,1.9,2026/06/08 08:30:00,2026/06/08 09:22:32,,,,,,完了,2026/06/08 09:22:32
CASE-PO-000800,CASE-PN-000800,2,CASE-PO-000800_2,一次組立,A020,MB000101,MG001,WC000052,53,180,25,205,2026/06/08 12:23:13,2026/06/08 15:48:13,,EQ-A020,9002,鈴木 花子,25,52,98.1,0,0.0,2026/06/08 12:23:13,2026/06/08 15:58:31,,,,,,完了,2026/06/08 15:58:31
CASE-PO-000800,CASE-PN-000800,3,CASE-PO-000800_3,二次組立,A030,MB000101,MG001,WC000053,53,150,20,170,2026/06/09 03:53:41,2026/06/09 11:20:00,,EQ-A030,9002,鈴木 花子,20,53,100.0,0,0.0,2026/06/09 08:30:00,2026/06/09 10:40:49,,,,,,完了,2026/06/09 10:40:49
CASE-PO-000800,CASE-PN-000800,4,CASE-PO-000800_4,完成検査,A040,MB000101,MG001,WC000054,53,60,0,60,2026/06/09 17:09:07,2026/06/10 09:09:00,,EQ-A040,9002,鈴木 花子,0,52,98.1,1,1.9,2026/06/09 17:09:07,2026/06/10 09:16:19,,,,,,完了,2026/06/10 09:16:19
CASE-PO-000801,CASE-PN-000801,1,CASE-PO-000801_1,部品準備,A010,MB000102,MG001,WC000051,198,45,10,55,2026/06/22 08:30:00,2026/06/22 09:25:00,,EQ-A010,9004,田中 三郎,10,193,97.5,2,1.0,2026/06/22 08:30:00,2026/06/22 09:20:05,,,,,,完了,2026/06/22 09:20:05
CASE-PO-000801,CASE-PN-000801,2,CASE-PO-000801_2,一次組立,A020,MB000102,MG001,WC000052,198,180,25,205,2026/06/22 13:30:08,2026/06/22 16:55:08,,EQ-A020,9004,田中 三郎,25,197,99.5,4,2.0,2026/06/22 13:30:08,2026/06/22 16:32:56,,,,,,完了,2026/06/22 16:32:56
CASE-PO-000801,CASE-PN-000801,3,CASE-PO-000801_3,二次組立,A030,MB000102,MG001,WC000053,198,150,20,170,2026/06/23 02:09:13,2026/06/23 11:20:00,,EQ-A030,9004,田中 三郎,20,196,99.0,1,0.5,2026/06/23 08:30:00,2026/06/23 11:07:25,,,,,,完了,2026/06/23 11:07:25
CASE-PO-000801,CASE-PN-000801,4,CASE-PO-000801_4,完成検査,A040,MB000102,MG001,WC000054,198,60,0,60,2026/06/23 13:18:22,2026/06/23 14:18:22,,EQ-A040,9004,田中 三郎,0,196,99.0,1,0.5,2026/06/23 13:18:22,2026/06/23 14:12:18,,,,,,完了,2026/06/23 14:12:18
CASE-PO-000802,CASE-PN-000802,1,CASE-PO-000802_1,部品準備,A010,MB000102,MG001,WC000051,95,45,10,55,2026/06/29 08:30:00,2026/06/29 09:25:00,,EQ-A010,9003,佐藤 次郎,10,92,96.8,2,2.1,2026/06/29 08:30:00,2026/06/29 09:19:49,,,,,,完了,2026/06/29 09:19:49
CASE-PO-000802,CASE-PN-000802,2,CASE-PO-000802_2,一次組立,A020,MB000102,MG001,WC000052,95,180,25,205,2026/06/29 12:44:36,2026/06/29 16:09:36,,EQ-A020,9003,佐藤 次郎,25,93,97.9,0,0.0,2026/06/29 12:44:36,2026/06/29 15:26:30,,,,,,完了,2026/06/29 15:26:30
CASE-PO-000802,CASE-PN-000802,3,CASE-PO-000802_3,二次組立,A030,MB000102,MG001,WC000053,95,150,20,170,2026/06/29 23:04:35,2026/06/30 11:20:00,,EQ-A030,9003,佐藤 次郎,20,93,97.9,2,2.1,2026/06/30 08:30:00,2026/06/30 11:23:55,,,,,,完了,2026/06/30 11:23:55
CASE-PO-000802,CASE-PN-000802,4,CASE-PO-000802_4,完成検査,A040,MB000102,MG001,WC000054,95,60,0,60,2026/06/30 14:56:03,2026/06/30 15:56:03,,EQ-A040,9003,佐藤 次郎,0,94,98.9,2,2.1,2026/06/30 14:56:03,2026/06/30 16:10:07,,,,,,完了,2026/06/30 16:10:07
CASE-PO-000803,CASE-PN-000803,1,CASE-PO-000803_1,部品準備,A010,MB000103,MG001,WC000051,42,45,10,55,2026/05/22 08:30:00,2026/05/22 09:25:00,,EQ-A010,9002,鈴木 花子,10,41,97.6,1,2.4,2026/05/22 08:30:00,2026/05/22 09:21:00,,,,,,完了,2026/05/22 09:21:00
CASE-PO-000803,CASE-PN-000803,2,CASE-PO-000803_2,一次組立,A020,MB000103,MG001,WC000052,42,180,25,205,2026/05/22 12:40:09,2026/05/22 16:05:09,,EQ-A020,9002,鈴木 花子,25,42,100.0,1,2.4,2026/05/22 12:40:09,2026/05/22 15:58:34,,,,,,完了,2026/05/22 15:58:34
CASE-PO-000803,CASE-PN-000803,3,CASE-PO-000803_3,二次組立,A030,MB000103,MG001,WC000053,42,150,20,170,2026/05/22 22:39:41,2026/05/25 11:20:00,,EQ-A030,9002,鈴木 花子,20,42,100.0,0,0.0,2026/05/25 08:30:00,2026/05/25 10:49:16,,,,,,完了,2026/05/25 10:49:16
CASE-PO-000803,CASE-PN-000803,4,CASE-PO-000803_4,完成検査,A040,MB000103,MG001,WC000054,42,60,0,60,2026/05/25 12:53:21,2026/05/25 13:53:21,,EQ-A040,9002,鈴木 花子,0,42,100.0,1,2.4,2026/05/25 12:53:21,2026/05/25 13:51:50,,,,,,完了,2026/05/25 13:51:50
CASE-PO-000804,CASE-PN-000804,1,CASE-PO-000804_1,部品準備,A010,MB000103,MG001,WC000051,81,45,10,55,2026/06/10 08:30:00,2026/06/10 09:25:00,,EQ-A010,9001,山田 太郎,10,80,98.8,0,0.0,2026/06/10 08:30:00,2026/06/10 09:11:14,,,,,,完了,2026/06/10 09:11:14
CASE-PO-000804,CASE-PN-000804,2,CASE-PO-000804_2,一次組立,A020,MB000103,MG001,WC000052,81,180,25,205,2026/06/10 16:22:51,2026/06/11 10:47:00,,EQ-A020,9001,山田 太郎,25,81,100.0,1,1.2,2026/06/10 16:22:51,2026/06/11 10:22:58,,,,,,完了,2026/06/11 10:22:58
CASE-PO-000804,CASE-PN-000804,3,CASE-PO-000804_3,二次組立,A030,MB000103,MG001,WC000053,81,150,20,170,2026/06/11 12:29:12,2026/06/11 15:19:12,,EQ-A030,9001,山田 太郎,20,80,98.8,1,1.2,2026/06/11 12:29:12,2026/06/11 15:28:00,,,,,,完了,2026/06/11 15:28:00
CASE-PO-000804,CASE-PN-000804,4,CASE-PO-000804_4,完成検査,A040,MB000103,MG001,WC000054,81,60,0,60,2026/06/11 17:49:17,2026/06/12 09:30:00,,EQ-A040,9001,山田 太郎,0,80,98.8,1,1.2,2026/06/12 08:30:00,2026/06/12 09:31:50,,,,,,完了,2026/06/12 09:31:50
CASE-PO-000805,CASE-PN-000805,1,CASE-PO-000805_1,部品準備,A010,MB000101,MG001,WC000051,40,45,10,55,2026/05/25 08:30:00,2026/05/25 09:25:00,,EQ-A010,9002,鈴木 花子,10,40,100.0,0,0.0,2026/05/25 08:30:00,2026/05/25 09:19:17,,,,,,完了,2026/05/25 09:19:17
CASE-PO-000805,CASE-PN-000805,2,CASE-PO-000805_2,一次組立,A020,MB000101,MG001,WC000052,40,180,25,205,2026/05/25 14:16:35,2026/05/26 08:41:00,,EQ-A020,9002,鈴木 花子,25,39,97.5,1,2.5,2026/05/25 14:16:35,2026/05/25 16:55:42,,,,,,完了,2026/05/25 16:55:42
CASE-PO-000805,CASE-PN-000805,3,CASE-PO-000805_3,二次組立,A030,MB000101,MG001,WC000053,40,150,20,170,2026/05/25 20:31:08,2026/05/26 11:20:00,,EQ-A030,9002,鈴木 花子,20,40,100.0,0,0.0,2026/05/26 08:30:00,2026/05/26 10:44:07,,,,,,完了,2026/05/26 10:44:07
CASE-PO-000805,CASE-PN-000805,4,CASE-PO-000805_4,完成検査,A040,MB000101,MG001,WC000054,40,60,0,60,2026/05/26 14:19:33,2026/05/26 15:19:33,,EQ-A040,9002,鈴木 花子,0,39,97.5,0,0.0,2026/05/26 14:19:33,2026/05/26 15:22:09,,,,,,完了,2026/05/26 15:22:09
CASE-PO-000806,CASE-PN-000806,1,CASE-PO-000806_1,部品準備,A010,MB000103,MG001,WC000051,89,45,10,55,2026/06/09 08:30:00,2026/06/09 09:25:00,,EQ-A010,9003,佐藤 次郎,10,87,97.8,1,1.1,2026/06/09 08:30:00,2026/06/09 09:19:29,,,,,,完了,2026/06/09 09:19:29
CASE-PO-000806,CASE-PN-000806,2,CASE-PO-000806_2,一次組立,A020,MB000103,MG001,WC000052,89,180,25,205,2026/06/09 16:57:38,2026/06/10 11:22:00,,EQ-A020,9003,佐藤 次郎,25,86,96.6,0,0.0,2026/06/09 16:57:38,2026/06/10 11:41:50,,,,,,完了,2026/06/10 11:41:50
CASE-PO-000806,CASE-PN-000806,3,CASE-PO-000806_3,二次組立,A030,MB000103,MG001,WC000053,89,150,20,170,2026/06/10 16:52:02,2026/06/11 10:42:00,,EQ-A030,9003,佐藤 次郎,20,88,98.9,0,0.0,2026/06/10 16:52:02,2026/06/11 10:29:40,,,,,,完了,2026/06/11 10:29:40
CASE-PO-000806,CASE-PN-000806,4,CASE-PO-000806_4,完成検査,A040,MB000103,MG001,WC000054,89,60,0,60,2026/06/11 17:58:04,2026/06/12 09:30:00,,EQ-A040,9003,佐藤 次郎,0,88,98.9,1,1.1,2026/06/12 08:30:00,2026/06/12 09:21:39,,,,,,完了,2026/06/12 09:21:39
CASE-PO-000807,CASE-PN-000807,1,CASE-PO-000807_1,部品準備,A010,MB000102,MG001,WC000051,125,45,10,55,2026/05/27 08:30:00,2026/05/27 09:25:00,,EQ-A010,9003,佐藤 次郎,10,123,98.4,1,0.8,2026/05/27 08:30:00,2026/05/27 09:10:07,,,,,,完了,2026/05/27 09:10:07
CASE-PO-000807,CASE-PN-000807,2,CASE-PO-000807_2,一次組立,A020,MB000102,MG001,WC000052,125,180,25,205,2026/05/27 10:45:42,2026/05/27 14:10:42,,EQ-A020,9003,佐藤 次郎,25,124,99.2,1,0.8,2026/05/27 10:45:42,2026/05/27 14:21:28,,,,,,完了,2026/05/27 14:21:28
CASE-PO-000807,CASE-PN-000807,3,CASE-PO-000807_3,二次組立,A030,MB000102,MG001,WC000053,125,150,20,170,2026/05/27 23:31:59,2026/05/28 11:20:00,,EQ-A030,9003,佐藤 次郎,20,123,98.4,2,1.6,2026/05/28 08:30:00,2026/05/28 10:49:33,,,,,,完了,2026/05/28 10:49:33
CASE-PO-000807,CASE-PN-000807,4,CASE-PO-000807_4,完成検査,A040,MB000102,MG001,WC000054,125,60,0,60,2026/05/28 12:03:12,2026/05/28 13:03:12,,EQ-A040,9003,佐藤 次郎,0,123,98.4,0,0.0,2026/05/28 12:03:12,2026/05/28 13:15:27,,,,,,完了,2026/05/28 13:15:27
CASE-PO-000808,CASE-PN-000808,1,CASE-PO-000808_1,部品準備,A010,MB000101,MG001,WC000051,85,45,10,55,2026/06/19 08:30:00,2026/06/19 09:25:00,,EQ-A010,9001,山田 太郎,10,84,98.8,0,0.0,2026/06/19 08:30:00,2026/06/19 09:16:41,,,,,,完了,2026/06/19 09:16:41
CASE-PO-000808,CASE-PN-000808,2,CASE-PO-000808_2,一次組立,A020,MB000101,MG001,WC000052,85,180,25,205,2026/06/19 14:20:07,2026/06/22 08:45:00,,EQ-A020,9001,山田 太郎,25,84,98.8,1,1.2,2026/06/19 14:20:07,2026/06/22 08:34:19,,,,,,完了,2026/06/22 08:34:19
CASE-PO-000808,CASE-PN-000808,3,CASE-PO-000808_3,二次組立,A030,MB000101,MG001,WC000053,85,150,20,170,2026/06/22 19:03:32,2026/06/23 11:20:00,,EQ-A030,9001,山田 太郎,20,84,98.8,2,2.4,2026/06/23 08:30:00,2026/06/23 11:24:26,,,,,,完了,2026/06/23 11:24:26
CASE-PO-000808,CASE-PN-000808,4,CASE-PO-000808_4,完成検査,A040,MB000101,MG001,WC000054,85,60,0,60,2026/06/23 17:40:26,2026/06/24 09:30:00,,EQ-A040,9001,山田 太郎,0,84,98.8,0,0.0,2026/06/24 08:30:00,2026/06/24 09:30:18,,,,,,完了,2026/06/24 09:30:18
CASE-PO-000809,CASE-PN-000809,1,CASE-PO-000809_1,部品準備,A010,MB000103,MG001,WC000051,44,45,10,55,2026/05/13 08:30:00,2026/05/13 09:25:00,,EQ-A010,9005,高橋 四郎,10,44,100.0,1,2.3,2026/05/13 08:30:00,2026/05/13 09:15:29,,,,,,完了,2026/05/13 09:15:29
CASE-PO-000809,CASE-PN-000809,2,CASE-PO-000809_2,一次組立,A020,MB000103,MG001,WC000052,44,180,25,205,2026/05/13 11:55:45,2026/05/13 15:20:45,,EQ-A020,9005,高橋 四郎,25,43,97.7,0,0.0,2026/05/13 11:55:45,2026/05/13 14:29:36,,,,,,完了,2026/05/13 14:29:36
CASE-PO-000809,CASE-PN-000809,3,CASE-PO-000809_3,二次組立,A030,MB000103,MG001,WC000053,44,150,20,170,2026/05/13 16:39:22,2026/05/14 10:29:00,,EQ-A030,9005,高橋 四郎,20,44,100.0,1,2.3,2026/05/13 16:39:22,2026/05/14 10:34:43,,,,,,完了,2026/05/14 10:34:43
CASE-PO-000809,CASE-PN-000809,4,CASE-PO-000809_4,完成検査,A040,MB000103,MG001,WC000054,44,60,0,60,2026/05/14 12:13:27,2026/05/14 13:13:27,,EQ-A040,9005,高橋 四郎,0,43,97.7,1,2.3,2026/05/14 12:13:27,2026/05/14 13:20:21,,,,,,完了,2026/05/14 13:20:21
CASE-PO-000810,CASE-PN-000810,1,CASE-PO-000810_1,部品準備,A010,MB000101,MG001,WC000051,110,45,10,55,2026/05/18 08:30:00,2026/05/18 09:25:00,,EQ-A010,9003,佐藤 次郎,10,110,100.0,1,0.9,2026/05/18 08:30:00,2026/05/18 09:23:18,,,,,,完了,2026/05/18 09:23:18
CASE-PO-000810,CASE-PN-000810,2,CASE-PO-000810_2,一次組立,A020,MB000101,MG001,WC000052,110,180,25,205,2026/05/18 12:47:19,2026/05/18 16:12:19,,EQ-A020,9003,佐藤 次郎,25,108,98.2,0,0.0,2026/05/18 12:47:19,2026/05/18 16:09:28,,,,,,完了,2026/05/18 16:09:28
CASE-PO-000810,CASE-PN-000810,3,CASE-PO-000810_3,二次組立,A030,MB000101,MG001,WC000053,110,150,20,170,2026/05/18 20:56:59,2026/05/19 11:20:00,,EQ-A030,9003,佐藤 次郎,20,107,97.3,0,0.0,2026/05/19 08:30:00,2026/05/19 11:32:14,,,,,,完了,2026/05/19 11:32:14
CASE-PO-000810,CASE-PN-000810,4,CASE-PO-000810_4,完成検査,A040,MB000101,MG001,WC000054,110,60,0,60,2026/05/19 12:46:07,2026/05/19 13:46:07,,EQ-A040,9003,佐藤 次郎,0,107,97.3,1,0.9,2026/05/19 12:46:07,2026/05/19 13:43:30,,,,,,完了,2026/05/19 13:43:30
CASE-PO-000811,CASE-PN-000811,1,CASE-PO-000811_1,部品準備,A010,MB000101,MG001,WC000051,60,45,10,55,2026/05/07 08:30:00,2026/05/07 09:25:00,,EQ-A010,9004,田中 三郎,10,59,98.3,0,0.0,2026/05/07 08:30:00,2026/05/07 09:13:30,,,,,,完了,2026/05/07 09:13:30
CASE-PO-000811,CASE-PN-000811,2,CASE-PO-000811_2,一次組立,A020,MB000101,MG001,WC000052,60,180,25,205,2026/05/07 13:39:13,2026/05/07 17:04:13,,EQ-A020,9004,田中 三郎,,,,,,2026/05/07 13:39:13,,,,,,,生産中,2026/05/07 17:04:13
CASE-PO-000811,CASE-PN-000811,3,CASE-PO-000811_3,二次組立,A030,MB000101,MG001,WC000053,60,150,20,170,2026/05/08 02:14:04,2026/05/08 11:20:00,,EQ-A030,9004,田中 三郎,,,,,,,,,,,,,開始待ち,2026/05/08 11:20:00
CASE-PO-000811,CASE-PN-000811,4,CASE-PO-000811_4,完成検査,A040,MB000101,MG001,WC000054,60,60,0,60,2026/05/08 19:02:21,2026/05/11 09:30:00,,EQ-A040,9004,田中 三郎,,,,,,,,,,,,,開始待ち,2026/05/11 09:30:00
CASE-PO-000812,CASE-PN-000812,1,CASE-PO-000812_1,部品準備,A010,MB000103,MG001,WC000051,90,45,10,55,2026/05/28 08:30:00,2026/05/28 09:25:00,,EQ-A010,9001,山田 太郎,10,90,100.0,1,1.1,2026/05/28 08:30:00,2026/05/28 09:20:20,,,,,,完了,2026/05/28 09:20:20
CASE-PO-000812,CASE-PN-000812,2,CASE-PO-000812_2,一次組立,A020,MB000103,MG001,WC000052,90,180,25,205,2026/05/28 11:37:46,2026/05/28 15:02:46,,EQ-A020,9001,山田 太郎,25,87,96.7,1,1.1,2026/05/28 11:37:46,2026/05/28 14:19:33,,,,,,完了,2026/05/28 14:19:33
CASE-PO-000812,CASE-PN-000812,3,CASE-PO-000812_3,二次組立,A030,MB000103,MG001,WC000053,90,150,20,170,2026/05/29 01:17:14,2026/05/29 11:20:00,,EQ-A030,9001,山田 太郎,20,88,97.8,1,1.1,2026/05/29 08:30:00,2026/05/29 10:40:09,,,,,,完了,2026/05/29 10:40:09
CASE-PO-000812,CASE-PN-000812,4,CASE-PO-000812_4,完成検査,A040,MB000103,MG001,WC000054,90,60,0,60,2026/05/29 14:38:45,2026/05/29 15:38:45,,EQ-A040,9001,山田 太郎,0,88,97.8,1,1.1,2026/05/29 14:38:45,2026/05/29 15:36:57,,,,,,完了,2026/05/29 15:36:57
CASE-PO-000813,CASE-PN-000813,1,CASE-PO-000813_1,部品準備,A010,MB000101,MG001,WC000051,73,45,10,55,2026/06/08 08:30:00,2026/06/08 09:25:00,,EQ-A010,9001,山田 太郎,10,73,100.0,1,1.4,2026/06/08 08:30:00,2026/06/08 09:24:12,,,,,,完了,2026/06/08 09:24:12
CASE-PO-000813,CASE-PN-000813,2,CASE-PO-000813_2,一次組立,A020,MB000101,MG001,WC000052,73,180,25,205,2026/06/08 16:01:36,2026/06/09 10:26:00,,EQ-A020,9001,山田 太郎,25,71,97.3,1,1.4,2026/06/08 16:01:36,2026/06/09 09:45:27,,,,,,完了,2026/06/09 09:45:27
CASE-PO-000813,CASE-PN-000813,3,CASE-PO-000813_3,二次組立,A030,MB000101,MG001,WC000053,73,150,20,170,2026/06/09 14:34:07,2026/06/09 17:24:07,,EQ-A030,9001,山田 太郎,20,72,98.6,0,0.0,2026/06/09 14:34:07,2026/06/09 17:23:28,,,,,,完了,2026/06/09 17:23:28
CASE-PO-000813,CASE-PN-000813,4,CASE-PO-000813_4,完成検査,A040,MB000101,MG001,WC000054,73,60,0,60,2026/06/09 19:10:26,2026/06/10 09:30:00,,EQ-A040,9001,山田 太郎,0,71,97.3,1,1.4,2026/06/10 08:30:00,2026/06/10 09:31:34,,,,,,完了,2026/06/10 09:31:34
CASE-PO-000814,CASE-PN-000814,1,CASE-PO-000814_1,部品準備,A010,MB000102,MG001,WC000051,134,45,10,55,2026/05/18 08:30:00,2026/05/18 09:25:00,,EQ-A010,9002,鈴木 花子,10,131,97.8,1,0.7,2026/05/18 08:30:00,2026/05/18 09:22:22,,,,,,完了,2026/05/18 09:22:22
CASE-PO-000814,CASE-PN-000814,2,CASE-PO-000814_2,一次組立,A020,MB000102,MG001,WC000052,134,180,25,205,2026/05/18 16:35:40,2026/05/19 11:00:00,,EQ-A020,9002,鈴木 花子,25,132,98.5,0,0.0,2026/05/18 16:35:40,2026/05/19 10:16:17,,,,,,完了,2026/05/19 10:16:17
CASE-PO-000814,CASE-PN-000814,3,CASE-PO-000814_3,二次組立,A030,MB000102,MG001,WC000053,134,150,20,170,2026/05/19 21:30:00,2026/05/20 11:20:00,,EQ-A030,9002,鈴木 花子,20,131,97.8,3,2.2,2026/05/20 08:30:00,2026/05/20 10:54:25,,,,,,完了,2026/05/20 10:54:25
CASE-PO-000814,CASE-PN-000814,4,CASE-PO-000814_4,完成検査,A040,MB000102,MG001,WC000054,134,60,0,60,2026/05/20 12:50:04,2026/05/20 13:50:04,,EQ-A040,9002,鈴木 花子,0,132,98.5,0,0.0,2026/05/20 12:50:04,2026/05/20 13:50:44,,,,,,完了,2026/05/20 13:50:44
CASE-PO-000815,CASE-PN-000815,1,CASE-PO-000815_1,部品準備,A010,MB000103,MG001,WC000051,57,45,10,55,2026/06/17 08:30:00,2026/06/17 09:25:00,,EQ-A010,9002,鈴木 花子,10,56,98.2,1,1.8,2026/06/17 08:30:00,2026/06/17 09:22:36,,,,,,完了,2026/06/17 09:22:36
CASE-PO-000815,CASE-PN-000815,2,CASE-PO-000815_2,一次組立,A020,MB000103,MG001,WC000052,57,180,25,205,2026/06/17 13:46:29,2026/06/17 17:11:29,,EQ-A020,9002,鈴木 花子,25,56,98.2,1,1.8,2026/06/17 13:46:29,2026/06/17 16:43:29,,,,,,完了,2026/06/17 16:43:29
CASE-PO-000815,CASE-PN-000815,3,CASE-PO-000815_3,二次組立,A030,MB000103,MG001,WC000053,57,150,20,170,2026/06/17 20:20:24,2026/06/18 11:20:00,,EQ-A030,9002,鈴木 花子,20,57,100.0,0,0.0,2026/06/18 08:30:00,2026/06/18 11:16:24,,,,,,完了,2026/06/18 11:16:24
CASE-PO-000815,CASE-PN-000815,4,CASE-PO-000815_4,完成検査,A040,MB000103,MG001,WC000054,57,60,0,60,2026/06/18 19:26:58,2026/06/19 09:30:00,,EQ-A040,9002,鈴木 花子,0,57,100.0,1,1.8,2026/06/19 08:30:00,2026/06/19 09:26:07,,,,,,完了,2026/06/19 09:26:07
CASE-PO-000816,CASE-PN-000816,1,CASE-PO-000816_1,部品準備,A010,MB000102,MG001,WC000051,103,45,10,55,2026/06/25 08:30:00,2026/06/25 09:25:00,,EQ-A010,9001,山田 太郎,10,103,100.0,2,1.9,2026/06/25 08:30:00,2026/06/25 09:17:58,,,,,,完了,2026/06/25 09:17:58
CASE-PO-000816,CASE-PN-000816,2,CASE-PO-000816_2,一次組立,A020,MB000102,MG001,WC000052,103,180,25,205,2026/06/25 12:47:45,2026/06/25 16:12:45,,EQ-A020,9001,山田 太郎,25,101,98.1,1,1.0,2026/06/25 12:47:45,2026/06/25 15:23:24,,,,,,完了,2026/06/25 15:23:24
CASE-PO-000816,CASE-PN-000816,3,CASE-PO-000816_3,二次組立,A030,MB000102,MG001,WC000053,103,150,20,170,2026/06/25 19:30:56,2026/06/26 11:20:00,,EQ-A030,9001,山田 太郎,20,102,99.0,0,0.0,2026/06/26 08:30:00,2026/06/26 10:46:14,,,,,,完了,2026/06/26 10:46:14
CASE-PO-000816,CASE-PN-000816,4,CASE-PO-000816_4,完成検査,A040,MB000102,MG001,WC000054,103,60,0,60,2026/06/26 17:36:52,2026/06/29 09:30:00,,EQ-A040,9001,山田 太郎,0,101,98.1,2,1.9,2026/06/29 08:30:00,2026/06/29 09:41:54,,,,,,完了,2026/06/29 09:41:54
CASE-PO-000817,CASE-PN-000817,1,CASE-PO-000817_1,部品準備,A010,MB000102,MG001,WC000051,107,45,10,55,2026/05/22 08:30:00,2026/05/22 09:25:00,,EQ-A010,9004,田中 三郎,10,107,100.0,1,0.9,2026/05/22 08:30:00,2026/05/22 09:13:01,,,,,,完了,2026/05/22 09:13:01
CASE-PO-000817,CASE-PN-000817,2,CASE-PO-000817_2,一次組立,A020,MB000102,MG001,WC000052,107,180,25,205,2026/05/22 11:21:00,2026/05/22 14:46:00,,EQ-A020,9004,田中 三郎,25,104,97.2,1,0.9,2026/05/22 11:21:00,2026/05/22 14:31:25,,,,,,完了,2026/05/22 14:31:25
CASE-PO-000817,CASE-PN-000817,3,CASE-PO-000817_3,二次組立,A030,MB000102,MG001,WC000053,107,150,20,170,2026/05/22 18:14:42,2026/05/25 11:20:00,,EQ-A030,9004,田中 三郎,20,104,97.2,1,0.9,2026/05/25 08:30:00,2026/05/25 11:33:38,,,,,,完了,2026/05/25 11:33:38
CASE-PO-000817,CASE-PN-000817,4,CASE-PO-000817_4,完成検査,A040,MB000102,MG001,WC000054,107,60,0,60,2026/05/25 16:20:26,2026/05/25 17:20:26,,EQ-A040,9004,田中 三郎,0,106,99.1,2,1.9,2026/05/25 16:20:26,2026/05/25 17:27:52,,,,,,完了,2026/05/25 17:27:52
CASE-PO-000818,CASE-PN-000818,1,CASE-PO-000818_1,部品準備,A010,MB000102,MG001,WC000051,163,45,10,55,2026/06/22 08:30:00,2026/06/22 09:25:00,,EQ-A010,9002,鈴木 花子,10,160,98.2,2,1.2,2026/06/22 08:30:00,2026/06/22 09:17:57,,,,,,完了,2026/06/22 09:17:57
CASE-PO-000818,CASE-PN-000818,2,CASE-PO-000818_2,一次組立,A020,MB000102,MG001,WC000052,163,180,25,205,2026/06/22 10:59:50,2026/06/22 14:24:50,,EQ-A020,9002,鈴木 花子,25,160,98.2,2,1.2,2026/06/22 10:59:50,2026/06/22 14:15:12,,,,,,完了,2026/06/22 14:15:12
CASE-PO-000818,CASE-PN-000818,3,CASE-PO-000818_3,二次組立,A030,MB000102,MG001,WC000053,163,150,20,170,2026/06/22 21:56:03,2026/06/23 11:20:00,,EQ-A030,9002,鈴木 花子,20,158,96.9,1,0.6,2026/06/23 08:30:00,2026/06/23 11:13:07,,,,,,完了,2026/06/23 11:13:07
CASE-PO-000818,CASE-PN-000818,4,CASE-PO-000818_4,完成検査,A040,MB000102,MG001,WC000054,163,60,0,60,2026/06/23 14:55:18,2026/06/23 15:55:18,,EQ-A040,9002,鈴木 花子,0,161,98.8,0,0.0,2026/06/23 14:55:18,2026/06/23 16:03:33,,,,,,完了,2026/06/23 16:03:33
CASE-PO-000819,CASE-PN-000819,1,CASE-PO-000819_1,部品準備,A010,MB000102,MG001,WC000051,63,45,10,55,2026/05/26 08:30:00,2026/05/26 09:25:00,,EQ-A010,9001,山田 太郎,10,62,98.4,1,1.6,2026/05/26 08:30:00,2026/05/26 09:14:40,,,,,,完了,2026/05/26 09:14:40
CASE-PO-000819,CASE-PN-000819,2,CASE-PO-000819_2,一次組立,A020,MB000102,MG001,WC000052,63,180,25,205,2026/05/26 16:33:10,2026/05/27 10:58:00,,EQ-A020,9001,山田 太郎,25,63,100.0,0,0.0,2026/05/26 16:33:10,2026/05/27 10:15:27,,,,,,完了,2026/05/27 10:15:27
CASE-PO-000819,CASE-PN-000819,3,CASE-PO-000819_3,二次組立,A030,MB000102,MG001,WC000053,63,150,20,170,2026/05/27 17:18:38,2026/05/28 11:08:00,,EQ-A030,9001,山田 太郎,20,61,96.8,0,0.0,2026/05/27 17:18:38,2026/05/28 11:05:16,,,,,,完了,2026/05/28 11:05:16
CASE-PO-000819,CASE-PN-000819,4,CASE-PO-000819_4,完成検査,A040,MB000102,MG001,WC000054,63,60,0,60,2026/05/28 19:54:13,2026/05/29 09:30:00,,EQ-A040,9001,山田 太郎,0,63,100.0,0,0.0,2026/05/29 08:30:00,2026/05/29 09:33:23,,,,,,完了,2026/05/29 09:33:23
CASE-PO-000820,CASE-PN-000820,1,CASE-PO-000820_1,部品準備,A010,MB000101,MG001,WC000051,47,45,10,55,2026/05/21 08:30:00,2026/05/21 09:25:00,,EQ-A010,9002,鈴木 花子,10,46,97.9,1,2.1,2026/05/21 08:30:00,2026/05/21 09:11:58,,,,,,完了,2026/05/21 09:11:58
CASE-PO-000820,CASE-PN-000820,2,CASE-PO-000820_2,一次組立,A020,MB000101,MG001,WC000052,47,180,25,205,2026/05/21 15:33:40,2026/05/22 09:58:00,,EQ-A020,9002,鈴木 花子,25,46,97.9,1,2.1,2026/05/21 15:33:40,2026/05/22 09:56:25,,,,,,完了,2026/05/22 09:56:25
CASE-PO-000820,CASE-PN-000820,3,CASE-PO-000820_3,二次組立,A030,MB000101,MG001,WC000053,47,150,20,170,2026/05/22 13:06:00,2026/05/22 15:56:00,,EQ-A030,9002,鈴木 花子,20,47,100.0,0,0.0,2026/05/22 13:06:00,2026/05/22 16:07:37,,,,,,完了,2026/05/22 16:07:37
CASE-PO-000820,CASE-PN-000820,4,CASE-PO-000820_4,完成検査,A040,MB000101,MG001,WC000054,47,60,0,60,2026/05/22 23:42:49,2026/05/25 09:30:00,,EQ-A040,9002,鈴木 花子,0,47,100.0,0,0.0,2026/05/25 08:30:00,2026/05/25 09:40:20,,,,,,完了,2026/05/25 09:40:20
CASE-PO-000821,CASE-PN-000821,1,CASE-PO-000821_1,部品準備,A010,MB000101,MG001,WC000051,79,45,10,55,2026/05/11 08:30:00,2026/05/11 09:25:00,,EQ-A010,9004,田中 三郎,10,78,98.7,1,1.3,2026/05/11 08:30:00,2026/05/11 09:25:10,,,,,,完了,2026/05/11 09:25:10
CASE-PO-000821,CASE-PN-000821,2,CASE-PO-000821_2,一次組立,A020,MB000101,MG001,WC000052,79,180,25,205,2026/05/11 14:40:02,2026/05/12 09:05:00,,EQ-A020,9004,田中 三郎,25,78,98.7,1,1.3,2026/05/11 14:40:02,2026/05/11 17:13:31,,,,,,完了,2026/05/11 17:13:31
CASE-PO-000821,CASE-PN-000821,3,CASE-PO-000821_3,二次組立,A030,MB000101,MG001,WC000053,79,150,20,170,2026/05/12 03:56:35,2026/05/12 11:20:00,,EQ-A030,9004,田中 三郎,20,78,98.7,1,1.3,2026/05/12 08:30:00,2026/05/12 11:03:58,,,,,,完了,2026/05/12 11:03:58
CASE-PO-000821,CASE-PN-000821,4,CASE-PO-000821_4,完成検査,A040,MB000101,MG001,WC000054,79,60,0,60,2026/05/12 13:37:28,2026/05/12 14:37:28,,EQ-A040,9004,田中 三郎,,,,,,2026/05/12 13:37:28,,,,,,,生産中,2026/05/12 14:37:28
CASE-PO-000822,CASE-PN-000822,1,CASE-PO-000822_1,部品準備,A010,MB000103,MG001,WC000051,70,45,10,55,2026/06/17 08:30:00,2026/06/17 09:25:00,,EQ-A010,9002,鈴木 花子,10,69,98.6,1,1.4,2026/06/17 08:30:00,2026/06/17 09:25:32,,,,,,完了,2026/06/17 09:25:32
CASE-PO-000822,CASE-PN-000822,2,CASE-PO-000822_2,一次組立,A020,MB000103,MG001,WC000052,70,180,25,205,2026/06/17 13:24:22,2026/06/17 16:49:22,,EQ-A020,9002,鈴木 花子,25,70,100.0,1,1.4,2026/06/17 13:24:22,2026/06/17 16:32:12,,,,,,完了,2026/06/17 16:32:12
CASE-PO-000822,CASE-PN-000822,3,CASE-PO-000822_3,二次組立,A030,MB000103,MG001,WC000053,70,150,20,170,2026/06/17 22:36:53,2026/06/18 11:20:00,,EQ-A030,9002,鈴木 花子,20,70,100.0,1,1.4,2026/06/18 08:30:00,2026/06/18 10:51:34,,,,,,完了,2026/06/18 10:51:34
CASE-PO-000822,CASE-PN-000822,4,CASE-PO-000822_4,完成検査,A040,MB000103,MG001,WC000054,70,60,0,60,2026/06/18 12:20:17,2026/06/18 13:20:17,,EQ-A040,9002,鈴木 花子,0,69,98.6,0,0.0,2026/06/18 12:20:17,2026/06/18 13:26:43,,,,,,完了,2026/06/18 13:26:43
CASE-PO-000823,CASE-PN-000823,1,CASE-PO-000823_1,部品準備,A010,MB000101,MG001,WC000051,55,45,10,55,2026/07/02 08:30:00,2026/07/02 09:25:00,,EQ-A010,9002,鈴木 花子,10,54,98.2,0,0.0,2026/07/02 08:30:00,2026/07/02 09:08:38,,,,,,完了,2026/07/02 09:08:38
CASE-PO-000823,CASE-PN-000823,2,CASE-PO-000823_2,一次組立,A020,MB000101,MG001,WC000052,55,180,25,205,2026/07/02 12:46:47,2026/07/02 16:11:47,,EQ-A020,9002,鈴木 花子,25,54,98.2,1,1.8,2026/07/02 12:46:47,2026/07/02 15:45:47,,,,,,完了,2026/07/02 15:45:47
CASE-PO-000823,CASE-PN-000823,3,CASE-PO-000823_3,二次組立,A030,MB000101,MG001,WC000053,55,150,20,170,2026/07/03 01:23:54,2026/07/03 11:20:00,,EQ-A030,9002,鈴木 花子,20,54,98.2,1,1.8,2026/07/03 08:30:00,2026/07/03 10:51:42,,,,,,完了,2026/07/03 10:51:42
CASE-PO-000823,CASE-PN-000823,4,CASE-PO-000823_4,完成検査,A040,MB000101,MG001,WC000054,55,60,0,60,2026/07/03 16:06:49,2026/07/03 17:06:49,,EQ-A040,9002,鈴木 花子,0,54,98.2,1,1.8,2026/07/03 16:06:49,2026/07/03 17:04:27,,,,,,完了,2026/07/03 17:04:27
CASE-PO-000824,CASE-PN-000824,1,CASE-PO-000824_1,部品準備,A010,MB000102,MG001,WC000051,162,45,10,55,2026/06/02 08:30:00,2026/06/02 09:25:00,,EQ-A010,9002,鈴木 花子,10,159,98.1,2,1.2,2026/06/02 08:30:00,2026/06/02 09:21:59,,,,,,完了,2026/06/02 09:21:59
CASE-PO-000824,CASE-PN-000824,2,CASE-PO-000824_2,一次組立,A020,MB000102,MG001,WC000052,162,180,25,205,2026/06/02 15:20:45,2026/06/03 09:45:00,,EQ-A020,9002,鈴木 花子,25,158,97.5,2,1.2,2026/06/02 15:20:45,2026/06/03 09:19:23,,,,,,完了,2026/06/03 09:19:23
CASE-PO-000824,CASE-PN-000824,3,CASE-PO-000824_3,二次組立,A030,MB000102,MG001,WC000053,162,150,20,170,2026/06/03 15:25:42,2026/06/04 09:15:00,,EQ-A030,9002,鈴木 花子,20,160,98.8,2,1.2,2026/06/03 15:25:42,2026/06/04 08:50:29,,,,,,完了,2026/06/04 08:50:29
CASE-PO-000824,CASE-PN-000824,4,CASE-PO-000824_4,完成検査,A040,MB000102,MG001,WC000054,162,60,0,60,2026/06/04 17:03:19,2026/06/05 09:03:00,,EQ-A040,9002,鈴木 花子,0,161,99.4,2,1.2,2026/06/04 17:03:19,2026/06/05 09:12:56,,,,,,完了,2026/06/05 09:12:56
CASE-PO-000825,CASE-PN-000825,1,CASE-PO-000825_1,部品準備,A010,MB000101,MG001,WC000051,104,45,10,55,2026/05/22 08:30:00,2026/05/22 09:25:00,,EQ-A010,9005,高橋 四郎,10,104,100.0,2,1.9,2026/05/22 08:30:00,2026/05/22 09:15:04,,,,,,完了,2026/05/22 09:15:04
CASE-PO-000825,CASE-PN-000825,2,CASE-PO-000825_2,一次組立,A020,MB000101,MG001,WC000052,104,180,25,205,2026/05/22 12:20:05,2026/05/22 15:45:05,,EQ-A020,9005,高橋 四郎,25,103,99.0,1,1.0,2026/05/22 12:20:05,2026/05/22 16:00:33,,,,,,完了,2026/05/22 16:00:33
CASE-PO-000825,CASE-PN-000825,3,CASE-PO-000825_3,二次組立,A030,MB000101,MG001,WC000053,104,150,20,170,2026/05/22 20:17:29,2026/05/25 11:20:00,,EQ-A030,9005,高橋 四郎,20,104,100.0,2,1.9,2026/05/25 08:30:00,2026/05/25 11:04:42,,,,,,完了,2026/05/25 11:04:42
CASE-PO-000825,CASE-PN-000825,4,CASE-PO-000825_4,完成検査,A040,MB000101,MG001,WC000054,104,60,0,60,2026/05/25 16:11:35,2026/05/25 17:11:35,,EQ-A040,9005,高橋 四郎,0,102,98.1,2,1.9,2026/05/25 16:11:35,2026/05/25 17:03:30,,,,,,完了,2026/05/25 17:03:30
CASE-PO-000826,CASE-PN-000826,1,CASE-PO-000826_1,部品準備,A010,MB000101,MG001,WC000051,46,45,10,55,2026/06/08 08:30:00,2026/06/08 09:25:00,,EQ-A010,9004,田中 三郎,10,46,100.0,0,0.0,2026/06/08 08:30:00,2026/06/08 09:18:18,,,,,,完了,2026/06/08 09:18:18
CASE-PO-000826,CASE-PN-000826,2,CASE-PO-000826_2,一次組立,A020,MB000101,MG001,WC000052,46,180,25,205,2026/06/08 16:03:00,2026/06/09 10:28:00,,EQ-A020,9004,田中 三郎,25,46,100.0,0,0.0,2026/06/08 16:03:00,2026/06/09 10:44:13,,,,,,完了,2026/06/09 10:44:13
CASE-PO-000826,CASE-PN-000826,3,CASE-PO-000826_3,二次組立,A030,MB000101,MG001,WC000053,46,150,20,170,2026/06/09 16:44:15,2026/06/10 10:34:00,,EQ-A030,9004,田中 三郎,20,45,97.8,0,0.0,2026/06/09 16:44:15,2026/06/10 10:13:33,,,,,,完了,2026/06/10 10:13:33
CASE-PO-000826,CASE-PN-000826,4,CASE-PO-000826_4,完成検査,A040,MB000101,MG001,WC000054,46,60,0,60,2026/06/10 15:22:45,2026/06/10 16:22:45,,EQ-A040,9004,田中 三郎,0,45,97.8,1,2.2,2026/06/10 15:22:45,2026/06/10 16:35:35,,,,,,完了,2026/06/10 16:35:35
CASE-PO-000827,CASE-PN-000827,1,CASE-PO-000827_1,部品準備,A010,MB000101,MG001,WC000051,104,45,10,55,2026/05/11 08:30:00,2026/05/11 09:25:00,,EQ-A010,9003,佐藤 次郎,10,101,97.1,2,1.9,2026/05/11 08:30:00,2026/05/11 09:08:28,,,,,,完了,2026/05/11 09:08:28
CASE-PO-000827,CASE-PN-000827,2,CASE-PO-000827_2,一次組立,A020,MB000101,MG001,WC000052,104,180,25,205,2026/05/11 11:07:18,2026/05/11 14:32:18,,EQ-A020,9003,佐藤 次郎,25,101,97.1,0,0.0,2026/05/11 11:07:18,2026/05/11 14:34:19,,,,,,完了,2026/05/11 14:34:19
CASE-PO-000827,CASE-PN-000827,3,CASE-PO-000827_3,二次組立,A030,MB000101,MG001,WC000053,104,150,20,170,2026/05/11 21:33:01,2026/05/12 11:20:00,,EQ-A030,9003,佐藤 次郎,20,103,99.0,2,1.9,2026/05/12 08:30:00,2026/05/12 10:58:07,,,,,,完了,2026/05/12 10:58:07
CASE-PO-000827,CASE-PN-000827,4,CASE-PO-000827_4,完成検査,A040,MB000101,MG001,WC000054,104,60,0,60,2026/05/12 12:31:58,2026/05/12 13:31:58,,EQ-A040,9003,佐藤 次郎,0,103,99.0,2,1.9,2026/05/12 12:31:58,2026/05/12 13:36:08,,,,,,完了,2026/05/12 13:36:08
CASE-PO-000828,CASE-PN-000828,1,CASE-PO-000828_1,部品準備,A010,MB000103,MG001,WC000051,52,45,10,55,2026/06/11 08:30:00,2026/06/11 09:25:00,,EQ-A010,9005,高橋 四郎,10,51,98.1,0,0.0,2026/06/11 08:30:00,2026/06/11 09:10:26,,,,,,完了,2026/06/11 09:10:26
CASE-PO-000828,CASE-PN-000828,2,CASE-PO-000828_2,一次組立,A020,MB000103,MG001,WC000052,52,180,25,205,2026/06/11 16:41:18,2026/06/12 11:06:00,,EQ-A020,9005,高橋 四郎,25,51,98.1,1,1.9,2026/06/11 16:41:18,2026/06/12 10:33:02,,,,,,完了,2026/06/12 10:33:02
CASE-PO-000828,CASE-PN-000828,3,CASE-PO-000828_3,二次組立,A030,MB000103,MG001,WC000053,52,150,20,170,2026/06/12 13:00:20,2026/06/12 15:50:20,,EQ-A030,9005,高橋 四郎,20,52,100.0,0,0.0,2026/06/12 13:00:20,2026/06/12 15:12:03,,,,,,完了,2026/06/12 15:12:03
CASE-PO-000828,CASE-PN-000828,4,CASE-PO-000828_4,完成検査,A040,MB000103,MG001,WC000054,52,60,0,60,2026/06/12 21:27:16,2026/06/15 09:30:00,,EQ-A040,9005,高橋 四郎,0,51,98.1,1,1.9,2026/06/15 08:30:00,2026/06/15 09:21:15,,,,,,完了,2026/06/15 09:21:15
CASE-PO-000829,CASE-PN-000829,1,CASE-PO-000829_1,部品準備,A010,MB000103,MG001,WC000051,60,45,10,55,2026/05/12 08:30:00,2026/05/12 09:25:00,,EQ-A010,9005,高橋 四郎,10,59,98.3,1,1.7,2026/05/12 08:30:00,2026/05/12 09:08:19,,,,,,完了,2026/05/12 09:08:19
CASE-PO-000829,CASE-PN-000829,2,CASE-PO-000829_2,一次組立,A020,MB000103,MG001,WC000052,60,180,25,205,2026/05/12 10:36:21,2026/05/12 14:01:21,,EQ-A020,9005,高橋 四郎,25,59,98.3,1,1.7,2026/05/12 10:36:21,2026/05/12 14:03:21,,,,,,完了,2026/05/12 14:03:21
CASE-PO-000829,CASE-PN-000829,3,CASE-PO-000829_3,二次組立,A030,MB000103,MG001,WC000053,60,150,20,170,2026/05/12 18:10:20,2026/05/13 11:20:00,,EQ-A030,9005,高橋 四郎,20,58,96.7,1,1.7,2026/05/13 08:30:00,2026/05/13 10:49:31,,,,,,完了,2026/05/13 10:49:31
CASE-PO-000829,CASE-PN-000829,4,CASE-PO-000829_4,完成検査,A040,MB000103,MG001,WC000054,60,60,0,60,2026/05/13 13:36:13,2026/05/13 14:36:13,,EQ-A040,9005,高橋 四郎,0,59,98.3,1,1.7,2026/05/13 13:36:13,2026/05/13 14:33:28,,,,,,完了,2026/05/13 14:33:28
CASE-PO-000830,CASE-PN-000830,1,CASE-PO-000830_1,部品準備,A010,MB000102,MG001,WC000051,68,45,10,55,2026/06/26 08:30:00,2026/06/26 09:25:00,,EQ-A010,9004,田中 三郎,10,68,100.0,0,0.0,2026/06/26 08:30:00,2026/06/26 09:17:16,,,,,,完了,2026/06/26 09:17:16
CASE-PO-000830,CASE-PN-000830,2,CASE-PO-000830_2,一次組立,A020,MB000102,MG001,WC000052,68,180,25,205,2026/06/26 12:44:06,2026/06/26 16:09:06,,EQ-A020,9004,田中 三郎,25,66,97.1,1,1.5,2026/06/26 12:44:06,2026/06/26 16:15:10,,,,,,完了,2026/06/26 16:15:10
CASE-PO-000830,CASE-PN-000830,3,CASE-PO-000830_3,二次組立,A030,MB000102,MG001,WC000053,68,150,20,170,2026/06/26 18:24:51,2026/06/29 11:20:00,,EQ-A030,9004,田中 三郎,20,66,97.1,0,0.0,2026/06/29 08:30:00,2026/06/29 10:58:43,,,,,,完了,2026/06/29 10:58:43
CASE-PO-000830,CASE-PN-000830,4,CASE-PO-000830_4,完成検査,A040,MB000102,MG001,WC000054,68,60,0,60,2026/06/29 17:36:02,2026/06/30 09:30:00,,EQ-A040,9004,田中 三郎,0,66,97.1,1,1.5,2026/06/30 08:30:00,2026/06/30 09:31:29,,,,,,完了,2026/06/30 09:31:29
CASE-PO-000831,CASE-PN-000831,1,CASE-PO-000831_1,部品準備,A010,MB000103,MG001,WC000051,71,45,10,55,2026/05/22 08:30:00,2026/05/22 09:25:00,,EQ-A010,9001,山田 太郎,10,70,98.6,1,1.4,2026/05/22 08:30:00,2026/05/22 09:25:41,,,,,,完了,2026/05/22 09:25:41
CASE-PO-000831,CASE-PN-000831,2,CASE-PO-000831_2,一次組立,A020,MB000103,MG001,WC000052,71,180,25,205,2026/05/22 11:47:42,2026/05/22 15:12:42,,EQ-A020,9001,山田 太郎,,,,,,2026/05/22 11:47:42,,,,,,,生産中,2026/05/22 15:12:42
CASE-PO-000831,CASE-PN-000831,3,CASE-PO-000831_3,二次組立,A030,MB000103,MG001,WC000053,71,150,20,170,2026/05/22 23:44:09,2026/05/25 11:20:00,,EQ-A030,9001,山田 太郎,,,,,,,,,,,,,開始待ち,2026/05/25 11:20:00
CASE-PO-000831,CASE-PN-000831,4,CASE-PO-000831_4,完成検査,A040,MB000103,MG001,WC000054,71,60,0,60,2026/05/25 15:05:25,2026/05/25 16:05:25,,EQ-A040,9001,山田 太郎,,,,,,,,,,,,,開始待ち,2026/05/25 16:05:25
CASE-PO-000832,CASE-PN-000832,1,CASE-PO-000832_1,部品準備,A010,MB000102,MG001,WC000051,104,45,10,55,2026/06/18 08:30:00,2026/06/18 09:25:00,,EQ-A010,9001,山田 太郎,10,103,99.0,1,1.0,2026/06/18 08:30:00,2026/06/18 09:08:56,,,,,,完了,2026/06/18 09:08:56
CASE-PO-000832,CASE-PN-000832,2,CASE-PO-000832_2,一次組立,A020,MB000102,MG001,WC000052,104,180,25,205,2026/06/18 12:24:09,2026/06/18 15:49:09,,EQ-A020,9001,山田 太郎,25,101,97.1,1,1.0,2026/06/18 12:24:09,2026/06/18 15:01:19,,,,,,完了,2026/06/18 15:01:19
CASE-PO-000832,CASE-PN-000832,3,CASE-PO-000832_3,二次組立,A030,MB000102,MG001,WC000053,104,150,20,170,2026/06/19 01:16:58,2026/06/19 11:20:00,,EQ-A030,9001,山田 太郎,20,101,97.1,0,0.0,2026/06/19 08:30:00,2026/06/19 11:19:16,,,,,,完了,2026/06/19 11:19:16
CASE-PO-000832,CASE-PN-000832,4,CASE-PO-000832_4,完成検査,A040,MB000102,MG001,WC000054,104,60,0,60,2026/06/19 18:17:49,2026/06/22 09:30:00,,EQ-A040,9001,山田 太郎,0,102,98.1,2,1.9,2026/06/22 08:30:00,2026/06/22 09:43:50,,,,,,完了,2026/06/22 09:43:50
CASE-PO-000833,CASE-PN-000833,1,CASE-PO-000833_1,部品準備,A010,MB000101,MG001,WC000051,108,45,10,55,2026/06/29 08:30:00,2026/06/29 09:25:00,,EQ-A010,9003,佐藤 次郎,10,105,97.2,1,0.9,2026/06/29 08:30:00,2026/06/29 09:10:41,,,,,,完了,2026/06/29 09:10:41
CASE-PO-000833,CASE-PN-000833,2,CASE-PO-000833_2,一次組立,A020,MB000101,MG001,WC000052,108,180,25,205,2026/06/29 15:32:11,2026/06/30 09:57:00,,EQ-A020,9003,佐藤 次郎,25,105,97.2,1,0.9,2026/06/29 15:32:11,2026/06/30 09:22:06,,,,,,完了,2026/06/30 09:22:06
CASE-PO-000833,CASE-PN-000833,3,CASE-PO-000833_3,二次組立,A030,MB000101,MG001,WC000053,108,150,20,170,2026/06/30 12:25:32,2026/06/30 15:15:32,,EQ-A030,9003,佐藤 次郎,20,106,98.1,2,1.9,2026/06/30 12:25:32,2026/06/30 14:54:15,,,,,,完了,2026/06/30 14:54:15
CASE-PO-000833,CASE-PN-000833,4,CASE-PO-000833_4,完成検査,A040,MB000101,MG001,WC000054,108,60,0,60,2026/06/30 23:39:57,2026/07/01 09:30:00,,EQ-A040,9003,佐藤 次郎,0,106,98.1,1,0.9,2026/07/01 08:30:00,2026/07/01 09:38:40,,,,,,完了,2026/07/01 09:38:40
CASE-PO-000834,CASE-PN-000834,1,CASE-PO-000834_1,部品準備,A010,MB000102,MG001,WC000051,137,45,10,55,2026/05/26 08:30:00,2026/05/26 09:25:00,,EQ-A010,9004,田中 三郎,10,136,99.3,2,1.5,2026/05/26 08:30:00,2026/05/26 09:20:00,,,,,,完了,2026/05/26 09:20:00
CASE-PO-000834,CASE-PN-000834,2,CASE-PO-000834_2,一次組立,A020,MB000102,MG001,WC000052,137,180,25,205,2026/05/26 11:23:00,2026/05/26 14:48:00,,EQ-A020,9004,田中 三郎,25,134,97.8,2,1.5,2026/05/26 11:23:00,2026/05/26 14:11:17,,,,,,完了,2026/05/26 14:11:17
CASE-PO-000834,CASE-PN-000834,3,CASE-PO-000834_3,二次組立,A030,MB000102,MG001,WC000053,137,150,20,170,2026/05/26 21:45:41,2026/05/27 11:20:00,,EQ-A030,9004,田中 三郎,20,133,97.1,2,1.5,2026/05/27 08:30:00,2026/05/27 11:05:32,,,,,,完了,2026/05/27 11:05:32
CASE-PO-000834,CASE-PN-000834,4,CASE-PO-000834_4,完成検査,A040,MB000102,MG001,WC000054,137,60,0,60,2026/05/27 20:36:28,2026/05/28 09:30:00,,EQ-A040,9004,田中 三郎,0,135,98.5,2,1.5,2026/05/28 08:30:00,2026/05/28 09:39:44,,,,,,完了,2026/05/28 09:39:44
CASE-PO-000835,CASE-PN-000835,1,CASE-PO-000835_1,部品準備,A010,MB000101,MG001,WC000051,103,45,10,55,2026/07/01 08:30:00,2026/07/01 09:25:00,,EQ-A010,9001,山田 太郎,10,102,99.0,0,0.0,2026/07/01 08:30:00,2026/07/01 09:21:09,,,,,,完了,2026/07/01 09:21:09
CASE-PO-000835,CASE-PN-000835,2,CASE-PO-000835_2,一次組立,A020,MB000101,MG001,WC000052,103,180,25,205,2026/07/01 16:37:51,2026/07/02 11:02:00,,EQ-A020,9001,山田 太郎,25,102,99.0,2,1.9,2026/07/01 16:37:51,2026/07/02 10:46:22,,,,,,完了,2026/07/02 10:46:22
CASE-PO-000835,CASE-PN-000835,3,CASE-PO-000835_3,二次組立,A030,MB000101,MG001,WC000053,103,150,20,170,2026/07/02 20:24:40,2026/07/03 11:20:00,,EQ-A030,9001,山田 太郎,20,101,98.1,1,1.0,2026/07/03 08:30:00,2026/07/03 10:58:26,,,,,,完了,2026/07/03 10:58:26
CASE-PO-000835,CASE-PN-000835,4,CASE-PO-000835_4,完成検査,A040,MB000101,MG001,WC000054,103,60,0,60,2026/07/03 14:22:15,2026/07/03 15:22:15,,EQ-A040,9001,山田 太郎,0,102,99.0,2,1.9,2026/07/03 14:22:15,2026/07/03 15:23:01,,,,,,完了,2026/07/03 15:23:01
CASE-PO-000836,CASE-PN-000836,1,CASE-PO-000836_1,部品準備,A010,MB000101,MG001,WC000051,61,45,10,55,2026/06/23 08:30:00,2026/06/23 09:25:00,,EQ-A010,9002,鈴木 花子,10,60,98.4,0,0.0,2026/06/23 08:30:00,2026/06/23 09:21:41,,,,,,完了,2026/06/23 09:21:41
CASE-PO-000836,CASE-PN-000836,2,CASE-PO-000836_2,一次組立,A020,MB000101,MG001,WC000052,61,180,25,205,2026/06/23 10:31:34,2026/06/23 13:56:34,,EQ-A020,9002,鈴木 花子,25,60,98.4,0,0.0,2026/06/23 10:31:34,2026/06/23 13:13:55,,,,,,完了,2026/06/23 13:13:55
CASE-PO-000836,CASE-PN-000836,3,CASE-PO-000836_3,二次組立,A030,MB000101,MG001,WC000053,61,150,20,170,2026/06/23 16:16:13,2026/06/24 10:06:00,,EQ-A030,9002,鈴木 花子,20,60,98.4,1,1.6,2026/06/23 16:16:13,2026/06/24 09:28:00,,,,,,完了,2026/06/24 09:28:00
CASE-PO-000836,CASE-PN-000836,4,CASE-PO-000836_4,完成検査,A040,MB000101,MG001,WC000054,61,60,0,60,2026/06/24 10:36:27,2026/06/24 11:36:27,,EQ-A040,9002,鈴木 花子,0,61,100.0,1,1.6,2026/06/24 10:36:27,2026/06/24 11:39:30,,,,,,完了,2026/06/24 11:39:30
CASE-PO-000837,CASE-PN-000837,1,CASE-PO-000837_1,部品準備,A010,MB000101,MG001,WC000051,102,45,10,55,2026/05/20 08:30:00,2026/05/20 09:25:00,,EQ-A010,9003,佐藤 次郎,10,101,99.0,1,1.0,2026/05/20 08:30:00,2026/05/20 09:13:12,,,,,,完了,2026/05/20 09:13:12
CASE-PO-000837,CASE-PN-000837,2,CASE-PO-000837_2,一次組立,A020,MB000101,MG001,WC000052,102,180,25,205,2026/05/20 13:04:58,2026/05/20 16:29:58,,EQ-A020,9003,佐藤 次郎,25,100,98.0,0,0.0,2026/05/20 13:04:58,2026/05/20 16:39:28,,,,,,完了,2026/05/20 16:39:28
CASE-PO-000837,CASE-PN-000837,3,CASE-PO-000837_3,二次組立,A030,MB000101,MG001,WC000053,102,150,20,170,2026/05/20 23:18:53,2026/05/21 11:20:00,,EQ-A030,9003,佐藤 次郎,20,102,100.0,2,2.0,2026/05/21 08:30:00,2026/05/21 10:55:02,,,,,,完了,2026/05/21 10:55:02
CASE-PO-000837,CASE-PN-000837,4,CASE-PO-000837_4,完成検査,A040,MB000101,MG001,WC000054,102,60,0,60,2026/05/21 16:25:00,2026/05/21 17:25:00,,EQ-A040,9003,佐藤 次郎,0,101,99.0,1,1.0,2026/05/21 16:25:00,2026/05/22 08:37:51,,,,,,完了,2026/05/22 08:37:51
CASE-PO-000838,CASE-PN-000838,1,CASE-PO-000838_1,部品準備,A010,MB000102,MG001,WC000051,140,45,10,55,2026/06/29 08:30:00,2026/06/29 09:25:00,,EQ-A010,9001,山田 太郎,10,140,100.0,1,0.7,2026/06/29 08:30:00,2026/06/29 09:17:25,,,,,,完了,2026/06/29 09:17:25
CASE-PO-000838,CASE-PN-000838,2,CASE-PO-000838_2,一次組立,A020,MB000102,MG001,WC000052,140,180,25,205,2026/06/29 10:50:02,2026/06/29 14:15:02,,EQ-A020,9001,山田 太郎,25,138,98.6,1,0.7,2026/06/29 10:50:02,2026/06/29 14:11:51,,,,,,完了,2026/06/29 14:11:51
CASE-PO-000838,CASE-PN-000838,3,CASE-PO-000838_3,二次組立,A030,MB000102,MG001,WC000053,140,150,20,170,2026/06/29 23:49:16,2026/06/30 11:20:00,,EQ-A030,9001,山田 太郎,20,136,97.1,3,2.1,2026/06/30 08:30:00,2026/06/30 11:12:56,,,,,,完了,2026/06/30 11:12:56
CASE-PO-000838,CASE-PN-000838,4,CASE-PO-000838_4,完成検査,A040,MB000102,MG001,WC000054,140,60,0,60,2026/06/30 19:18:44,2026/07/01 09:30:00,,EQ-A040,9001,山田 太郎,0,136,97.1,2,1.4,2026/07/01 08:30:00,2026/07/01 09:43:58,,,,,,完了,2026/07/01 09:43:58
CASE-PO-000839,CASE-PN-000839,1,CASE-PO-000839_1,部品準備,A010,MB000102,MG001,WC000051,73,45,10,55,2026/05/28 08:30:00,2026/05/28 09:25:00,,EQ-A010,9002,鈴木 花子,10,72,98.6,1,1.4,2026/05/28 08:30:00,2026/05/28 09:19:14,,,,,,完了,2026/05/28 09:19:14
CASE-PO-000839,CASE-PN-000839,2,CASE-PO-000839_2,一次組立,A020,MB000102,MG001,WC000052,73,180,25,205,2026/05/28 11:44:04,2026/05/28 15:09:04,,EQ-A020,9002,鈴木 花子,25,73,100.0,0,0.0,2026/05/28 11:44:04,2026/05/28 14:20:25,,,,,,完了,2026/05/28 14:20:25
CASE-PO-000839,CASE-PN-000839,3,CASE-PO-000839_3,二次組立,A030,MB000102,MG001,WC000053,73,150,20,170,2026/05/29 00:36:48,2026/05/29 11:20:00,,EQ-A030,9002,鈴木 花子,20,73,100.0,1,1.4,2026/05/29 08:30:00,2026/05/29 10:52:42,,,,,,完了,2026/05/29 10:52:42
CASE-PO-000839,CASE-PN-000839,4,CASE-PO-000839_4,完成検査,A040,MB000102,MG001,WC000054,73,60,0,60,2026/05/29 16:31:07,2026/06/01 08:31:00,,EQ-A040,9002,鈴木 花子,0,72,98.6,1,1.4,2026/05/29 16:31:07,2026/06/01 08:36:19,,,,,,完了,2026/06/01 08:36:19
CASE-PO-000840,CASE-PN-000840,1,CASE-PO-000840_1,部品準備,A010,MB000103,MG001,WC000051,38,45,10,55,2026/06/05 08:30:00,2026/06/05 09:25:00,,EQ-A010,9003,佐藤 次郎,10,38,100.0,0,0.0,2026/06/05 08:30:00,2026/06/05 09:20:07,,,,,,完了,2026/06/05 09:20:07
CASE-PO-000840,CASE-PN-000840,2,CASE-PO-000840_2,一次組立,A020,MB000103,MG001,WC000052,38,180,25,205,2026/06/05 17:13:49,2026/06/08 11:38:00,,EQ-A020,9003,佐藤 次郎,25,38,100.0,0,0.0,2026/06/05 17:13:49,2026/06/08 10:46:22,,,,,,完了,2026/06/08 10:46:22
CASE-PO-000840,CASE-PN-000840,3,CASE-PO-000840_3,二次組立,A030,MB000103,MG001,WC000053,38,150,20,170,2026/06/08 13:02:14,2026/06/08 15:52:14,,EQ-A030,9003,佐藤 次郎,20,38,100.0,1,2.6,2026/06/08 13:02:14,2026/06/08 16:07:06,,,,,,完了,2026/06/08 16:07:06
CASE-PO-000840,CASE-PN-000840,4,CASE-PO-000840_4,完成検査,A040,MB000103,MG001,WC000054,38,60,0,60,2026/06/08 23:00:28,2026/06/09 09:30:00,,EQ-A040,9003,佐藤 次郎,0,37,97.4,0,0.0,2026/06/09 08:30:00,2026/06/09 09:38:40,,,,,,完了,2026/06/09 09:38:40
CASE-PO-000841,CASE-PN-000841,1,CASE-PO-000841_1,部品準備,A010,MB000103,MG001,WC000051,72,45,10,55,2026/06/24 08:30:00,2026/06/24 09:25:00,,EQ-A010,9002,鈴木 花子,10,71,98.6,0,0.0,2026/06/24 08:30:00,2026/06/24 09:11:05,,,,,,完了,2026/06/24 09:11:05
CASE-PO-000841,CASE-PN-000841,2,CASE-PO-000841_2,一次組立,A020,MB000103,MG001,WC000052,72,180,25,205,2026/06/24 11:16:37,2026/06/24 14:41:37,,EQ-A020,9002,鈴木 花子,25,71,98.6,1,1.4,2026/06/24 11:16:37,2026/06/24 13:54:19,,,,,,完了,2026/06/24 13:54:19
CASE-PO-000841,CASE-PN-000841,3,CASE-PO-000841_3,二次組立,A030,MB000103,MG001,WC000053,72,150,20,170,2026/06/25 00:18:53,2026/06/25 11:20:00,,EQ-A030,9002,鈴木 花子,20,70,97.2,0,0.0,2026/06/25 08:30:00,2026/06/25 11:09:07,,,,,,完了,2026/06/25 11:09:07
CASE-PO-000841,CASE-PN-000841,4,CASE-PO-000841_4,完成検査,A040,MB000103,MG001,WC000054,72,60,0,60,2026/06/25 13:12:07,2026/06/25 14:12:07,,EQ-A040,9002,鈴木 花子,0,71,98.6,0,0.0,2026/06/25 13:12:07,2026/06/25 14:16:20,,,,,,完了,2026/06/25 14:16:20
CASE-PO-000842,CASE-PN-000842,1,CASE-PO-000842_1,部品準備,A010,MB000101,MG001,WC000051,84,45,10,55,2026/05/26 08:30:00,2026/05/26 09:25:00,,EQ-A010,9005,高橋 四郎,10,82,97.6,1,1.2,2026/05/26 08:30:00,2026/05/26 09:16:32,,,,,,完了,2026/05/26 09:16:32
CASE-PO-000842,CASE-PN-000842,2,CASE-PO-000842_2,一次組立,A020,MB000101,MG001,WC000052,84,180,25,205,2026/05/26 10:30:08,2026/05/26 13:55:08,,EQ-A020,9005,高橋 四郎,25,84,100.0,1,1.2,2026/05/26 10:30:08,2026/05/26 13:53:32,,,,,,完了,2026/05/26 13:53:32
CASE-PO-000842,CASE-PN-000842,3,CASE-PO-000842_3,二次組立,A030,MB000101,MG001,WC000053,84,150,20,170,2026/05/26 20:16:47,2026/05/27 11:20:00,,EQ-A030,9005,高橋 四郎,20,83,98.8,1,1.2,2026/05/27 08:30:00,2026/05/27 10:55:43,,,,,,完了,2026/05/27 10:55:43
CASE-PO-000842,CASE-PN-000842,4,CASE-PO-000842_4,完成検査,A040,MB000101,MG001,WC000054,84,60,0,60,2026/05/27 17:48:09,2026/05/28 09:30:00,,EQ-A040,9005,高橋 四郎,0,83,98.8,1,1.2,2026/05/28 08:30:00,2026/05/28 09:32:11,,,,,,完了,2026/05/28 09:32:11
CASE-PO-000843,CASE-PN-000843,1,CASE-PO-000843_1,部品準備,A010,MB000102,MG001,WC000051,62,45,10,55,2026/06/12 08:30:00,2026/06/12 09:25:00,,EQ-A010,9002,鈴木 花子,10,60,96.8,0,0.0,2026/06/12 08:30:00,2026/06/12 09:13:58,,,,,,完了,2026/06/12 09:13:58
CASE-PO-000843,CASE-PN-000843,2,CASE-PO-000843_2,一次組立,A020,MB000102,MG001,WC000052,62,180,25,205,2026/06/12 15:16:38,2026/06/15 09:41:00,,EQ-A020,9002,鈴木 花子,25,61,98.4,1,1.6,2026/06/12 15:16:38,2026/06/15 09:43:20,,,,,,完了,2026/06/15 09:43:20
CASE-PO-000843,CASE-PN-000843,3,CASE-PO-000843_3,二次組立,A030,MB000102,MG001,WC000053,62,150,20,170,2026/06/15 11:46:36,2026/06/15 14:36:36,,EQ-A030,9002,鈴木 花子,,,,,,2026/06/15 11:46:36,,,,,,,生産中,2026/06/15 14:36:36
CASE-PO-000843,CASE-PN-000843,4,CASE-PO-000843_4,完成検査,A040,MB000102,MG001,WC000054,62,60,0,60,2026/06/16 00:25:36,2026/06/16 09:30:00,,EQ-A040,9002,鈴木 花子,,,,,,,,,,,,,開始待ち,2026/06/16 09:30:00
CASE-PO-000844,CASE-PN-000844,1,CASE-PO-000844_1,部品準備,A010,MB000103,MG001,WC000051,36,45,10,55,2026/05/06 08:30:00,2026/05/06 09:25:00,,EQ-A010,9004,田中 三郎,10,35,97.2,1,2.8,2026/05/06 08:30:00,2026/05/06 09:24:21,,,,,,完了,2026/05/06 09:24:21
CASE-PO-000844,CASE-PN-000844,2,CASE-PO-000844_2,一次組立,A020,MB000103,MG001,WC000052,36,180,25,205,2026/05/06 17:05:17,2026/05/07 11:30:00,,EQ-A020,9004,田中 三郎,25,35,97.2,0,0.0,2026/05/06 17:05:17,2026/05/07 11:23:24,,,,,,完了,2026/05/07 11:23:24
CASE-PO-000844,CASE-PN-000844,3,CASE-PO-000844_3,二次組立,A030,MB000103,MG001,WC000053,36,150,20,170,2026/05/07 19:10:41,2026/05/08 11:20:00,,EQ-A030,9004,田中 三郎,20,35,97.2,0,0.0,2026/05/08 08:30:00,2026/05/08 11:05:06,,,,,,完了,2026/05/08 11:05:06
CASE-PO-000844,CASE-PN-000844,4,CASE-PO-000844_4,完成検査,A040,MB000103,MG001,WC000054,36,60,0,60,2026/05/08 19:17:33,2026/05/11 09:30:00,,EQ-A040,9004,田中 三郎,0,35,97.2,1,2.8,2026/05/11 08:30:00,2026/05/11 09:25:54,,,,,,完了,2026/05/11 09:25:54
CASE-PO-000845,CASE-PN-000845,1,CASE-PO-000845_1,部品準備,A010,MB000103,MG001,WC000051,66,45,10,55,2026/05/25 08:30:00,2026/05/25 09:25:00,,EQ-A010,9003,佐藤 次郎,10,66,100.0,1,1.5,2026/05/25 08:30:00,2026/05/25 09:22:12,,,,,,完了,2026/05/25 09:22:12
CASE-PO-000845,CASE-PN-000845,2,CASE-PO-000845_2,一次組立,A020,MB000103,MG001,WC000052,66,180,25,205,2026/05/25 14:00:07,2026/05/25 17:25:07,,EQ-A020,9003,佐藤 次郎,25,64,97.0,1,1.5,2026/05/25 14:00:07,2026/05/25 16:33:19,,,,,,完了,2026/05/25 16:33:19
CASE-PO-000845,CASE-PN-000845,3,CASE-PO-000845_3,二次組立,A030,MB000103,MG001,WC000053,66,150,20,170,2026/05/25 23:53:19,2026/05/26 11:20:00,,EQ-A030,9003,佐藤 次郎,20,66,100.0,1,1.5,2026/05/26 08:30:00,2026/05/26 10:56:25,,,,,,完了,2026/05/26 10:56:25
CASE-PO-000845,CASE-PN-000845,4,CASE-PO-000845_4,完成検査,A040,MB000103,MG001,WC000054,66,60,0,60,2026/05/26 16:52:27,2026/05/27 08:52:00,,EQ-A040,9003,佐藤 次郎,0,66,100.0,0,0.0,2026/05/26 16:52:27,2026/05/27 08:54:31,,,,,,完了,2026/05/27 08:54:31
CASE-PO-000846,CASE-PN-000846,1,CASE-PO-000846_1,部品準備,A010,MB000102,MG001,WC000051,72,45,10,55,2026/05/15 08:30:00,2026/05/15 09:25:00,,EQ-A010,9002,鈴木 花子,10,70,97.2,0,0.0,2026/05/15 08:30:00,2026/05/15 09:09:00,,,,,,完了,2026/05/15 09:09:00
CASE-PO-000846,CASE-PN-000846,2,CASE-PO-000846_2,一次組立,A020,MB000102,MG001,WC000052,72,180,25,205,2026/05/15 13:48:37,2026/05/15 17:13:37,,EQ-A020,9002,鈴木 花子,25,71,98.6,1,1.4,2026/05/15 13:48:37,2026/05/15 16:29:12,,,,,,完了,2026/05/15 16:29:12
CASE-PO-000846,CASE-PN-000846,3,CASE-PO-000846_3,二次組立,A030,MB000102,MG001,WC000053,72,150,20,170,2026/05/15 23:28:49,2026/05/18 11:20:00,,EQ-A030,9002,鈴木 花子,20,70,97.2,0,0.0,2026/05/18 08:30:00,2026/05/18 11:03:07,,,,,,完了,2026/05/18 11:03:07
CASE-PO-000846,CASE-PN-000846,4,CASE-PO-000846_4,完成検査,A040,MB000102,MG001,WC000054,72,60,0,60,2026/05/18 18:49:50,2026/05/19 09:30:00,,EQ-A040,9002,鈴木 花子,0,71,98.6,1,1.4,2026/05/19 08:30:00,2026/05/19 09:32:46,,,,,,完了,2026/05/19 09:32:46
CASE-PO-000847,CASE-PN-000847,1,CASE-PO-000847_1,部品準備,A010,MB000103,MG001,WC000051,85,45,10,55,2026/06/29 08:30:00,2026/06/29 09:25:00,,EQ-A010,9004,田中 三郎,10,84,98.8,1,1.2,2026/06/29 08:30:00,2026/06/29 09:14:29,,,,,,完了,2026/06/29 09:14:29
CASE-PO-000847,CASE-PN-000847,2,CASE-PO-000847_2,一次組立,A020,MB000103,MG001,WC000052,85,180,25,205,2026/06/29 12:55:37,2026/06/29 16:20:37,,EQ-A020,9004,田中 三郎,25,83,97.6,1,1.2,2026/06/29 12:55:37,2026/06/29 16:00:35,,,,,,完了,2026/06/29 16:00:35
CASE-PO-000847,CASE-PN-000847,3,CASE-PO-000847_3,二次組立,A030,MB000103,MG001,WC000053,85,150,20,170,2026/06/29 20:56:41,2026/06/30 11:20:00,,EQ-A030,9004,田中 三郎,20,84,98.8,1,1.2,2026/06/30 08:30:00,2026/06/30 10:53:14,,,,,,完了,2026/06/30 10:53:14
CASE-PO-000847,CASE-PN-000847,4,CASE-PO-000847_4,完成検査,A040,MB000103,MG001,WC000054,85,60,0,60,2026/06/30 13:21:42,2026/06/30 14:21:42,,EQ-A040,9004,田中 三郎,0,83,97.6,0,0.0,2026/06/30 13:21:42,2026/06/30 14:16:30,,,,,,完了,2026/06/30 14:16:30
CASE-PO-000848,CASE-PN-000848,1,CASE-PO-000848_1,部品準備,A010,MB000102,MG001,WC000051,102,45,10,55,2026/05/11 08:30:00,2026/05/11 09:25:00,,EQ-A010,9002,鈴木 花子,10,101,99.0,2,2.0,2026/05/11 08:30:00,2026/05/11 09:24:04,,,,,,完了,2026/05/11 09:24:04
CASE-PO-000848,CASE-PN-000848,2,CASE-PO-000848_2,一次組立,A020,MB000102,MG001,WC000052,102,180,25,205,2026/05/11 14:59:45,2026/05/12 09:24:00,,EQ-A020,9002,鈴木 花子,25,100,98.0,1,1.0,2026/05/11 14:59:45,2026/05/12 09:03:40,,,,,,完了,2026/05/12 09:03:40
CASE-PO-000848,CASE-PN-000848,3,CASE-PO-000848_3,二次組立,A030,MB000102,MG001,WC000053,102,150,20,170,2026/05/12 12:45:45,2026/05/12 15:35:45,,EQ-A030,9002,鈴木 花子,20,101,99.0,2,2.0,2026/05/12 12:45:45,2026/05/12 15:48:22,,,,,,完了,2026/05/12 15:48:22
CASE-PO-000848,CASE-PN-000848,4,CASE-PO-000848_4,完成検査,A040,MB000102,MG001,WC000054,102,60,0,60,2026/05/12 18:57:21,2026/05/13 09:30:00,,EQ-A040,9002,鈴木 花子,0,102,100.0,2,2.0,2026/05/13 08:30:00,2026/05/13 09:27:48,,,,,,完了,2026/05/13 09:27:48
CASE-PO-000849,CASE-PN-000849,1,CASE-PO-000849_1,部品準備,A010,MB000101,MG001,WC000051,105,45,10,55,2026/05/27 08:30:00,2026/05/27 09:25:00,,EQ-A010,9005,高橋 四郎,10,103,98.1,1,1.0,2026/05/27 08:30:00,2026/05/27 09:23:38,,,,,,完了,2026/05/27 09:23:38
CASE-PO-000849,CASE-PN-000849,2,CASE-PO-000849_2,一次組立,A020,MB000101,MG001,WC000052,105,180,25,205,2026/05/27 13:21:31,2026/05/27 16:46:31,,EQ-A020,9005,高橋 四郎,25,104,99.0,1,1.0,2026/05/27 13:21:31,2026/05/27 16:20:38,,,,,,完了,2026/05/27 16:20:38
CASE-PO-000849,CASE-PN-000849,3,CASE-PO-000849_3,二次組立,A030,MB000101,MG001,WC000053,105,150,20,170,2026/05/28 00:57:25,2026/05/28 11:20:00,,EQ-A030,9005,高橋 四郎,20,103,98.1,1,1.0,2026/05/28 08:30:00,2026/05/28 11:20:30,,,,,,完了,2026/05/28 11:20:30
CASE-PO-000849,CASE-PN-000849,4,CASE-PO-000849_4,完成検査,A040,MB000101,MG001,WC000054,105,60,0,60,2026/05/28 19:59:37,2026/05/29 09:30:00,,EQ-A040,9005,高橋 四郎,0,104,99.0,1,1.0,2026/05/29 08:30:00,2026/05/29 09:21:11,,,,,,完了,2026/05/29 09:21:11
CASE-PO-000850,CASE-PN-000850,1,CASE-PO-000850_1,部品準備,A010,MB000101,MG001,WC000051,64,45,10,55,2026/05/06 08:30:00,2026/05/06 09:25:00,,EQ-A010,9003,佐藤 次郎,10,63,98.4,1,1.6,2026/05/06 08:30:00,2026/05/06 09:10:26,,,,,,完了,2026/05/06 09:10:26
CASE-PO-000850,CASE-PN-000850,2,CASE-PO-000850_2,一次組立,A020,MB000101,MG001,WC000052,64,180,25,205,2026/05/06 14:03:09,2026/05/06 17:28:09,,EQ-A020,9003,佐藤 次郎,25,62,96.9,1,1.6,2026/05/06 14:03:09,2026/05/06 17:17:23,,,,,,完了,2026/05/06 17:17:23
CASE-PO-000850,CASE-PN-000850,3,CASE-PO-000850_3,二次組立,A030,MB000101,MG001,WC000053,64,150,20,170,2026/05/07 03:02:06,2026/05/07 11:20:00,,EQ-A030,9003,佐藤 次郎,20,62,96.9,0,0.0,2026/05/07 08:30:00,2026/05/07 11:20:30,,,,,,完了,2026/05/07 11:20:30
CASE-PO-000850,CASE-PN-000850,4,CASE-PO-000850_4,完成検査,A040,MB000101,MG001,WC000054,64,60,0,60,2026/05/07 17:58:43,2026/05/08 09:30:00,,EQ-A040,9003,佐藤 次郎,0,62,96.9,0,0.0,2026/05/08 08:30:00,2026/05/08 09:37:08,,,,,,完了,2026/05/08 09:37:08
CASE-PO-000851,CASE-PN-000851,1,CASE-PO-000851_1,部品準備,A010,MB000101,MG001,WC000051,102,45,10,55,2026/05/25 08:30:00,2026/05/25 09:25:00,,EQ-A010,9002,鈴木 花子,10,100,98.0,1,1.0,2026/05/25 08:30:00,2026/05/25 09:09:06,,,,,,完了,2026/05/25 09:09:06
CASE-PO-000851,CASE-PN-000851,2,CASE-PO-000851_2,一次組立,A020,MB000101,MG001,WC000052,102,180,25,205,2026/05/25 11:33:07,2026/05/25 14:58:07,,EQ-A020,9002,鈴木 花子,25,99,97.1,2,2.0,2026/05/25 11:33:07,2026/05/25 14:30:14,,,,,,完了,2026/05/25 14:30:14
CASE-PO-000851,CASE-PN-000851,3,CASE-PO-000851_3,二次組立,A030,MB000101,MG001,WC000053,102,150,20,170,2026/05/25 19:56:11,2026/05/26 11:20:00,,EQ-A030,9002,鈴木 花子,20,101,99.0,2,2.0,2026/05/26 08:30:00,2026/05/26 10:58:42,,,,,,完了,2026/05/26 10:58:42
CASE-PO-000851,CASE-PN-000851,4,CASE-PO-000851_4,完成検査,A040,MB000101,MG001,WC000054,102,60,0,60,2026/05/26 16:38:04,2026/05/27 08:38:00,,EQ-A040,9002,鈴木 花子,0,99,97.1,1,1.0,2026/05/26 16:38:04,2026/05/27 08:34:50,,,,,,完了,2026/05/27 08:34:50
CASE-PO-000852,CASE-PN-000852,1,CASE-PO-000852_1,部品準備,A010,MB000101,MG001,WC000051,64,45,10,55,2026/06/02 08:30:00,2026/06/02 09:25:00,,EQ-A010,9002,鈴木 花子,10,63,98.4,0,0.0,2026/06/02 08:30:00,2026/06/02 09:20:43,,,,,,完了,2026/06/02 09:20:43
CASE-PO-000852,CASE-PN-000852,2,CASE-PO-000852_2,一次組立,A020,MB000101,MG001,WC000052,64,180,25,205,2026/06/02 17:00:40,2026/06/03 11:25:00,,EQ-A020,9002,鈴木 花子,25,63,98.4,0,0.0,2026/06/02 17:00:40,2026/06/03 11:22:17,,,,,,完了,2026/06/03 11:22:17
CASE-PO-000852,CASE-PN-000852,3,CASE-PO-000852_3,二次組立,A030,MB000101,MG001,WC000053,64,150,20,170,2026/06/03 14:25:18,2026/06/03 17:15:18,,EQ-A030,9002,鈴木 花子,20,63,98.4,0,0.0,2026/06/03 14:25:18,2026/06/03 17:22:24,,,,,,完了,2026/06/03 17:22:24
CASE-PO-000852,CASE-PN-000852,4,CASE-PO-000852_4,完成検査,A040,MB000101,MG001,WC000054,64,60,0,60,2026/06/03 23:48:28,2026/06/04 09:30:00,,EQ-A040,9002,鈴木 花子,0,63,98.4,1,1.6,2026/06/04 08:30:00,2026/06/04 09:35:21,,,,,,完了,2026/06/04 09:35:21
CASE-PO-000853,CASE-PN-000853,1,CASE-PO-000853_1,部品準備,A010,MB000103,MG001,WC000051,55,45,10,55,2026/05/26 08:30:00,2026/05/26 09:25:00,,EQ-A010,9003,佐藤 次郎,10,54,98.2,1,1.8,2026/05/26 08:30:00,2026/05/26 09:17:19,,,,,,完了,2026/05/26 09:17:19
CASE-PO-000853,CASE-PN-000853,2,CASE-PO-000853_2,一次組立,A020,MB000103,MG001,WC000052,55,180,25,205,2026/05/26 10:36:54,2026/05/26 14:01:54,,EQ-A020,9003,佐藤 次郎,25,54,98.2,1,1.8,2026/05/26 10:36:54,2026/05/26 13:29:41,,,,,,完了,2026/05/26 13:29:41
CASE-PO-000853,CASE-PN-000853,3,CASE-PO-000853_3,二次組立,A030,MB000103,MG001,WC000053,55,150,20,170,2026/05/26 18:43:09,2026/05/27 11:20:00,,EQ-A030,9003,佐藤 次郎,20,54,98.2,1,1.8,2026/05/27 08:30:00,2026/05/27 10:46:17,,,,,,完了,2026/05/27 10:46:17
CASE-PO-000853,CASE-PN-000853,4,CASE-PO-000853_4,完成検査,A040,MB000103,MG001,WC000054,55,60,0,60,2026/05/27 18:08:56,2026/05/28 09:30:00,,EQ-A040,9003,佐藤 次郎,0,55,100.0,0,0.0,2026/05/28 08:30:00,2026/05/28 09:26:21,,,,,,完了,2026/05/28 09:26:21
CASE-PO-000854,CASE-PN-000854,1,CASE-PO-000854_1,部品準備,A010,MB000102,MG001,WC000051,168,45,10,55,2026/06/26 08:30:00,2026/06/26 09:25:00,,EQ-A010,9004,田中 三郎,10,168,100.0,2,1.2,2026/06/26 08:30:00,2026/06/26 09:12:37,,,,,,完了,2026/06/26 09:12:37
CASE-PO-000854,CASE-PN-000854,2,CASE-PO-000854_2,一次組立,A020,MB000102,MG001,WC000052,168,180,25,205,2026/06/26 14:11:51,2026/06/29 08:36:00,,EQ-A020,9004,田中 三郎,25,165,98.2,3,1.8,2026/06/26 14:11:51,2026/06/26 17:17:58,,,,,,完了,2026/06/26 17:17:58
CASE-PO-000854,CASE-PN-000854,3,CASE-PO-000854_3,二次組立,A030,MB000102,MG001,WC000053,168,150,20,170,2026/06/26 19:19:38,2026/06/29 11:20:00,,EQ-A030,9004,田中 三郎,20,163,97.0,2,1.2,2026/06/29 08:30:00,2026/06/29 11:31:49,,,,,,完了,2026/06/29 11:31:49
CASE-PO-000854,CASE-PN-000854,4,CASE-PO-000854_4,完成検査,A040,MB000102,MG001,WC000054,168,60,0,60,2026/06/29 18:32:56,2026/06/30 09:30:00,,EQ-A040,9004,田中 三郎,0,163,97.0,1,0.6,2026/06/30 08:30:00,2026/06/30 09:25:20,,,,,,完了,2026/06/30 09:25:20
CASE-PO-000855,CASE-PN-000855,1,CASE-PO-000855_1,部品準備,A010,MB000103,MG001,WC000051,32,45,10,55,2026/05/18 08:30:00,2026/05/18 09:25:00,,EQ-A010,9001,山田 太郎,10,32,100.0,0,0.0,2026/05/18 08:30:00,2026/05/18 09:18:39,,,,,,完了,2026/05/18 09:18:39
CASE-PO-000855,CASE-PN-000855,2,CASE-PO-000855_2,一次組立,A020,MB000103,MG001,WC000052,32,180,25,205,2026/05/18 16:17:21,2026/05/19 10:42:00,,EQ-A020,9001,山田 太郎,,,,,,2026/05/18 16:17:21,,,,,,,生産中,2026/05/19 10:42:00
CASE-PO-000855,CASE-PN-000855,3,CASE-PO-000855_3,二次組立,A030,MB000103,MG001,WC000053,32,150,20,170,2026/05/19 22:07:53,2026/05/20 11:20:00,,EQ-A030,9001,山田 太郎,,,,,,,,,,,,,開始待ち,2026/05/20 11:20:00
CASE-PO-000855,CASE-PN-000855,4,CASE-PO-000855_4,完成検査,A040,MB000103,MG001,WC000054,32,60,0,60,2026/05/20 20:57:59,2026/05/21 09:30:00,,EQ-A040,9001,山田 太郎,,,,,,,,,,,,,開始待ち,2026/05/21 09:30:00
CASE-PO-000856,CASE-PN-000856,1,CASE-PO-000856_1,部品準備,A010,MB000101,MG001,WC000051,84,45,10,55,2026/06/08 08:30:00,2026/06/08 09:25:00,,EQ-A010,9003,佐藤 次郎,10,83,98.8,0,0.0,2026/06/08 08:30:00,2026/06/08 09:13:16,,,,,,完了,2026/06/08 09:13:16
CASE-PO-000856,CASE-PN-000856,2,CASE-PO-000856_2,一次組立,A020,MB000101,MG001,WC000052,84,180,25,205,2026/06/08 12:11:10,2026/06/08 15:36:10,,EQ-A020,9003,佐藤 次郎,25,84,100.0,0,0.0,2026/06/08 12:11:10,2026/06/08 15:31:37,,,,,,完了,2026/06/08 15:31:37
CASE-PO-000856,CASE-PN-000856,3,CASE-PO-000856_3,二次組立,A030,MB000101,MG001,WC000053,84,150,20,170,2026/06/09 02:46:59,2026/06/09 11:20:00,,EQ-A030,9003,佐藤 次郎,20,82,97.6,0,0.0,2026/06/09 08:30:00,2026/06/09 11:19:58,,,,,,完了,2026/06/09 11:19:58
CASE-PO-000856,CASE-PN-000856,4,CASE-PO-000856_4,完成検査,A040,MB000101,MG001,WC000054,84,60,0,60,2026/06/09 20:57:54,2026/06/10 09:30:00,,EQ-A040,9003,佐藤 次郎,0,84,100.0,0,0.0,2026/06/10 08:30:00,2026/06/10 09:37:50,,,,,,完了,2026/06/10 09:37:50
CASE-PO-000857,CASE-PN-000857,1,CASE-PO-000857_1,部品準備,A010,MB000102,MG001,WC000051,75,45,10,55,2026/06/29 08:30:00,2026/06/29 09:25:00,,EQ-A010,9002,鈴木 花子,10,73,97.3,0,0.0,2026/06/29 08:30:00,2026/06/29 09:25:46,,,,,,完了,2026/06/29 09:25:46
CASE-PO-000857,CASE-PN-000857,2,CASE-PO-000857_2,一次組立,A020,MB000102,MG001,WC000052,75,180,25,205,2026/06/29 14:31:49,2026/06/30 08:56:00,,EQ-A020,9002,鈴木 花子,25,75,100.0,1,1.3,2026/06/29 14:31:49,2026/06/30 08:34:38,,,,,,完了,2026/06/30 08:34:38
CASE-PO-000857,CASE-PN-000857,3,CASE-PO-000857_3,二次組立,A030,MB000102,MG001,WC000053,75,150,20,170,2026/06/30 13:36:21,2026/06/30 16:26:21,,EQ-A030,9002,鈴木 花子,20,75,100.0,0,0.0,2026/06/30 13:36:21,2026/06/30 16:24:03,,,,,,完了,2026/06/30 16:24:03
CASE-PO-000857,CASE-PN-000857,4,CASE-PO-000857_4,完成検査,A040,MB000102,MG001,WC000054,75,60,0,60,2026/06/30 18:12:33,2026/07/01 09:30:00,,EQ-A040,9002,鈴木 花子,0,73,97.3,1,1.3,2026/07/01 08:30:00,2026/07/01 09:28:29,,,,,,完了,2026/07/01 09:28:29
CASE-PO-000858,CASE-PN-000858,1,CASE-PO-000858_1,部品準備,A010,MB000102,MG001,WC000051,114,45,10,55,2026/05/19 08:30:00,2026/05/19 09:25:00,,EQ-A010,9004,田中 三郎,10,111,97.4,1,0.9,2026/05/19 08:30:00,2026/05/19 09:21:28,,,,,,完了,2026/05/19 09:21:28
CASE-PO-000858,CASE-PN-000858,2,CASE-PO-000858_2,一次組立,A020,MB000102,MG001,WC000052,114,180,25,205,2026/05/19 13:33:36,2026/05/19 16:58:36,,EQ-A020,9004,田中 三郎,25,113,99.1,2,1.8,2026/05/19 13:33:36,2026/05/19 17:10:43,,,,,,完了,2026/05/19 17:10:43
CASE-PO-000858,CASE-PN-000858,3,CASE-PO-000858_3,二次組立,A030,MB000102,MG001,WC000053,114,150,20,170,2026/05/20 01:09:53,2026/05/20 11:20:00,,EQ-A030,9004,田中 三郎,20,114,100.0,1,0.9,2026/05/20 08:30:00,2026/05/20 11:13:23,,,,,,完了,2026/05/20 11:13:23
CASE-PO-000858,CASE-PN-000858,4,CASE-PO-000858_4,完成検査,A040,MB000102,MG001,WC000054,114,60,0,60,2026/05/20 16:30:26,2026/05/20 17:30:26,,EQ-A040,9004,田中 三郎,0,114,100.0,2,1.8,2026/05/20 16:30:26,2026/05/20 17:28:06,,,,,,完了,2026/05/20 17:28:06
CASE-PO-000859,CASE-PN-000859,1,CASE-PO-000859_1,部品準備,A010,MB000103,MG001,WC000051,76,45,10,55,2026/05/21 08:30:00,2026/05/21 09:25:00,,EQ-A010,9003,佐藤 次郎,10,76,100.0,1,1.3,2026/05/21 08:30:00,2026/05/21 09:08:56,,,,,,完了,2026/05/21 09:08:56
CASE-PO-000859,CASE-PN-000859,2,CASE-PO-000859_2,一次組立,A020,MB000103,MG001,WC000052,76,180,25,205,2026/05/21 10:56:36,2026/05/21 14:21:36,,EQ-A020,9003,佐藤 次郎,25,74,97.4,1,1.3,2026/05/21 10:56:36,2026/05/21 14:11:42,,,,,,完了,2026/05/21 14:11:42
CASE-PO-000859,CASE-PN-000859,3,CASE-PO-000859_3,二次組立,A030,MB000103,MG001,WC000053,76,150,20,170,2026/05/21 22:50:52,2026/05/22 11:20:00,,EQ-A030,9003,佐藤 次郎,,,,,,2026/05/22 08:30:00,,,,,,,生産中,2026/05/22 11:20:00
CASE-PO-000859,CASE-PN-000859,4,CASE-PO-000859_4,完成検査,A040,MB000103,MG001,WC000054,76,60,0,60,2026/05/22 14:18:35,2026/05/22 15:18:35,,EQ-A040,9003,佐藤 次郎,,,,,,,,,,,,,開始待ち,2026/05/22 15:18:35
CASE-PO-000860,CASE-PN-000860,1,CASE-PO-000860_1,部品準備,A010,MB000101,MG001,WC000051,90,45,10,55,2026/06/12 08:30:00,2026/06/12 09:25:00,,EQ-A010,9001,山田 太郎,10,88,97.8,1,1.1,2026/06/12 08:30:00,2026/06/12 09:22:18,,,,,,完了,2026/06/12 09:22:18
CASE-PO-000860,CASE-PN-000860,2,CASE-PO-000860_2,一次組立,A020,MB000101,MG001,WC000052,90,180,25,205,2026/06/12 12:03:26,2026/06/12 15:28:26,,EQ-A020,9001,山田 太郎,25,88,97.8,1,1.1,2026/06/12 12:03:26,2026/06/12 14:43:13,,,,,,完了,2026/06/12 14:43:13
CASE-PO-000860,CASE-PN-000860,3,CASE-PO-000860_3,二次組立,A030,MB000101,MG001,WC000053,90,150,20,170,2026/06/12 21:12:38,2026/06/15 11:20:00,,EQ-A030,9001,山田 太郎,20,88,97.8,2,2.2,2026/06/15 08:30:00,2026/06/15 11:28:15,,,,,,完了,2026/06/15 11:28:15
CASE-PO-000860,CASE-PN-000860,4,CASE-PO-000860_4,完成検査,A040,MB000101,MG001,WC000054,90,60,0,60,2026/06/15 20:26:48,2026/06/16 09:30:00,,EQ-A040,9001,山田 太郎,0,87,96.7,1,1.1,2026/06/16 08:30:00,2026/06/16 09:32:15,,,,,,完了,2026/06/16 09:32:15
CASE-PO-000861,CASE-PN-000861,1,CASE-PO-000861_1,部品準備,A010,MB000103,MG001,WC000051,57,45,10,55,2026/05/22 08:30:00,2026/05/22 09:25:00,,EQ-A010,9002,鈴木 花子,10,56,98.2,0,0.0,2026/05/22 08:30:00,2026/05/22 09:12:25,,,,,,完了,2026/05/22 09:12:25
CASE-PO-000861,CASE-PN-000861,2,CASE-PO-000861_2,一次組立,A020,MB000103,MG001,WC000052,57,180,25,205,2026/05/22 13:44:42,2026/05/22 17:09:42,,EQ-A020,9002,鈴木 花子,25,56,98.2,1,1.8,2026/05/22 13:44:42,2026/05/22 17:07:47,,,,,,完了,2026/05/22 17:07:47
CASE-PO-000861,CASE-PN-000861,3,CASE-PO-000861_3,二次組立,A030,MB000103,MG001,WC000053,57,150,20,170,2026/05/22 23:46:17,2026/05/25 11:20:00,,EQ-A030,9002,鈴木 花子,20,57,100.0,1,1.8,2026/05/25 08:30:00,2026/05/25 10:55:19,,,,,,完了,2026/05/25 10:55:19
CASE-PO-000861,CASE-PN-000861,4,CASE-PO-000861_4,完成検査,A040,MB000103,MG001,WC000054,57,60,0,60,2026/05/25 20:11:32,2026/05/26 09:30:00,,EQ-A040,9002,鈴木 花子,0,56,98.2,0,0.0,2026/05/26 08:30:00,2026/05/26 09:40:54,,,,,,完了,2026/05/26 09:40:54
CASE-PO-000862,CASE-PN-000862,1,CASE-PO-000862_1,部品準備,A010,MB000103,MG001,WC000051,53,45,10,55,2026/06/11 08:30:00,2026/06/11 09:25:00,,EQ-A010,9004,田中 三郎,10,52,98.1,1,1.9,2026/06/11 08:30:00,2026/06/11 09:25:13,,,,,,完了,2026/06/11 09:25:13
CASE-PO-000862,CASE-PN-000862,2,CASE-PO-000862_2,一次組立,A020,MB000103,MG001,WC000052,53,180,25,205,2026/06/11 11:31:10,2026/06/11 14:56:10,,EQ-A020,9004,田中 三郎,25,53,100.0,0,0.0,2026/06/11 11:31:10,2026/06/11 15:14:11,,,,,,完了,2026/06/11 15:14:11
CASE-PO-000862,CASE-PN-000862,3,CASE-PO-000862_3,二次組立,A030,MB000103,MG001,WC000053,53,150,20,170,2026/06/11 21:29:26,2026/06/12 11:20:00,,EQ-A030,9004,田中 三郎,20,52,98.1,0,0.0,2026/06/12 08:30:00,2026/06/12 10:48:30,,,,,,完了,2026/06/12 10:48:30
CASE-PO-000862,CASE-PN-000862,4,CASE-PO-000862_4,完成検査,A040,MB000103,MG001,WC000054,53,60,0,60,2026/06/12 12:02:59,2026/06/12 13:02:59,,EQ-A040,9004,田中 三郎,0,53,100.0,1,1.9,2026/06/12 12:02:59,2026/06/12 12:57:15,,,,,,完了,2026/06/12 12:57:15
CASE-PO-000863,CASE-PN-000863,1,CASE-PO-000863_1,部品準備,A010,MB000101,MG001,WC000051,107,45,10,55,2026/07/03 08:30:00,2026/07/03 09:25:00,,EQ-A010,9004,田中 三郎,10,106,99.1,0,0.0,2026/07/03 08:30:00,2026/07/03 09:13:08,,,,,,完了,2026/07/03 09:13:08
CASE-PO-000863,CASE-PN-000863,2,CASE-PO-000863_2,一次組立,A020,MB000101,MG001,WC000052,107,180,25,205,2026/07/03 16:51:43,2026/07/06 11:16:00,,EQ-A020,9004,田中 三郎,25,106,99.1,1,0.9,2026/07/03 16:51:43,2026/07/06 11:02:48,,,,,,完了,2026/07/06 11:02:48
CASE-PO-000863,CASE-PN-000863,3,CASE-PO-000863_3,二次組立,A030,MB000101,MG001,WC000053,107,150,20,170,2026/07/06 18:15:42,2026/07/07 11:20:00,,EQ-A030,9004,田中 三郎,,,,,,2026/07/07 08:30:00,,,,,,,生産中,2026/07/07 11:20:00
CASE-PO-000863,CASE-PN-000863,4,CASE-PO-000863_4,完成検査,A040,MB000101,MG001,WC000054,107,60,0,60,2026/07/07 20:12:00,2026/07/08 09:30:00,,EQ-A040,9004,田中 三郎,,,,,,,,,,,,,開始待ち,2026/07/08 09:30:00
CASE-PO-000864,CASE-PN-000864,1,CASE-PO-000864_1,部品準備,A010,MB000101,MG001,WC000051,64,45,10,55,2026/05/08 08:30:00,2026/05/08 09:25:00,,EQ-A010,9002,鈴木 花子,10,64,100.0,1,1.6,2026/05/08 08:30:00,2026/05/08 09:11:54,,,,,,完了,2026/05/08 09:11:54
CASE-PO-000864,CASE-PN-000864,2,CASE-PO-000864_2,一次組立,A020,MB000101,MG001,WC000052,64,180,25,205,2026/05/08 10:38:38,2026/05/08 14:03:38,,EQ-A020,9002,鈴木 花子,25,62,96.9,0,0.0,2026/05/08 10:38:38,2026/05/08 13:26:43,,,,,,完了,2026/05/08 13:26:43
CASE-PO-000864,CASE-PN-000864,3,CASE-PO-000864_3,二次組立,A030,MB000101,MG001,WC000053,64,150,20,170,2026/05/08 19:10:38,2026/05/11 11:20:00,,EQ-A030,9002,鈴木 花子,20,63,98.4,1,1.6,2026/05/11 08:30:00,2026/05/11 11:03:48,,,,,,完了,2026/05/11 11:03:48
CASE-PO-000864,CASE-PN-000864,4,CASE-PO-000864_4,完成検査,A040,MB000101,MG001,WC000054,64,60,0,60,2026/05/11 17:16:20,2026/05/12 09:16:00,,EQ-A040,9002,鈴木 花子,0,63,98.4,0,0.0,2026/05/11 17:16:20,2026/05/12 09:21:12,,,,,,完了,2026/05/12 09:21:12
CASE-PO-000865,CASE-PN-000865,1,CASE-PO-000865_1,部品準備,A010,MB000102,MG001,WC000051,117,45,10,55,2026/05/19 08:30:00,2026/05/19 09:25:00,,EQ-A010,9001,山田 太郎,10,116,99.1,1,0.9,2026/05/19 08:30:00,2026/05/19 09:22:41,,,,,,完了,2026/05/19 09:22:41
CASE-PO-000865,CASE-PN-000865,2,CASE-PO-000865_2,一次組立,A020,MB000102,MG001,WC000052,117,180,25,205,2026/05/19 13:48:36,2026/05/19 17:13:36,,EQ-A020,9001,山田 太郎,25,115,98.3,1,0.9,2026/05/19 13:48:36,2026/05/19 17:08:40,,,,,,完了,2026/05/19 17:08:40
CASE-PO-000865,CASE-PN-000865,3,CASE-PO-000865_3,二次組立,A030,MB000102,MG001,WC000053,117,150,20,170,2026/05/20 02:55:34,2026/05/20 11:20:00,,EQ-A030,9001,山田 太郎,20,116,99.1,1,0.9,2026/05/20 08:30:00,2026/05/20 10:53:34,,,,,,完了,2026/05/20 10:53:34
CASE-PO-000865,CASE-PN-000865,4,CASE-PO-000865_4,完成検査,A040,MB000102,MG001,WC000054,117,60,0,60,2026/05/20 15:02:20,2026/05/20 16:02:20,,EQ-A040,9001,山田 太郎,0,115,98.3,1,0.9,2026/05/20 15:02:20,2026/05/20 15:53:23,,,,,,完了,2026/05/20 15:53:23
CASE-PO-000866,CASE-PN-000866,1,CASE-PO-000866_1,部品準備,A010,MB000101,MG001,WC000051,59,45,10,55,2026/06/26 08:30:00,2026/06/26 09:25:00,,EQ-A010,9003,佐藤 次郎,10,57,96.6,0,0.0,2026/06/26 08:30:00,2026/06/26 09:25:01,,,,,,完了,2026/06/26 09:25:01
CASE-PO-000866,CASE-PN-000866,2,CASE-PO-000866_2,一次組立,A020,MB000101,MG001,WC000052,59,180,25,205,2026/06/26 16:12:40,2026/06/29 10:37:00,,EQ-A020,9003,佐藤 次郎,25,57,96.6,1,1.7,2026/06/26 16:12:40,2026/06/29 10:44:16,,,,,,完了,2026/06/29 10:44:16
CASE-PO-000866,CASE-PN-000866,3,CASE-PO-000866_3,二次組立,A030,MB000101,MG001,WC000053,59,150,20,170,2026/06/29 18:38:57,2026/06/30 11:20:00,,EQ-A030,9003,佐藤 次郎,20,58,98.3,0,0.0,2026/06/30 08:30:00,2026/06/30 10:50:08,,,,,,完了,2026/06/30 10:50:08
CASE-PO-000866,CASE-PN-000866,4,CASE-PO-000866_4,完成検査,A040,MB000101,MG001,WC000054,59,60,0,60,2026/06/30 19:05:49,2026/07/01 09:30:00,,EQ-A040,9003,佐藤 次郎,0,59,100.0,1,1.7,2026/07/01 08:30:00,2026/07/01 09:30:29,,,,,,完了,2026/07/01 09:30:29
CASE-PO-000867,CASE-PN-000867,1,CASE-PO-000867_1,部品準備,A010,MB000102,MG001,WC000051,84,45,10,55,2026/05/08 08:30:00,2026/05/08 09:25:00,,EQ-A010,9003,佐藤 次郎,10,83,98.8,1,1.2,2026/05/08 08:30:00,2026/05/08 09:14:31,,,,,,完了,2026/05/08 09:14:31
CASE-PO-000867,CASE-PN-000867,2,CASE-PO-000867_2,一次組立,A020,MB000102,MG001,WC000052,84,180,25,205,2026/05/08 15:27:53,2026/05/11 09:52:00,,EQ-A020,9003,佐藤 次郎,25,82,97.6,1,1.2,2026/05/08 15:27:53,2026/05/11 09:38:48,,,,,,完了,2026/05/11 09:38:48
CASE-PO-000867,CASE-PN-000867,3,CASE-PO-000867_3,二次組立,A030,MB000102,MG001,WC000053,84,150,20,170,2026/05/11 17:32:36,2026/05/12 11:20:00,,EQ-A030,9003,佐藤 次郎,20,84,100.0,0,0.0,2026/05/12 08:30:00,2026/05/12 11:29:17,,,,,,完了,2026/05/12 11:29:17
CASE-PO-000867,CASE-PN-000867,4,CASE-PO-000867_4,完成検査,A040,MB000102,MG001,WC000054,84,60,0,60,2026/05/12 18:35:28,2026/05/13 09:30:00,,EQ-A040,9003,佐藤 次郎,0,84,100.0,0,0.0,2026/05/13 08:30:00,2026/05/13 09:28:48,,,,,,完了,2026/05/13 09:28:48
CASE-PO-000868,CASE-PN-000868,1,CASE-PO-000868_1,部品準備,A010,MB000101,MG001,WC000051,118,45,10,55,2026/05/21 08:30:00,2026/05/21 09:25:00,,EQ-A010,9005,高橋 四郎,10,115,97.5,2,1.7,2026/05/21 08:30:00,2026/05/21 09:09:11,,,,,,完了,2026/05/21 09:09:11
CASE-PO-000868,CASE-PN-000868,2,CASE-PO-000868_2,一次組立,A020,MB000101,MG001,WC000052,118,180,25,205,2026/05/21 11:29:02,2026/05/21 14:54:02,,EQ-A020,9005,高橋 四郎,25,118,100.0,1,0.8,2026/05/21 11:29:02,2026/05/21 14:56:38,,,,,,完了,2026/05/21 14:56:38
CASE-PO-000868,CASE-PN-000868,3,CASE-PO-000868_3,二次組立,A030,MB000101,MG001,WC000053,118,150,20,170,2026/05/21 22:10:08,2026/05/22 11:20:00,,EQ-A030,9005,高橋 四郎,20,115,97.5,0,0.0,2026/05/22 08:30:00,2026/05/22 11:26:15,,,,,,完了,2026/05/22 11:26:15
CASE-PO-000868,CASE-PN-000868,4,CASE-PO-000868_4,完成検査,A040,MB000101,MG001,WC000054,118,60,0,60,2026/05/22 19:23:51,2026/05/25 09:30:00,,EQ-A040,9005,高橋 四郎,0,117,99.2,2,1.7,2026/05/25 08:30:00,2026/05/25 09:42:18,,,,,,完了,2026/05/25 09:42:18
CASE-PO-000869,CASE-PN-000869,1,CASE-PO-000869_1,部品準備,A010,MB000101,MG001,WC000051,54,45,10,55,2026/06/19 08:30:00,2026/06/19 09:25:00,,EQ-A010,9001,山田 太郎,10,53,98.1,0,0.0,2026/06/19 08:30:00,2026/06/19 09:16:50,,,,,,完了,2026/06/19 09:16:50
CASE-PO-000869,CASE-PN-000869,2,CASE-PO-000869_2,一次組立,A020,MB000101,MG001,WC000052,54,180,25,205,2026/06/19 17:14:57,2026/06/22 11:39:00,,EQ-A020,9001,山田 太郎,25,54,100.0,1,1.9,2026/06/19 17:14:57,2026/06/22 10:50:01,,,,,,完了,2026/06/22 10:50:01
CASE-PO-000869,CASE-PN-000869,3,CASE-PO-000869_3,二次組立,A030,MB000101,MG001,WC000053,54,150,20,170,2026/06/22 14:11:11,2026/06/22 17:01:11,,EQ-A030,9001,山田 太郎,20,53,98.1,0,0.0,2026/06/22 14:11:11,2026/06/22 16:35:25,,,,,,完了,2026/06/22 16:35:25
CASE-PO-000869,CASE-PN-000869,4,CASE-PO-000869_4,完成検査,A040,MB000101,MG001,WC000054,54,60,0,60,2026/06/22 23:08:28,2026/06/23 09:30:00,,EQ-A040,9001,山田 太郎,0,54,100.0,1,1.9,2026/06/23 08:30:00,2026/06/23 09:29:50,,,,,,完了,2026/06/23 09:29:50
CASE-PO-000870,CASE-PN-000870,1,CASE-PO-000870_1,部品準備,A010,MB000102,MG001,WC000051,125,45,10,55,2026/06/17 08:30:00,2026/06/17 09:25:00,,EQ-A010,9005,高橋 四郎,10,123,98.4,0,0.0,2026/06/17 08:30:00,2026/06/17 09:21:17,,,,,,完了,2026/06/17 09:21:17
CASE-PO-000870,CASE-PN-000870,2,CASE-PO-000870_2,一次組立,A020,MB000102,MG001,WC000052,125,180,25,205,2026/06/17 13:32:43,2026/06/17 16:57:43,,EQ-A020,9005,高橋 四郎,25,124,99.2,0,0.0,2026/06/17 13:32:43,2026/06/17 16:46:49,,,,,,完了,2026/06/17 16:46:49
CASE-PO-000870,CASE-PN-000870,3,CASE-PO-000870_3,二次組立,A030,MB000102,MG001,WC000053,125,150,20,170,2026/06/18 00:57:48,2026/06/18 11:20:00,,EQ-A030,9005,高橋 四郎,20,123,98.4,2,1.6,2026/06/18 08:30:00,2026/06/18 10:51:56,,,,,,完了,2026/06/18 10:51:56
CASE-PO-000870,CASE-PN-000870,4,CASE-PO-000870_4,完成検査,A040,MB000102,MG001,WC000054,125,60,0,60,2026/06/18 12:22:38,2026/06/18 13:22:38,,EQ-A040,9005,高橋 四郎,0,122,97.6,1,0.8,2026/06/18 12:22:38,2026/06/18 13:22:12,,,,,,完了,2026/06/18 13:22:12
CASE-PO-000871,CASE-PN-000871,1,CASE-PO-000871_1,部品準備,A010,MB000102,MG001,WC000051,149,45,10,55,2026/06/05 08:30:00,2026/06/05 09:25:00,,EQ-A010,9001,山田 太郎,10,147,98.7,3,2.0,2026/06/05 08:30:00,2026/06/05 09:16:57,,,,,,完了,2026/06/05 09:16:57
CASE-PO-000871,CASE-PN-000871,2,CASE-PO-000871_2,一次組立,A020,MB000102,MG001,WC000052,149,180,25,205,2026/06/05 10:48:35,2026/06/05 14:13:35,,EQ-A020,9001,山田 太郎,25,146,98.0,3,2.0,2026/06/05 10:48:35,2026/06/05 13:26:15,,,,,,完了,2026/06/05 13:26:15
CASE-PO-000871,CASE-PN-000871,3,CASE-PO-000871_3,二次組立,A030,MB000102,MG001,WC000053,149,150,20,170,2026/06/05 18:17:59,2026/06/08 11:20:00,,EQ-A030,9001,山田 太郎,20,146,98.0,3,2.0,2026/06/08 08:30:00,2026/06/08 11:03:18,,,,,,完了,2026/06/08 11:03:18
CASE-PO-000871,CASE-PN-000871,4,CASE-PO-000871_4,完成検査,A040,MB000102,MG001,WC000054,149,60,0,60,2026/06/08 13:01:16,2026/06/08 14:01:16,,EQ-A040,9001,山田 太郎,0,147,98.7,1,0.7,2026/06/08 13:01:16,2026/06/08 13:57:59,,,,,,完了,2026/06/08 13:57:59
CASE-PO-000872,CASE-PN-000872,1,CASE-PO-000872_1,部品準備,A010,MB000103,MG001,WC000051,53,45,10,55,2026/06/29 08:30:00,2026/06/29 09:25:00,,EQ-A010,9004,田中 三郎,10,52,98.1,1,1.9,2026/06/29 08:30:00,2026/06/29 09:21:10,,,,,,完了,2026/06/29 09:21:10
CASE-PO-000872,CASE-PN-000872,2,CASE-PO-000872_2,一次組立,A020,MB000103,MG001,WC000052,53,180,25,205,2026/06/29 14:41:56,2026/06/30 09:06:00,,EQ-A020,9004,田中 三郎,25,52,98.1,0,0.0,2026/06/29 14:41:56,2026/06/30 09:12:32,,,,,,完了,2026/06/30 09:12:32
CASE-PO-000872,CASE-PN-000872,3,CASE-PO-000872_3,二次組立,A030,MB000103,MG001,WC000053,53,150,20,170,2026/06/30 16:22:49,2026/07/01 10:12:00,,EQ-A030,9004,田中 三郎,20,52,98.1,0,0.0,2026/06/30 16:22:49,2026/07/01 09:52:33,,,,,,完了,2026/07/01 09:52:33
CASE-PO-000872,CASE-PN-000872,4,CASE-PO-000872_4,完成検査,A040,MB000103,MG001,WC000054,53,60,0,60,2026/07/01 11:26:39,2026/07/01 12:26:39,,EQ-A040,9004,田中 三郎,0,52,98.1,0,0.0,2026/07/01 11:26:39,2026/07/01 12:20:58,,,,,,完了,2026/07/01 12:20:58
CASE-PO-000873,CASE-PN-000873,1,CASE-PO-000873_1,部品準備,A010,MB000102,MG001,WC000051,101,45,10,55,2026/05/11 08:30:00,2026/05/11 09:25:00,,EQ-A010,9002,鈴木 花子,10,100,99.0,1,1.0,2026/05/11 08:30:00,2026/05/11 09:19:36,,,,,,完了,2026/05/11 09:19:36
CASE-PO-000873,CASE-PN-000873,2,CASE-PO-000873_2,一次組立,A020,MB000102,MG001,WC000052,101,180,25,205,2026/05/11 15:00:46,2026/05/12 09:25:00,,EQ-A020,9002,鈴木 花子,25,101,100.0,2,2.0,2026/05/11 15:00:46,2026/05/12 08:58:56,,,,,,完了,2026/05/12 08:58:56
CASE-PO-000873,CASE-PN-000873,3,CASE-PO-000873_3,二次組立,A030,MB000102,MG001,WC000053,101,150,20,170,2026/05/12 19:50:47,2026/05/13 11:20:00,,EQ-A030,9002,鈴木 花子,20,101,100.0,1,1.0,2026/05/13 08:30:00,2026/05/13 11:26:18,,,,,,完了,2026/05/13 11:26:18
CASE-PO-000873,CASE-PN-000873,4,CASE-PO-000873_4,完成検査,A040,MB000102,MG001,WC000054,101,60,0,60,2026/05/13 19:36:49,2026/05/14 09:30:00,,EQ-A040,9002,鈴木 花子,0,99,98.0,0,0.0,2026/05/14 08:30:00,2026/05/14 09:32:14,,,,,,完了,2026/05/14 09:32:14
CASE-PO-000874,CASE-PN-000874,1,CASE-PO-000874_1,部品準備,A010,MB000101,MG001,WC000051,74,45,10,55,2026/06/08 08:30:00,2026/06/08 09:25:00,,EQ-A010,9002,鈴木 花子,10,72,97.3,0,0.0,2026/06/08 08:30:00,2026/06/08 09:25:38,,,,,,完了,2026/06/08 09:25:38
CASE-PO-000874,CASE-PN-000874,2,CASE-PO-000874_2,一次組立,A020,MB000101,MG001,WC000052,74,180,25,205,2026/06/08 10:55:33,2026/06/08 14:20:33,,EQ-A020,9002,鈴木 花子,25,72,97.3,1,1.4,2026/06/08 10:55:33,2026/06/08 13:41:29,,,,,,完了,2026/06/08 13:41:29
CASE-PO-000874,CASE-PN-000874,3,CASE-PO-000874_3,二次組立,A030,MB000101,MG001,WC000053,74,150,20,170,2026/06/08 17:21:19,2026/06/09 11:11:00,,EQ-A030,9002,鈴木 花子,20,73,98.6,1,1.4,,2026/06/09 11:00:01,,,,,,完了,2026/06/09 11:00:01
CASE-PO-000874,CASE-PN-000874,4,CASE-PO-000874_4,完成検査,A040,MB000101,MG001,WC000054,74,60,0,60,2026/06/09 17:11:51,2026/06/10 09:11:00,,EQ-A040,9002,鈴木 花子,0,72,97.3,1,1.4,2026/06/09 17:11:51,2026/06/10 09:19:30,,,,,,完了,2026/06/10 09:19:30
CASE-PO-000875,CASE-PN-000875,1,CASE-PO-000875_1,部品準備,A010,MB000101,MG001,WC000051,62,45,10,55,2026/06/26 08:30:00,2026/06/26 09:25:00,,EQ-A010,9004,田中 三郎,10,61,98.4,0,0.0,2026/06/26 08:30:00,2026/06/26 09:22:50,,,,,,完了,2026/06/26 09:22:50
CASE-PO-000875,CASE-PN-000875,2,CASE-PO-000875_2,一次組立,A020,MB000101,MG001,WC000052,62,180,25,205,2026/06/26 15:16:45,2026/06/29 09:41:00,,EQ-A020,9004,田中 三郎,25,61,98.4,1,1.6,2026/06/26 15:16:45,2026/06/29 09:34:50,,,,,,完了,2026/06/29 09:34:50
CASE-PO-000875,CASE-PN-000875,3,CASE-PO-000875_3,二次組立,A030,MB000101,MG001,WC000053,62,150,20,170,2026/06/29 15:50:29,2026/06/30 09:40:00,,EQ-A030,9004,田中 三郎,20,61,98.4,0,0.0,2026/06/29 15:50:29,2026/06/30 09:50:42,,,,,,完了,2026/06/30 09:50:42
CASE-PO-000875,CASE-PN-000875,4,CASE-PO-000875_4,完成検査,A040,MB000101,MG001,WC000054,62,60,0,60,2026/06/30 17:41:04,2026/07/01 09:30:00,,EQ-A040,9004,田中 三郎,0,60,96.8,1,1.6,2026/07/01 08:30:00,2026/07/01 09:35:36,,,,,,完了,2026/07/01 09:35:36
CASE-PO-000876,CASE-PN-000876,1,CASE-PO-000876_1,部品準備,A010,MB000102,MG001,WC000051,70,45,10,55,2026/06/10 08:30:00,2026/06/10 09:25:00,,EQ-A010,9004,田中 三郎,10,69,98.6,1,1.4,2026/06/10 08:30:00,2026/06/10 09:16:20,,,,,,完了,2026/06/10 09:16:20
CASE-PO-000876,CASE-PN-000876,2,CASE-PO-000876_2,一次組立,A020,MB000102,MG001,WC000052,70,180,25,205,2026/06/10 12:58:19,2026/06/10 16:23:19,,EQ-A020,9004,田中 三郎,25,69,98.6,0,0.0,2026/06/10 12:58:19,2026/06/10 16:30:45,,,,,,完了,2026/06/10 16:30:45
CASE-PO-000876,CASE-PN-000876,3,CASE-PO-000876_3,二次組立,A030,MB000102,MG001,WC000053,70,150,20,170,2026/06/10 18:32:29,2026/06/11 11:20:00,,EQ-A030,9004,田中 三郎,20,70,100.0,0,0.0,2026/06/11 08:30:00,2026/06/11 10:41:38,,,,,,完了,2026/06/11 10:41:38
CASE-PO-000876,CASE-PN-000876,4,CASE-PO-000876_4,完成検査,A040,MB000102,MG001,WC000054,70,60,0,60,2026/06/11 19:35:19,2026/06/12 09:30:00,,EQ-A040,9004,田中 三郎,0,68,97.1,0,0.0,2026/06/12 08:30:00,2026/06/12 09:43:46,,,,,,完了,2026/06/12 09:43:46
CASE-PO-000877,CASE-PN-000877,1,CASE-PO-000877_1,部品準備,A010,MB000101,MG001,WC000051,101,45,10,55,2026/06/22 08:30:00,2026/06/22 09:25:00,,EQ-A010,9003,佐藤 次郎,10,99,98.0,0,0.0,2026/06/22 08:30:00,2026/06/22 09:18:11,,,,,,完了,2026/06/22 09:18:11
CASE-PO-000877,CASE-PN-000877,2,CASE-PO-000877_2,一次組立,A020,MB000101,MG001,WC000052,101,180,25,205,2026/06/22 17:10:18,2026/06/23 11:35:00,,EQ-A020,9003,佐藤 次郎,25,101,100.0,1,1.0,2026/06/22 17:10:18,2026/06/23 11:28:07,,,,,,完了,2026/06/23 11:28:07
CASE-PO-000877,CASE-PN-000877,3,CASE-PO-000877_3,二次組立,A030,MB000101,MG001,WC000053,101,150,20,170,2026/06/23 15:22:32,2026/06/24 09:12:00,,EQ-A030,9003,佐藤 次郎,20,98,97.0,1,1.0,2026/06/23 15:22:32,2026/06/24 09:09:39,,,,,,完了,2026/06/24 09:09:39
CASE-PO-000877,CASE-PN-000877,4,CASE-PO-000877_4,完成検査,A040,MB000101,MG001,WC000054,101,60,0,60,2026/06/24 17:36:40,2026/06/25 09:30:00,,EQ-A040,9003,佐藤 次郎,0,100,99.0,1,1.0,2026/06/25 08:30:00,2026/06/25 09:21:55,,,,,,完了,2026/06/25 09:21:55
CASE-PO-000878,CASE-PN-000878,1,CASE-PO-000878_1,部品準備,A010,MB000102,MG001,WC000051,76,45,10,55,2026/07/06 08:30:00,2026/07/06 09:25:00,,EQ-A010,9002,鈴木 花子,10,76,100.0,1,1.3,2026/07/06 08:30:00,2026/07/06 09:09:42,,,,,,完了,2026/07/06 09:09:42
CASE-PO-000878,CASE-PN-000878,2,CASE-PO-000878_2,一次組立,A020,MB000102,MG001,WC000052,76,180,25,205,2026/07/06 10:31:47,2026/07/06 13:56:47,,EQ-A020,9002,鈴木 花子,25,76,100.0,1,1.3,2026/07/06 10:31:47,2026/07/06 14:09:05,,,,,,完了,2026/07/06 14:09:05
CASE-PO-000878,CASE-PN-000878,3,CASE-PO-000878_3,二次組立,A030,MB000102,MG001,WC000053,76,150,20,170,2026/07/06 17:37:55,2026/07/07 11:20:00,,EQ-A030,9002,鈴木 花子,20,76,100.0,1,1.3,2026/07/07 08:30:00,2026/07/07 11:22:33,,,,,,完了,2026/07/07 11:22:33
CASE-PO-000878,CASE-PN-000878,4,CASE-PO-000878_4,完成検査,A040,MB000102,MG001,WC000054,76,60,0,60,2026/07/07 19:32:08,2026/07/08 09:30:00,,EQ-A040,9002,鈴木 花子,0,75,98.7,0,0.0,2026/07/08 08:30:00,2026/07/08 09:30:01,,,,,,完了,2026/07/08 09:30:01
CASE-PO-000879,CASE-PN-000879,1,CASE-PO-000879_1,部品準備,A010,MB000101,MG001,WC000051,106,45,10,55,2026/06/22 08:30:00,2026/06/22 09:25:00,,EQ-A010,9005,高橋 四郎,10,105,99.1,1,0.9,2026/06/22 08:30:00,2026/06/22 09:18:52,,,,,,完了,2026/06/22 09:18:52
CASE-PO-000879,CASE-PN-000879,2,CASE-PO-000879_2,一次組立,A020,MB000101,MG001,WC000052,106,180,25,205,2026/06/22 11:24:10,2026/06/22 14:49:10,,EQ-A020,9005,高橋 四郎,25,103,97.2,1,0.9,2026/06/22 11:24:10,2026/06/22 14:06:39,,,,,,完了,2026/06/22 14:06:39
CASE-PO-000879,CASE-PN-000879,3,CASE-PO-000879_3,二次組立,A030,MB000101,MG001,WC000053,106,150,20,170,2026/06/22 20:40:29,2026/06/23 11:20:00,,EQ-A030,9005,高橋 四郎,20,105,99.1,2,1.9,2026/06/23 08:30:00,2026/06/23 11:32:33,,,,,,完了,2026/06/23 11:32:33
CASE-PO-000879,CASE-PN-000879,4,CASE-PO-000879_4,完成検査,A040,MB000101,MG001,WC000054,106,60,0,60,2026/06/23 20:52:39,2026/06/24 09:30:00,,EQ-A040,9005,高橋 四郎,0,104,98.1,2,1.9,2026/06/24 08:30:00,2026/06/24 09:32:34,,,,,,完了,2026/06/24 09:32:34
CASE-PO-000880,CASE-PN-000880,1,CASE-PO-000880_1,部品準備,A010,MB000101,MG001,WC000051,118,45,10,55,2026/05/11 08:30:00,2026/05/11 09:25:00,,EQ-A010,9001,山田 太郎,10,116,98.3,1,0.8,2026/05/11 08:30:00,2026/05/11 09:17:25,,,,,,完了,2026/05/11 09:17:25
CASE-PO-000880,CASE-PN-000880,2,CASE-PO-000880_2,一次組立,A020,MB000101,MG001,WC000052,118,180,25,205,2026/05/11 10:30:32,2026/05/11 13:55:32,,EQ-A020,9001,山田 太郎,25,115,97.5,1,0.8,2026/05/11 10:30:32,2026/05/11 13:49:01,,,,,,完了,2026/05/11 13:49:01
CASE-PO-000880,CASE-PN-000880,3,CASE-PO-000880_3,二次組立,A030,MB000101,MG001,WC000053,118,150,20,170,2026/05/11 22:18:12,2026/05/12 11:20:00,,EQ-A030,9001,山田 太郎,20,115,97.5,0,0.0,2026/05/12 08:30:00,2026/05/12 11:20:38,,,,,,完了,2026/05/12 11:20:38
CASE-PO-000880,CASE-PN-000880,4,CASE-PO-000880_4,完成検査,A040,MB000101,MG001,WC000054,118,60,0,60,2026/05/12 20:27:02,2026/05/13 09:30:00,,EQ-A040,9001,山田 太郎,0,116,98.3,1,0.8,2026/05/13 08:30:00,2026/05/13 09:21:40,,,,,,完了,2026/05/13 09:21:40
CASE-PO-000881,CASE-PN-000881,1,CASE-PO-000881_1,部品準備,A010,MB000101,MG001,WC000051,59,45,10,55,2026/05/11 08:30:00,2026/05/11 09:25:00,,EQ-A010,9005,高橋 四郎,10,57,96.6,0,0.0,2026/05/11 08:30:00,2026/05/11 09:15:29,,,,,,完了,2026/05/11 09:15:29
CASE-PO-000881,CASE-PN-000881,2,CASE-PO-000881_2,一次組立,A020,MB000101,MG001,WC000052,59,180,25,205,2026/05/11 15:32:51,2026/05/12 09:57:00,,EQ-A020,9005,高橋 四郎,25,58,98.3,0,0.0,2026/05/11 15:32:51,2026/05/12 09:40:36,,,,,,完了,2026/05/12 09:40:36
CASE-PO-000881,CASE-PN-000881,3,CASE-PO-000881_3,二次組立,A030,MB000101,MG001,WC000053,59,150,20,170,2026/05/12 18:19:22,2026/05/13 11:20:00,,EQ-A030,9005,高橋 四郎,20,58,98.3,0,0.0,2026/05/13 08:30:00,2026/05/13 11:35:44,,,,,,完了,2026/05/13 11:35:44
CASE-PO-000881,CASE-PN-000881,4,CASE-PO-000881_4,完成検査,A040,MB000101,MG001,WC000054,59,60,0,60,2026/05/13 16:16:46,2026/05/13 17:16:46,,EQ-A040,9005,高橋 四郎,0,58,98.3,0,0.0,2026/05/13 16:16:46,2026/05/13 17:16:19,,,,,,完了,2026/05/13 17:16:19
CASE-PO-000882,CASE-PN-000882,1,CASE-PO-000882_1,部品準備,A010,MB000102,MG001,WC000051,61,45,10,55,2026/06/22 08:30:00,2026/06/22 09:25:00,,EQ-A010,9002,鈴木 花子,10,61,100.0,0,0.0,2026/06/22 08:30:00,2026/06/22 09:10:12,,,,,,完了,2026/06/22 09:10:12
CASE-PO-000882,CASE-PN-000882,2,CASE-PO-000882_2,一次組立,A020,MB000102,MG001,WC000052,61,180,25,205,2026/06/22 15:28:59,2026/06/23 09:53:00,,EQ-A020,9002,鈴木 花子,25,60,98.4,1,1.6,2026/06/22 15:28:59,2026/06/23 09:43:50,,,,,,完了,2026/06/23 09:43:50
CASE-PO-000882,CASE-PN-000882,3,CASE-PO-000882_3,二次組立,A030,MB000102,MG001,WC000053,61,150,20,170,2026/06/23 15:29:50,2026/06/24 09:19:00,,EQ-A030,9002,鈴木 花子,20,60,98.4,1,1.6,2026/06/23 15:29:50,2026/06/24 09:13:20,,,,,,完了,2026/06/24 09:13:20
CASE-PO-000882,CASE-PN-000882,4,CASE-PO-000882_4,完成検査,A040,MB000102,MG001,WC000054,61,60,0,60,2026/06/24 13:09:42,2026/06/24 14:09:42,,EQ-A040,9002,鈴木 花子,0,60,98.4,0,0.0,2026/06/24 13:09:42,2026/06/24 14:09:25,,,,,,完了,2026/06/24 14:09:25
CASE-PO-000883,CASE-PN-000883,1,CASE-PO-000883_1,部品準備,A010,MB000101,MG001,WC000051,75,45,10,55,2026/05/21 08:30:00,2026/05/21 09:25:00,,EQ-A010,9003,佐藤 次郎,10,75,100.0,0,0.0,2026/05/21 08:30:00,2026/05/21 09:22:51,,,,,,完了,2026/05/21 09:22:51
CASE-PO-000883,CASE-PN-000883,2,CASE-PO-000883_2,一次組立,A020,MB000101,MG001,WC000052,75,180,25,205,2026/05/21 14:56:36,2026/05/22 09:21:00,,EQ-A020,9003,佐藤 次郎,25,74,98.7,0,0.0,2026/05/21 14:56:36,2026/05/22 09:19:28,,,,,,完了,2026/05/22 09:19:28
CASE-PO-000883,CASE-PN-000883,3,CASE-PO-000883_3,二次組立,A030,MB000101,MG001,WC000053,75,150,20,170,2026/05/22 19:09:59,2026/05/25 11:20:00,,EQ-A030,9003,佐藤 次郎,20,73,97.3,1,1.3,2026/05/25 08:30:00,2026/05/25 11:12:00,,,,,,完了,2026/05/25 11:12:00
CASE-PO-000883,CASE-PN-000883,4,CASE-PO-000883_4,完成検査,A040,MB000101,MG001,WC000054,75,60,0,60,2026/05/25 20:40:42,2026/05/26 09:30:00,,EQ-A040,9003,佐藤 次郎,0,74,98.7,0,0.0,2026/05/26 08:30:00,2026/05/26 09:28:23,,,,,,完了,2026/05/26 09:28:23
CASE-PO-000884,CASE-PN-000884,1,CASE-PO-000884_1,部品準備,A010,MB000102,MG001,WC000051,186,45,10,55,2026/05/12 08:30:00,2026/05/12 09:25:00,,EQ-A010,9002,鈴木 花子,10,185,99.5,3,1.6,2026/05/12 08:30:00,2026/05/12 09:21:01,,,,,,完了,2026/05/12 09:21:01
CASE-PO-000884,CASE-PN-000884,2,CASE-PO-000884_2,一次組立,A020,MB000102,MG001,WC000052,186,180,25,205,2026/05/12 10:28:03,2026/05/12 13:53:03,,EQ-A020,9002,鈴木 花子,25,183,98.4,0,0.0,2026/05/12 10:28:03,2026/05/12 13:46:00,,,,,,完了,2026/05/12 13:46:00
CASE-PO-000884,CASE-PN-000884,3,CASE-PO-000884_3,二次組立,A030,MB000102,MG001,WC000053,186,150,20,170,2026/05/12 15:56:21,2026/05/13 09:46:00,,EQ-A030,9002,鈴木 花子,20,184,98.9,1,0.5,2026/05/12 15:56:21,2026/05/13 09:52:56,,,,,,完了,2026/05/13 09:52:56
CASE-PO-000884,CASE-PN-000884,4,CASE-PO-000884_4,完成検査,A040,MB000102,MG001,WC000054,186,60,0,60,2026/05/13 17:10:03,2026/05/14 09:10:00,,EQ-A040,9002,鈴木 花子,0,184,98.9,2,1.1,2026/05/13 17:10:03,2026/05/14 09:15:04,,,,,,完了,2026/05/14 09:15:04
CASE-PO-000885,CASE-PN-000885,1,CASE-PO-000885_1,部品準備,A010,MB000103,MG001,WC000051,66,45,10,55,2026/06/09 08:30:00,2026/06/09 09:25:00,,EQ-A010,9005,高橋 四郎,10,64,97.0,1,1.5,2026/06/09 08:30:00,2026/06/09 09:19:23,,,,,,完了,2026/06/09 09:19:23
CASE-PO-000885,CASE-PN-000885,2,CASE-PO-000885_2,一次組立,A020,MB000103,MG001,WC000052,66,180,25,205,2026/06/09 13:10:06,2026/06/09 16:35:06,,EQ-A020,9005,高橋 四郎,25,65,98.5,1,1.5,2026/06/09 13:10:06,2026/06/09 15:54:11,,,,,,完了,2026/06/09 15:54:11
CASE-PO-000885,CASE-PN-000885,3,CASE-PO-000885_3,二次組立,A030,MB000103,MG001,WC000053,66,150,20,170,2026/06/09 19:21:42,2026/06/10 11:20:00,,EQ-A030,9005,高橋 四郎,20,65,98.5,0,0.0,2026/06/10 08:30:00,2026/06/10 10:47:38,,,,,,完了,2026/06/10 10:47:38
CASE-PO-000885,CASE-PN-000885,4,CASE-PO-000885_4,完成検査,A040,MB000103,MG001,WC000054,66,60,0,60,2026/06/10 19:39:55,2026/06/11 09:30:00,,EQ-A040,9005,高橋 四郎,,,,,,2026/06/11 08:30:00,,,,,,,生産中,2026/06/11 09:30:00
CASE-PO-000886,CASE-PN-000886,1,CASE-PO-000886_1,部品準備,A010,MB000103,MG001,WC000051,46,45,10,55,2026/05/13 08:30:00,2026/05/13 09:25:00,,EQ-A010,9004,田中 三郎,10,45,97.8,1,2.2,2026/05/13 08:30:00,2026/05/13 09:18:09,,,,,,完了,2026/05/13 09:18:09
CASE-PO-000886,CASE-PN-000886,2,CASE-PO-000886_2,一次組立,A020,MB000103,MG001,WC000052,46,180,25,205,2026/05/13 10:22:46,2026/05/13 13:47:46,,EQ-A020,9004,田中 三郎,25,45,97.8,1,2.2,2026/05/13 10:22:46,2026/05/13 13:14:49,,,,,,完了,2026/05/13 13:14:49
CASE-PO-000886,CASE-PN-000886,3,CASE-PO-000886_3,二次組立,A030,MB000103,MG001,WC000053,46,150,20,170,2026/05/13 16:40:29,2026/05/14 10:30:00,,EQ-A030,9004,田中 三郎,20,45,97.8,1,2.2,2026/05/13 16:40:29,2026/05/14 10:09:37,,,,,,完了,2026/05/14 10:09:37
CASE-PO-000886,CASE-PN-000886,4,CASE-PO-000886_4,完成検査,A040,MB000103,MG001,WC000054,46,60,0,60,2026/05/14 11:20:18,2026/05/14 12:20:18,,EQ-A040,9004,田中 三郎,0,46,100.0,0,0.0,2026/05/14 11:20:18,2026/05/14 12:17:15,,,,,,完了,2026/05/14 12:17:15
CASE-PO-000887,CASE-PN-000887,1,CASE-PO-000887_1,部品準備,A010,MB000102,MG001,WC000051,81,45,10,55,2026/06/15 08:30:00,2026/06/15 09:25:00,,EQ-A010,9005,高橋 四郎,10,80,98.8,1,1.2,2026/06/15 08:30:00,2026/06/15 09:11:57,,,,,,完了,2026/06/15 09:11:57
CASE-PO-000887,CASE-PN-000887,2,CASE-PO-000887_2,一次組立,A020,MB000102,MG001,WC000052,81,180,25,205,2026/06/15 12:24:22,2026/06/15 15:49:22,,EQ-A020,9005,高橋 四郎,25,79,97.5,1,1.2,2026/06/15 12:24:22,2026/06/15 15:31:18,,,,,,完了,2026/06/15 15:31:18
CASE-PO-000887,CASE-PN-000887,3,CASE-PO-000887_3,二次組立,A030,MB000102,MG001,WC000053,81,150,20,170,2026/06/15 18:57:12,2026/06/16 11:20:00,,EQ-A030,9005,高橋 四郎,20,80,98.8,1,1.2,2026/06/16 08:30:00,2026/06/16 10:59:14,,,,,,完了,2026/06/16 10:59:14
CASE-PO-000887,CASE-PN-000887,4,CASE-PO-000887_4,完成検査,A040,MB000102,MG001,WC000054,81,60,0,60,2026/06/16 17:10:32,2026/06/17 09:10:00,,EQ-A040,9005,高橋 四郎,0,79,97.5,1,1.2,2026/06/16 17:10:32,2026/06/17 09:20:41,,,,,,完了,2026/06/17 09:20:41
CASE-PO-000888,CASE-PN-000888,1,CASE-PO-000888_1,部品準備,A010,MB000103,MG001,WC000051,48,45,10,55,2026/06/30 08:30:00,2026/06/30 09:25:00,,EQ-A010,9001,山田 太郎,10,47,97.9,1,2.1,2026/06/30 08:30:00,2026/06/30 09:24:17,,,,,,完了,2026/06/30 09:24:17
CASE-PO-000888,CASE-PN-000888,2,CASE-PO-000888_2,一次組立,A020,MB000103,MG001,WC000052,48,180,25,205,2026/06/30 13:08:52,2026/06/30 16:33:52,,EQ-A020,9001,山田 太郎,25,48,100.0,1,2.1,2026/06/30 13:08:52,2026/06/30 15:58:19,,,,,,完了,2026/06/30 15:58:19
CASE-PO-000888,CASE-PN-000888,3,CASE-PO-000888_3,二次組立,A030,MB000103,MG001,WC000053,48,150,20,170,2026/06/30 23:27:46,2026/07/01 11:20:00,,EQ-A030,9001,山田 太郎,20,48,100.0,1,2.1,2026/07/01 08:30:00,2026/07/01 10:46:15,,,,,,完了,2026/07/01 10:46:15
CASE-PO-000888,CASE-PN-000888,4,CASE-PO-000888_4,完成検査,A040,MB000103,MG001,WC000054,48,60,0,60,2026/07/01 19:38:54,2026/07/02 09:30:00,,EQ-A040,9001,山田 太郎,0,47,97.9,1,2.1,2026/07/02 08:30:00,2026/07/02 09:25:36,,,,,,完了,2026/07/02 09:25:36
CASE-PO-000889,CASE-PN-000889,1,CASE-PO-000889_1,部品準備,A010,MB000101,MG001,WC000051,89,45,10,55,2026/05/27 08:30:00,2026/05/27 09:25:00,,EQ-A010,9001,山田 太郎,10,88,98.9,2,2.2,2026/05/27 08:30:00,2026/05/27 09:11:09,,,,,,完了,2026/05/27 09:11:09
CASE-PO-000889,CASE-PN-000889,2,CASE-PO-000889_2,一次組立,A020,MB000101,MG001,WC000052,89,180,25,205,2026/05/27 17:07:30,2026/05/28 11:32:00,,EQ-A020,9001,山田 太郎,25,89,100.0,0,0.0,2026/05/27 17:07:30,2026/05/28 10:53:51,,,,,,完了,2026/05/28 10:53:51
CASE-PO-000889,CASE-PN-000889,3,CASE-PO-000889_3,二次組立,A030,MB000101,MG001,WC000053,89,150,20,170,2026/05/28 19:15:09,2026/05/29 11:20:00,,EQ-A030,9001,山田 太郎,20,87,97.8,0,0.0,2026/05/29 08:30:00,2026/05/29 10:54:47,,,,,,完了,2026/05/29 10:54:47
CASE-PO-000889,CASE-PN-000889,4,CASE-PO-000889_4,完成検査,A040,MB000101,MG001,WC000054,89,60,0,60,2026/05/29 12:38:59,2026/05/29 13:38:59,,EQ-A040,9001,山田 太郎,0,88,98.9,2,2.2,2026/05/29 12:38:59,2026/05/29 13:47:55,,,,,,完了,2026/05/29 13:47:55
CASE-PO-000890,CASE-PN-000890,1,CASE-PO-000890_1,部品準備,A010,MB000103,MG001,WC000051,64,45,10,55,2026/06/01 08:30:00,2026/06/01 09:25:00,,EQ-A010,9001,山田 太郎,10,63,98.4,1,1.6,2026/06/01 08:30:00,2026/06/01 09:23:05,,,,,,完了,2026/06/01 09:23:05
CASE-PO-000890,CASE-PN-000890,2,CASE-PO-000890_2,一次組立,A020,MB000103,MG001,WC000052,64,180,25,205,2026/06/01 12:14:21,2026/06/01 15:39:21,,EQ-A020,9001,山田 太郎,25,64,100.0,0,0.0,2026/06/01 12:14:21,2026/06/01 15:04:57,,,,,,完了,2026/06/01 15:04:57
CASE-PO-000890,CASE-PN-000890,3,CASE-PO-000890_3,二次組立,A030,MB000103,MG001,WC000053,64,150,20,170,2026/06/01 21:37:41,2026/06/02 11:20:00,,EQ-A030,9001,山田 太郎,20,63,98.4,1,1.6,2026/06/02 08:30:00,2026/06/02 10:39:39,,,,,,完了,2026/06/02 10:39:39
CASE-PO-000890,CASE-PN-000890,4,CASE-PO-000890_4,完成検査,A040,MB000103,MG001,WC000054,64,60,0,60,2026/06/02 13:44:52,2026/06/02 14:44:52,,EQ-A040,9001,山田 太郎,0,63,98.4,1,1.6,2026/06/02 13:44:52,2026/06/02 14:47:19,,,,,,完了,2026/06/02 14:47:19
CASE-PO-000891,CASE-PN-000891,1,CASE-PO-000891_1,部品準備,A010,MB000102,MG001,WC000051,127,45,10,55,2026/05/18 08:30:00,2026/05/18 09:25:00,,EQ-A010,9005,高橋 四郎,10,124,97.6,1,0.8,2026/05/18 08:30:00,2026/05/18 09:19:23,,,,,,完了,2026/05/18 09:19:23
CASE-PO-000891,CASE-PN-000891,2,CASE-PO-000891_2,一次組立,A020,MB000102,MG001,WC000052,127,180,25,205,2026/05/18 10:57:07,2026/05/18 14:22:07,,EQ-A020,9005,高橋 四郎,25,125,98.4,2,1.6,2026/05/18 10:57:07,2026/05/18 13:46:24,,,,,,完了,2026/05/18 13:46:24
CASE-PO-000891,CASE-PN-000891,3,CASE-PO-000891_3,二次組立,A030,MB000102,MG001,WC000053,127,150,20,170,2026/05/18 21:27:58,2026/05/19 11:20:00,,EQ-A030,9005,高橋 四郎,20,124,97.6,1,0.8,2026/05/19 08:30:00,2026/05/19 10:46:18,,,,,,完了,2026/05/19 10:46:18
CASE-PO-000891,CASE-PN-000891,4,CASE-PO-000891_4,完成検査,A040,MB000102,MG001,WC000054,127,60,0,60,2026/05/19 14:18:01,2026/05/19 15:18:01,,EQ-A040,9005,高橋 四郎,0,126,99.2,2,1.6,2026/05/19 14:18:01,2026/05/19 15:15:57,,,,,,完了,2026/05/19 15:15:57
CASE-PO-000892,CASE-PN-000892,1,CASE-PO-000892_1,部品準備,A010,MB000103,MG001,WC000051,56,45,10,55,2026/06/10 08:30:00,2026/06/10 09:25:00,,EQ-A010,9005,高橋 四郎,10,56,100.0,0,0.0,2026/06/10 08:30:00,2026/06/10 09:25:27,,,,,,完了,2026/06/10 09:25:27
CASE-PO-000892,CASE-PN-000892,2,CASE-PO-000892_2,一次組立,A020,MB000103,MG001,WC000052,56,180,25,205,2026/06/10 14:51:32,2026/06/11 09:16:00,,EQ-A020,9005,高橋 四郎,25,55,98.2,0,0.0,2026/06/10 14:51:32,2026/06/11 09:22:55,,,,,,完了,2026/06/11 09:22:55
CASE-PO-000892,CASE-PN-000892,3,CASE-PO-000892_3,二次組立,A030,MB000103,MG001,WC000053,56,150,20,170,2026/06/11 14:56:43,2026/06/12 08:46:00,,EQ-A030,9005,高橋 四郎,20,56,100.0,0,0.0,2026/06/11 14:56:43,2026/06/11 17:11:52,,,,,,完了,2026/06/11 17:11:52
CASE-PO-000892,CASE-PN-000892,4,CASE-PO-000892_4,完成検査,A040,MB000103,MG001,WC000054,56,60,0,60,2026/06/12 02:41:32,2026/06/12 09:30:00,,EQ-A040,9005,高橋 四郎,0,55,98.2,1,1.8,2026/06/12 08:30:00,2026/06/12 09:37:02,,,,,,完了,2026/06/12 09:37:02
CASE-PO-000893,CASE-PN-000893,1,CASE-PO-000893_1,部品準備,A010,MB000102,MG001,WC000051,61,45,10,55,2026/06/22 08:30:00,2026/06/22 09:25:00,,EQ-A010,9003,佐藤 次郎,10,61,100.0,0,0.0,2026/06/22 08:30:00,2026/06/22 09:21:27,,,,,,完了,2026/06/22 09:21:27
CASE-PO-000893,CASE-PN-000893,2,CASE-PO-000893_2,一次組立,A020,MB000102,MG001,WC000052,61,180,25,205,2026/06/22 11:07:26,2026/06/22 14:32:26,,EQ-A020,9003,佐藤 次郎,,,,,,2026/06/22 11:07:26,,,,,,,生産中,2026/06/22 14:32:26
CASE-PO-000893,CASE-PN-000893,3,CASE-PO-000893_3,二次組立,A030,MB000102,MG001,WC000053,61,150,20,170,2026/06/22 22:36:23,2026/06/23 11:20:00,,EQ-A030,9003,佐藤 次郎,,,,,,,,,,,,,開始待ち,2026/06/23 11:20:00
CASE-PO-000893,CASE-PN-000893,4,CASE-PO-000893_4,完成検査,A040,MB000102,MG001,WC000054,61,60,0,60,2026/06/23 16:17:35,2026/06/23 17:17:35,,EQ-A040,9003,佐藤 次郎,,,,,,,,,,,,,開始待ち,2026/06/23 17:17:35
CASE-PO-000894,CASE-PN-000894,1,CASE-PO-000894_1,部品準備,A010,MB000102,MG001,WC000051,150,45,10,55,2026/06/24 08:30:00,2026/06/24 09:25:00,,EQ-A010,9003,佐藤 次郎,10,147,98.0,1,0.7,2026/06/24 08:30:00,2026/06/24 09:25:40,,,,,,完了,2026/06/24 09:25:40
CASE-PO-000894,CASE-PN-000894,2,CASE-PO-000894_2,一次組立,A020,MB000102,MG001,WC000052,150,180,25,205,2026/06/24 15:15:38,2026/06/25 09:40:00,,EQ-A020,9003,佐藤 次郎,25,148,98.7,3,2.0,2026/06/24 15:15:38,2026/06/25 08:56:49,,,,,,完了,2026/06/25 08:56:49
CASE-PO-000894,CASE-PN-000894,3,CASE-PO-000894_3,二次組立,A030,MB000102,MG001,WC000053,150,150,20,170,2026/06/25 16:24:47,2026/06/26 10:14:00,,EQ-A030,9003,佐藤 次郎,20,149,99.3,2,1.3,2026/06/25 16:24:47,2026/06/26 10:17:28,,,,,,完了,2026/06/26 10:17:28
CASE-PO-000894,CASE-PN-000894,4,CASE-PO-000894_4,完成検査,A040,MB000102,MG001,WC000054,150,60,0,60,2026/06/26 19:23:27,2026/06/29 09:30:00,,EQ-A040,9003,佐藤 次郎,0,150,100.0,1,0.7,2026/06/29 08:30:00,2026/06/29 09:44:32,,,,,,完了,2026/06/29 09:44:32
CASE-PO-000895,CASE-PN-000895,1,CASE-PO-000895_1,部品準備,A010,MB000102,MG001,WC000051,103,45,10,55,2026/06/23 08:30:00,2026/06/23 09:25:00,,EQ-A010,9002,鈴木 花子,10,102,99.0,1,1.0,2026/06/23 08:30:00,2026/06/23 09:18:32,,,,,,完了,2026/06/23 09:18:32
CASE-PO-000895,CASE-PN-000895,2,CASE-PO-000895_2,一次組立,A020,MB000102,MG001,WC000052,103,180,25,205,2026/06/23 15:59:15,2026/06/24 10:24:00,,EQ-A020,9002,鈴木 花子,25,100,97.1,2,1.9,2026/06/23 15:59:15,2026/06/24 10:37:28,,,,,,完了,2026/06/24 10:37:28
CASE-PO-000895,CASE-PN-000895,3,CASE-PO-000895_3,二次組立,A030,MB000102,MG001,WC000053,103,150,20,170,2026/06/24 14:38:17,2026/06/24 17:28:17,,EQ-A030,9002,鈴木 花子,20,100,97.1,2,1.9,2026/06/24 14:38:17,2026/06/25 08:31:25,,,,,,完了,2026/06/25 08:31:25
CASE-PO-000895,CASE-PN-000895,4,CASE-PO-000895_4,完成検査,A040,MB000102,MG001,WC000054,103,60,0,60,2026/06/25 10:31:20,2026/06/25 11:31:20,,EQ-A040,9002,鈴木 花子,0,102,99.0,1,1.0,2026/06/25 10:31:20,2026/06/25 11:39:26,,,,,,完了,2026/06/25 11:39:26
CASE-PO-000896,CASE-PN-000896,1,CASE-PO-000896_1,部品準備,A010,MB000102,MG001,WC000051,130,45,10,55,2026/06/22 08:30:00,2026/06/22 09:25:00,,EQ-A010,9003,佐藤 次郎,10,129,99.2,2,1.5,2026/06/22 08:30:00,2026/06/22 09:17:06,,,,,,完了,2026/06/22 09:17:06
CASE-PO-000896,CASE-PN-000896,2,CASE-PO-000896_2,一次組立,A020,MB000102,MG001,WC000052,130,180,25,205,2026/06/22 14:26:48,2026/06/23 08:51:00,,EQ-A020,9003,佐藤 次郎,25,128,98.5,1,0.8,2026/06/22 14:26:48,2026/06/23 09:04:55,,,,,,完了,2026/06/23 09:04:55
CASE-PO-000896,CASE-PN-000896,3,CASE-PO-000896_3,二次組立,A030,MB000102,MG001,WC000053,130,150,20,170,2026/06/23 19:49:23,2026/06/24 11:20:00,,EQ-A030,9003,佐藤 次郎,20,128,98.5,0,0.0,2026/06/24 08:30:00,2026/06/24 11:04:31,,,,,,完了,2026/06/24 11:04:31
CASE-PO-000896,CASE-PN-000896,4,CASE-PO-000896_4,完成検査,A040,MB000102,MG001,WC000054,130,60,0,60,2026/06/24 14:13:54,2026/06/24 15:13:54,,EQ-A040,9003,佐藤 次郎,0,129,99.2,3,2.3,2026/06/24 14:13:54,2026/06/24 15:05:37,,,,,,完了,2026/06/24 15:05:37
CASE-PO-000897,CASE-PN-000897,1,CASE-PO-000897_1,部品準備,A010,MB000103,MG001,WC000051,33,45,10,55,2026/05/28 08:30:00,2026/05/28 09:25:00,,EQ-A010,9002,鈴木 花子,10,33,100.0,0,0.0,2026/05/28 08:30:00,2026/05/28 09:22:01,,,,,,完了,2026/05/28 09:22:01
CASE-PO-000897,CASE-PN-000897,2,CASE-PO-000897_2,一次組立,A020,MB000103,MG001,WC000052,33,180,25,205,2026/05/28 15:23:26,2026/05/29 09:48:00,,EQ-A020,9002,鈴木 花子,25,32,97.0,0,0.0,2026/05/28 15:23:26,2026/05/29 09:08:27,,,,,,完了,2026/05/29 09:08:27
CASE-PO-000897,CASE-PN-000897,3,CASE-PO-000897_3,二次組立,A030,MB000103,MG001,WC000053,33,150,20,170,2026/05/29 17:05:16,2026/06/01 10:55:00,,EQ-A030,9002,鈴木 花子,20,33,100.0,1,3.0,2026/05/29 17:05:16,2026/06/01 10:43:01,,,,,,完了,2026/06/01 10:43:01
CASE-PO-000897,CASE-PN-000897,4,CASE-PO-000897_4,完成検査,A040,MB000103,MG001,WC000054,33,60,0,60,2026/06/01 17:00:16,2026/06/02 09:00:00,,EQ-A040,9002,鈴木 花子,0,32,97.0,1,3.0,2026/06/01 17:00:16,2026/06/02 08:54:54,,,,,,完了,2026/06/02 08:54:54
CASE-PO-000898,CASE-PN-000898,1,CASE-PO-000898_1,部品準備,A010,MB000103,MG001,WC000051,72,45,10,55,2026/06/22 08:30:00,2026/06/22 09:25:00,,EQ-A010,9002,鈴木 花子,10,71,98.6,1,1.4,2026/06/22 08:30:00,2026/06/22 09:13:04,,,,,,完了,2026/06/22 09:13:04
CASE-PO-000898,CASE-PN-000898,2,CASE-PO-000898_2,一次組立,A020,MB000103,MG001,WC000052,72,180,25,205,2026/06/22 12:28:07,2026/06/22 15:53:07,,EQ-A020,9002,鈴木 花子,25,72,100.0,0,0.0,2026/06/22 12:28:07,2026/06/22 15:18:08,,,,,,完了,2026/06/22 15:18:08
CASE-PO-000898,CASE-PN-000898,3,CASE-PO-000898_3,二次組立,A030,MB000103,MG001,WC000053,72,150,20,170,2026/06/23 01:30:12,2026/06/23 11:20:00,,EQ-A030,9002,鈴木 花子,20,72,100.0,1,1.4,2026/06/23 08:30:00,2026/06/23 10:57:24,,,,,,完了,2026/06/23 10:57:24
CASE-PO-000898,CASE-PN-000898,4,CASE-PO-000898_4,完成検査,A040,MB000103,MG001,WC000054,72,60,0,60,2026/06/23 14:17:49,2026/06/23 15:17:49,,EQ-A040,9002,鈴木 花子,0,71,98.6,1,1.4,2026/06/23 14:17:49,2026/06/23 15:17:11,,,,,,完了,2026/06/23 15:17:11
CASE-PO-000899,CASE-PN-000899,1,CASE-PO-000899_1,部品準備,A010,MB000101,MG001,WC000051,61,45,10,55,2026/06/29 08:30:00,2026/06/29 09:25:00,,EQ-A010,9001,山田 太郎,10,60,98.4,0,0.0,2026/06/29 08:30:00,2026/06/29 09:20:37,,,,,,完了,2026/06/29 09:20:37
CASE-PO-000899,CASE-PN-000899,2,CASE-PO-000899_2,一次組立,A020,MB000101,MG001,WC000052,61,180,25,205,2026/06/29 12:57:27,2026/06/29 16:22:27,,EQ-A020,9001,山田 太郎,25,60,98.4,0,0.0,2026/06/29 12:57:27,2026/06/29 16:39:13,,,,,,完了,2026/06/29 16:39:13
CASE-PO-000899,CASE-PN-000899,3,CASE-PO-000899_3,二次組立,A030,MB000101,MG001,WC000053,61,150,20,170,2026/06/29 21:42:01,2026/06/30 11:20:00,,EQ-A030,9001,山田 太郎,20,61,100.0,0,0.0,2026/06/30 08:30:00,2026/06/30 11:24:38,,,,,,完了,2026/06/30 11:24:38
CASE-PO-000899,CASE-PN-000899,4,CASE-PO-000899_4,完成検査,A040,MB000101,MG001,WC000054,61,60,0,60,2026/06/30 20:46:02,2026/07/01 09:30:00,,EQ-A040,9001,山田 太郎,0,59,96.7,0,0.0,2026/07/01 08:30:00,2026/07/01 09:40:27,,,,,,完了,2026/07/01 09:40:27
CASE-PO-000900,CASE-PN-000900,1,CASE-PO-000900_1,部品準備,A010,MB000103,MG001,WC000051,75,45,10,55,2026/05/07 08:30:00,2026/05/07 09:25:00,,EQ-A010,9003,佐藤 次郎,10,75,100.0,1,1.3,2026/05/07 08:30:00,2026/05/07 09:25:03,,,,,,完了,2026/05/07 09:25:03
CASE-PO-000900,CASE-PN-000900,2,CASE-PO-000900_2,一次組立,A020,MB000103,MG001,WC000052,75,180,25,205,2026/05/07 15:35:27,2026/05/08 10:00:00,,EQ-A020,9003,佐藤 次郎,25,73,97.3,1,1.3,2026/05/07 15:35:27,2026/05/08 09:36:54,,,,,,完了,2026/05/08 09:36:54
CASE-PO-000900,CASE-PN-000900,3,CASE-PO-000900_3,二次組立,A030,MB000103,MG001,WC000053,75,150,20,170,2026/05/08 12:44:32,2026/05/08 15:34:32,,EQ-A030,9003,佐藤 次郎,20,75,100.0,1,1.3,2026/05/08 12:44:32,2026/05/08 15:24:43,,,,,,完了,2026/05/08 15:24:43
CASE-PO-000900,CASE-PN-000900,4,CASE-PO-000900_4,完成検査,A040,MB000103,MG001,WC000054,75,60,0,60,2026/05/08 19:33:51,2026/05/11 09:30:00,,EQ-A040,9003,佐藤 次郎,0,74,98.7,1,1.3,2026/05/11 08:30:00,2026/05/11 09:32:24,,,,,,完了,2026/05/11 09:32:24
